[{"pk": 1, "model": "vendor.vendor", "fields": {"sam_address": "1105 WOODED ACRES STE 500", "pm_phone": "703-418-0636", "sam_activation_date": "2014-08-14T08:30:06Z", "sam_citystate": "WACO, TX 76710", "pm_email": "jearley@act-i.com", "sam_url": "http://www.act-i.com", "cm_email": "wward@act-i.com", "duns": "008050242", "pm_name": "Jeff Earley", "setasides": [], "name": "Advanced Concepts and Technologies International, LLC", "annual_revenue": "5400000", "cm_phone": "254-776-9511", "cage": "1C2H1", "sam_status": "ACTIVE", "number_of_employees": 55, "cm_name": "William Ward", "duns_4": "0080502420000", "sam_exclusion": false}}, {"pk": 2, "model": "vendor.vendor", "fields": {"sam_address": "8229 BOONE BLVD STE 520", "pm_phone": "240-538-8357", "sam_activation_date": "2014-02-24T16:30:19Z", "sam_citystate": "VIENNA, VA 22182", "pm_email": "Gary.bell@adstm.com", "sam_url": "http://www.astminc.com", "cm_email": "Jen.kim@adstm.com", "duns": "049192649", "pm_name": "Gary Bell", "setasides": [4, 5], "name": "Advanced Systems Technology and Management, Inc.", "annual_revenue": "5000000", "cm_phone": "703-821-0678", "cage": "1NU65", "sam_status": "ACTIVE", "number_of_employees": 35, "cm_name": "Jen Kim", "duns_4": "0491926490000", "sam_exclusion": false}}, {"pk": 3, "model": "vendor.vendor", "fields": {"sam_address": null, "pm_phone": "703-373-1163", "sam_activation_date": null, "sam_citystate": null, "pm_email": "sfrazier@amyx.com", "sam_url": null, "cm_email": "kmckinley@amyx.com", "duns": "136794802", "pm_name": "Steven Frazier", "setasides": [], "name": "AMYX, Inc.", "annual_revenue": "1600000", "cm_phone": "703-373-1436", "cage": null, "sam_status": null, "number_of_employees": 30, "cm_name": "Kristopher McKinley", "duns_4": "1367948020000", "sam_exclusion": null}}, {"pk": 4, "model": "vendor.vendor", "fields": {"sam_address": "1934 Old Gallows Rd Ste 502", "pm_phone": "571-248-7747", "sam_activation_date": "2013-11-15T18:15:05Z", "sam_citystate": "VIENNA, VA 22182", "pm_email": "scott.conrad@analyticstrategies.com", "sam_url": "HTTP://WWW.ANALYTICSTRATEGIES.COM", "cm_email": "david.rattay@analyticstrategies.com", "duns": "623876096", "pm_name": "Scott Conrad", "setasides": [1, 2], "name": "Analytic Strategies", "annual_revenue": "300000", "cm_phone": "571-248-7744", "cage": "4DZW4", "sam_status": "ACTIVE", "number_of_employees": 5, "cm_name": "David Rattay", "duns_4": "6238760960000", "sam_exclusion": false}}, {"pk": 5, "model": "vendor.vendor", "fields": {"sam_address": "235 East Main Street, Suite 107 ", "pm_phone": "925-790-0130 x 30", "sam_activation_date": "2014-06-03T14:47:05Z", "sam_citystate": "Northville, MI 48167", "pm_email": "kabir.dargan@barainfo.com", "sam_url": "http://www.bbande.com", "cm_email": "kabir.dargan@barainfo.com", "duns": "117755293", "pm_name": "Kabir Dargan", "setasides": [], "name": "BB&E", "annual_revenue": "0", "cm_phone": "925-790-0130 x 30", "cage": "3A3Q8", "sam_status": "ACTIVE", "number_of_employees": 0, "cm_name": "Kabir Dargan", "duns_4": "1177552930000", "sam_exclusion": false}}, {"pk": 6, "model": "vendor.vendor", "fields": {"sam_address": "2678 BISHOP DR STE 116", "pm_phone": "248-489-9636 x 303", "sam_activation_date": "2014-08-28T20:00:19Z", "sam_citystate": "SAN RAMON, CA 94583", "pm_email": "aetnyre@bbande.com", "sam_url": "http://www.barainfo.com", "cm_email": "dbarber@bbande.com", "duns": "129988148", "pm_name": "Aaron Etnyre", "setasides": [4, 6, 11], "name": "Bara Infoware", "annual_revenue": "3000000", "cm_phone": "248-489-9636 x 301", "cage": "30KF8", "sam_status": "ACTIVE", "number_of_employees": 6, "cm_name": "Doug Barber", "duns_4": "1299881480000", "sam_exclusion": false}}, {"pk": 7, "model": "vendor.vendor", "fields": {"sam_address": "4901 CORPORATE DR NW STE B", "pm_phone": "256-882-6229 x 102", "sam_activation_date": "2014-07-24T18:15:20Z", "sam_citystate": "HUNTSVILLE, AL 35805", "pm_email": "andyb@brc2.com", "sam_url": "http://www.brc2.com", "cm_email": "stevec@brc2.com", "duns": "806849303", "pm_name": "Andy Bevilacqua", "setasides": [1, 2, 18], "name": "Bevilacqua Research Corp", "annual_revenue": "4693168", "cm_phone": "256-882-6229 x 111", "cage": "0U9B6", "sam_status": "ACTIVE", "number_of_employees": 79, "cm_name": "Steve Cook", "duns_4": "8068493030000", "sam_exclusion": false}}, {"pk": 8, "model": "vendor.vendor", "fields": {"sam_address": "14420 Albemarle Pointe Pl Ste 200 ", "pm_phone": "703-621-7467", "sam_activation_date": "2014-07-01T12:01:10Z", "sam_citystate": "Chantilly, VA 20151", "pm_email": "emendez@bwfed.com", "sam_url": "http://www.bluewaterfederal.com", "cm_email": "aturner@bwfed.com", "duns": "832403948", "pm_name": "Erich Mendez", "setasides": [3, 10], "name": "Bluewater Federal Solutions", "annual_revenue": "24192008", "cm_phone": "703-621-7470", "cage": "5T6A9", "sam_status": "ACTIVE", "number_of_employees": 60, "cm_name": "Alfred Turner", "duns_4": "8324039480000", "sam_exclusion": false}}, {"pk": 9, "model": "vendor.vendor", "fields": {"sam_address": "777 W Cherokee St ", "pm_phone": "970-488-1057", "sam_activation_date": "2014-07-31T15:25:02Z", "sam_citystate": "Catoosa, OK 74015", "pm_email": "keith.rounsaville@cnt-fc.com", "sam_url": null, "cm_email": "janice.dearman@cn-bus.com", "duns": "831891788", "pm_name": "Keith Rounsaville", "setasides": [4, 9, 11, 16], "name": "Cherokee Nation Technologies", "annual_revenue": "4500000", "cm_phone": "918-430-3409", "cage": "5QJT3", "sam_status": "ACTIVE", "number_of_employees": 34, "cm_name": "Janice K. Dearman", "duns_4": "8318917880000", "sam_exclusion": false}}, {"pk": 10, "model": "vendor.vendor", "fields": {"sam_address": "2275 RESEARCH BLVD., STE 100", "pm_phone": "301-309-0040 x 230", "sam_activation_date": "2014-04-15T11:01:17Z", "sam_citystate": "ROCKVILLE, MD 20850", "pm_email": "psahady@chevoconsulting.com", "sam_url": "http://www.chevoconsulting.com", "cm_email": "zsahady@chevoconsulting.com", "duns": "127222466", "pm_name": "Phil Sahady", "setasides": [3, 10], "name": "Chevo Consulting", "annual_revenue": "8971137", "cm_phone": "301-309-0040 x229", "cage": "3DFS9", "sam_status": "ACTIVE", "number_of_employees": 48, "cm_name": "Zaina Sahady", "duns_4": "1272224660000", "sam_exclusion": false}}, {"pk": 11, "model": "vendor.vendor", "fields": {"sam_address": "2201 COOPERATIVE WAY STE 600", "pm_phone": "703-819-4158", "sam_activation_date": "2014-08-14T23:30:07Z", "sam_citystate": "HERNDON, VA 20171", "pm_email": "Oasis@credence-llc.com", "sam_url": "http://www.credence-llc.com", "cm_email": "Oasis@credence-llc.com", "duns": "805875718", "pm_name": "Prashant Gaur", "setasides": [4, 6, 11, 16], "name": "Credence Management Solutions", "annual_revenue": "4000000", "cm_phone": "703-819-6876", "cage": "4WPK2", "sam_status": "ACTIVE", "number_of_employees": 25, "cm_name": "Siddharta (Sid) Chowdhary", "duns_4": "8058757180000", "sam_exclusion": false}}, {"pk": 12, "model": "vendor.vendor", "fields": {"sam_address": "1110 Bonifant St Ste 310", "pm_phone": "240-645-0286", "sam_activation_date": "2014-07-08T14:01:01Z", "sam_citystate": "Silver Spring, MD 20910", "pm_email": "rakesh.gopal@dakota-consulting.com", "sam_url": "http://www.dakota-consulting.com", "cm_email": "adam.hurlburt@dakota-consulting.com", "duns": "168926264", "pm_name": "Rakesh Gopal", "setasides": [3, 10, 11, 4, 16], "name": "Dakota Consulting", "annual_revenue": "5477455", "cm_phone": "240-645-0229", "cage": "33EX5", "sam_status": "ACTIVE", "number_of_employees": 52, "cm_name": "Adam Hurlburt", "duns_4": "1689262640000", "sam_exclusion": false}}, {"pk": 13, "model": "vendor.vendor", "fields": {"sam_address": "14425 Penrose Place Ste 110 ", "pm_phone": "703-961-9637", "sam_activation_date": "2014-08-14T18:13:21Z", "sam_citystate": "Chantilly, VA 20151", "pm_email": "twillert@eaglerayinc.com", "sam_url": "http://www.eaglerayinc.com", "cm_email": "ccartwright@eaglerayinc.com", "duns": "111471350", "pm_name": "Thomas Willert", "setasides": [3], "name": "Eagle Ray Inc.", "annual_revenue": "13500000", "cm_phone": "703-961-9637", "cage": "3FGA6", "sam_status": "ACTIVE", "number_of_employees": 95, "cm_name": "Cheryl Cartwright", "duns_4": "1114713500000", "sam_exclusion": false}}, {"pk": 14, "model": "vendor.vendor", "fields": {"sam_address": "1875 CAMPUS COMMONS DR STE 210", "pm_phone": "703-288-3382 x 2207", "sam_activation_date": "2014-01-27T08:45:12Z", "sam_citystate": "RESTON, VA 20191", "pm_email": "john.bowler@ecompex.com", "sam_url": "http://www.ecompex.com", "cm_email": "hubin.jiang@ecompex.com", "duns": "839665098", "pm_name": "John Bowler", "setasides": [4, 5], "name": "Ecompex", "annual_revenue": "2500000", "cm_phone": "703-288-3382 x 2205", "cage": "1HND6", "sam_status": "ACTIVE", "number_of_employees": 45, "cm_name": "Hubin Jiang", "duns_4": "8396650980000", "sam_exclusion": false}}, {"pk": 15, "model": "vendor.vendor", "fields": {"sam_address": "201 TRIANA BLVD NW", "pm_phone": "256-533-4773", "sam_activation_date": "2014-08-18T14:45:39Z", "sam_citystate": "HUNTSVILLE, AL 35805", "pm_email": "OASISSB@eleit-tech.com", "sam_url": null, "cm_email": "OASISSB@eleit-tech.com", "duns": "160062311", "pm_name": "Michael L. Lindsey", "setasides": [3, 9, 10, 11, 4, 18], "name": "Eleit Technology", "annual_revenue": "3501740", "cm_phone": "256-533-4773", "cage": "1DET1", "sam_status": "ACTIVE", "number_of_employees": 110, "cm_name": "Billie Turmenne", "duns_4": "1600623110000", "sam_exclusion": false}}, {"pk": 16, "model": "vendor.vendor", "fields": {"sam_address": "1010 N. GLEBE RD, STE 510", "pm_phone": "571-858-3799", "sam_activation_date": "2014-05-13T15:18:01Z", "sam_citystate": "ARLINGTON, VA 22201", "pm_email": "bgarthwaite@forsmarshgroup.com", "sam_url": "http://www.forsmarshgroup.com", "cm_email": "bgarthwaite@forsmarshgroup.com", "duns": "129842667", "pm_name": "Ben Garthwaite", "setasides": [], "name": "Fors Marsh Group", "annual_revenue": "5541531", "cm_phone": "571-858-3799", "cage": "360C2", "sam_status": "ACTIVE", "number_of_employees": 43, "cm_name": "Ben Garthwaite", "duns_4": "1298426670000", "sam_exclusion": false}}, {"pk": 17, "model": "vendor.vendor", "fields": {"sam_address": "200 WHEELER RD STE 4", "pm_phone": "781-203-0100 x 120", "sam_activation_date": "2014-01-23T19:30:16Z", "sam_citystate": "BURLINGTON, MA 01803", "pm_email": "OASIS@gemini-ind.com", "sam_url": "http://www.gemini-ind.com", "cm_email": "OASIS@gemini-ind.com", "duns": "197503212", "pm_name": "David DeNofrio", "setasides": [3, 4, 5], "name": "Gemini Industries", "annual_revenue": "0", "cm_phone": "781-203-0100 x 104", "cage": "0BAX9", "sam_status": "ACTIVE", "number_of_employees": 0, "cm_name": "Sal Malgari", "duns_4": "1975032120000", "sam_exclusion": false}}, {"pk": 18, "model": "vendor.vendor", "fields": {"sam_address": "13873 Park Center Rd Ste 400N", "pm_phone": "703-766-7714", "sam_activation_date": "2014-07-25T11:42:00Z", "sam_citystate": "Herndon, VA 20171", "pm_email": "Paul.Kwiatkowski@Akima.com", "sam_url": "http://www.ikun.com/", "cm_email": "Sanjeev.Hirani@Akima.com", "duns": "786997739", "pm_name": "Paul Kwiatkowski", "setasides": [9, 11, 16], "name": "Ikun", "annual_revenue": "2148198", "cm_phone": "703-766-6260", "cage": "4UYY6", "sam_status": "ACTIVE", "number_of_employees": 6, "cm_name": "Sanjeev Hirani", "duns_4": "7869977390000", "sam_exclusion": false}}, {"pk": 19, "model": "vendor.vendor", "fields": {"sam_address": "7930 JONES BRANCH DR STE 800", "pm_phone": "571-765-4721", "sam_activation_date": "2014-08-01T16:15:33Z", "sam_citystate": "MCLEAN, VA 22102", "pm_email": "oasis@itllc.com", "sam_url": null, "cm_email": "cmilitz@itllc.com", "duns": "198024809", "pm_name": "LeRoy Burney", "setasides": [1, 2, 7, 11, 4, 16], "name": "Infinity Technology", "annual_revenue": "12921727", "cm_phone": "571-765-4722", "cage": "39AM6", "sam_status": "ACTIVE", "number_of_employees": 80, "cm_name": "Corinne Militz", "duns_4": "1980248090000", "sam_exclusion": false}}, {"pk": 20, "model": "vendor.vendor", "fields": {"sam_address": "8618 WESTWOOD CENTER DR STE 400 ", "pm_phone": "703-749-0100 x 234", "sam_activation_date": "2014-08-04T18:37:02Z", "sam_citystate": "VIENNA, VA 22182", "pm_email": "akalotra@ibtci.com", "sam_url": "http://www.ibtci.com", "cm_email": "ErfanK@ibtci.com", "duns": "611390592", "pm_name": "Ajay S. Kalotra", "setasides": [6], "name": "International Business and Technical Consutants", "annual_revenue": "6652696", "cm_phone": "703-749-0100 x 244", "cage": "1UFC6", "sam_status": "ACTIVE", "number_of_employees": 15, "cm_name": "Erfan Kabir", "duns_4": "6113905920000", "sam_exclusion": false}}, {"pk": 21, "model": "vendor.vendor", "fields": {"sam_address": "111 CYBERNETICS WAY STE 112", "pm_phone": "757-246-6781", "sam_activation_date": "2014-05-09T12:31:13Z", "sam_citystate": "YORKTOWN, VA 23693", "pm_email": "froitz@ita-intl.com", "sam_url": null, "cm_email": "mcarlson@ita-intl.com", "duns": "799582379", "pm_name": "Fred Roitz", "setasides": [1, 2, 11, 8, 4, 16], "name": "ITA International", "annual_revenue": "10030000", "cm_phone": "757-246-6781", "cage": "1TC80", "sam_status": "ACTIVE", "number_of_employees": 90, "cm_name": "Michael Carlson", "duns_4": "7995823790000", "sam_exclusion": false}}, {"pk": 22, "model": "vendor.vendor", "fields": {"sam_address": "2327 S HARDY DR ", "pm_phone": "480-538-2668", "sam_activation_date": "2014-08-21T11:25:01Z", "sam_citystate": "TEMPE, AZ 85282", "pm_email": "kterrell@ktc-ops.com", "sam_url": "http://www.ktc-ops.com", "cm_email": "kterrell@ktc-ops.com", "duns": "089072826", "pm_name": "Kevin Terrell", "setasides": [1, 7, 2, 4], "name": "KT Consulting", "annual_revenue": "26000000", "cm_phone": "480-538-2668", "cage": "1X2F2", "sam_status": "ACTIVE", "number_of_employees": 135, "cm_name": "Kevin Terrell", "duns_4": "0890728260000", "sam_exclusion": false}}, {"pk": 23, "model": "vendor.vendor", "fields": {"sam_address": "6121 LINCOLNIA RD STE 400", "pm_phone": "703-642-2380", "sam_activation_date": "2014-07-09T13:15:17Z", "sam_citystate": "ALEXANDRIA, VA 22312", "pm_email": "wdavis@lochharbour.com", "sam_url": "http://www.lochharbour.com/", "cm_email": "hhislop@lochharbour.com", "duns": "009757188", "pm_name": "William A Davis", "setasides": [1, 2], "name": "Loch Harbor Group", "annual_revenue": "1000000", "cm_phone": "703-642-2380", "cage": "07QZ5", "sam_status": "ACTIVE", "number_of_employees": 20, "cm_name": "Haydn Hislop", "duns_4": "0097571880000", "sam_exclusion": false}}, {"pk": 24, "model": "vendor.vendor", "fields": {"sam_address": "2202 AWARD WINNING WAY STE 201", "pm_phone": "703-850-2033", "sam_activation_date": "2014-08-14T18:13:19Z", "sam_citystate": "KNOXVILLE, TN 37932", "pm_email": "shelleyb@msiuniversal.com", "sam_url": "http://www.managementsolutionsllc.com", "cm_email": "monikad@msiuniversal.com", "duns": "123686912", "pm_name": "Shelley Bond", "setasides": [3, 11, 16], "name": "Management Solutions, Inc. (MSI Universal)", "annual_revenue": "3000000", "cm_phone": "301-728-2988", "cage": "3CNF4", "sam_status": "ACTIVE", "number_of_employees": 30, "cm_name": "Monika Deja", "duns_4": "1236869120000", "sam_exclusion": false}}, {"pk": 25, "model": "vendor.vendor", "fields": {"sam_address": "100 State St Ste 103 ", "pm_phone": "814-454-4000", "sam_activation_date": "2013-12-23T16:45:04Z", "sam_citystate": "Erie, PA 16507", "pm_email": "OASIS@mcmanis-monsalve.com", "sam_url": "http://www.mcmanis-monsalve.com", "cm_email": "OASIS@mcmanis-monsalve.com", "duns": "072637457", "pm_name": "Daniel L. Shumate", "setasides": [1, 4, 8, 18], "name": "McManis and Monsalve", "annual_revenue": "1949996", "cm_phone": "814-454-4000", "cage": "1VUT1", "sam_status": "ACTIVE", "number_of_employees": 15, "cm_name": "Bill Carney", "duns_4": "0726374570000", "sam_exclusion": false}}, {"pk": 26, "model": "vendor.vendor", "fields": {"sam_address": "2785 Hartland Rd ", "pm_phone": "703-538-0807 x 107", "sam_activation_date": "2014-04-16T17:37:52Z", "sam_citystate": "FALLS CHURCH, VA 22043", "pm_email": "rclift@msag.net", "sam_url": "http://www.msag.net", "cm_email": "dscali@msag.net", "duns": "608740957", "pm_name": "Ray Clift", "setasides": [1, 2], "name": "Microsystems Automation Group", "annual_revenue": "4000000", "cm_phone": "617-680-2368", "cage": "1JDJ9", "sam_status": "ACTIVE", "number_of_employees": 40, "cm_name": "Dave Scali", "duns_4": "6087409570000", "sam_exclusion": false}}, {"pk": 27, "model": "vendor.vendor", "fields": {"sam_address": "1215 South Clark Street, Suite 400 ", "pm_phone": "571-331-1355", "sam_activation_date": "2014-08-08T09:15:08Z", "sam_citystate": "ARLINGTON, VA 22202", "pm_email": "ssharda@miraclesystems.net", "sam_url": "http://www.miraclesystems.net", "cm_email": "ssharda@miraclesystems.net", "duns": "133239397", "pm_name": "Sandesh Sharda", "setasides": [4, 6, 11, 16], "name": "Miracle Systems, LLC", "annual_revenue": "4500000", "cm_phone": "571-331-1355", "cage": "8ASY4", "sam_status": "ACTIVE", "number_of_employees": 40, "cm_name": "Sandesh Sharda", "duns_4": "1332393970000", "sam_exclusion": false}}, {"pk": 28, "model": "vendor.vendor", "fields": {"sam_address": "8161 MAPLE LAWN BLVD STE 430", "pm_phone": "301-725-0925 x 701", "sam_activation_date": "2014-06-20T07:45:24Z", "sam_citystate": "FULTON, MD 20759", "pm_email": "mgrier@mosaicsgroup.com", "sam_url": "http://www.mosaicsgroup.com", "cm_email": "contracts@mosaicsgroup.com", "duns": "182935002", "pm_name": "Michael T. Grier", "setasides": [1, 7, 11, 4, 16], "name": "MOSAIC Technologies Group", "annual_revenue": "5750000", "cm_phone": "301-725-0925 x 747", "cage": "357X1", "sam_status": "ACTIVE", "number_of_employees": 80, "cm_name": "Krystal L. Brown", "duns_4": "1829350020000", "sam_exclusion": false}}, {"pk": 29, "model": "vendor.vendor", "fields": {"sam_address": "1984 Issac Newton Sq W Ste 306A", "pm_phone": "703-435-2260", "sam_activation_date": "2014-06-30T11:15:51Z", "sam_citystate": "Reston, VA 20190", "pm_email": "oasis@niksoft.com", "sam_url": "http://www.niksoft.com", "cm_email": "oasis@niksoft.com", "duns": "071215037", "pm_name": "Manesh Gupta", "setasides": [4, 6, 11, 16], "name": "NikSoft", "annual_revenue": "9368603", "cm_phone": "703-435-2260 x 203", "cage": "3RYX3", "sam_status": "ACTIVE", "number_of_employees": 50, "cm_name": "Jon Cassady", "duns_4": "0712150370000", "sam_exclusion": false}}, {"pk": 30, "model": "vendor.vendor", "fields": {"sam_address": "8300 Boone Blvd Ste 800 ", "pm_phone": "703-638-0841", "sam_activation_date": "2014-05-27T10:15:53Z", "sam_citystate": "Tysons Corner, VA 22182", "pm_email": "DPlourd@obxtek.com", "sam_url": "http://www.obxtek.com", "cm_email": "oasis@obxtek.com", "duns": "830341645", "pm_name": "Dan Plourd", "setasides": [1, 2], "name": "Obxtek Inc", "annual_revenue": "3200000", "cm_phone": "571-395-4542", "cage": "5FBC3", "sam_status": "ACTIVE", "number_of_employees": 42, "cm_name": "Jasmine Feeney", "duns_4": "8303416450000", "sam_exclusion": false}}, {"pk": 31, "model": "vendor.vendor", "fields": {"sam_address": "7315 Wisconsin Ave 800 W ", "pm_phone": "301-470-2683", "sam_activation_date": "2014-04-21T13:05:34Z", "sam_citystate": "Bethesda, MD 20814", "pm_email": "Patsy.palmer@panum.com", "sam_url": "http://www.panum.com", "cm_email": "dhavid.cayanan@panum.com", "duns": "017433348", "pm_name": "Patricia Palmer", "setasides": [3, 6, 12, 10, 11, 4, 16], "name": "Panum Telecom", "annual_revenue": "250000", "cm_phone": "571-329-7991", "cage": "35EU5", "sam_status": "ACTIVE", "number_of_employees": 4, "cm_name": "Dhavidson Cayanan", "duns_4": "0174333480000", "sam_exclusion": false}}, {"pk": 32, "model": "vendor.vendor", "fields": {"sam_address": "2134 Main St Ste 220 ", "pm_phone": "301-873-4009", "sam_activation_date": "2014-04-23T15:39:47Z", "sam_citystate": "Huntington Beach, CA 92648", "pm_email": "dmentzer@performexcel.com", "sam_url": "www.performexcel.com", "cm_email": "vtrunzo@performexcel.com", "duns": "062756759", "pm_name": "Diane Mentzer", "setasides": [3, 12, 10, 11, 8, 4], "name": "Performance Excellence Partners", "annual_revenue": "950000", "cm_phone": "202-257-4730", "cage": "3GCN4", "sam_status": "ACTIVE", "number_of_employees": 8, "cm_name": "Vic Trunzo", "duns_4": "0627567590000", "sam_exclusion": false}}, {"pk": 33, "model": "vendor.vendor", "fields": {"sam_address": "214 PRINCE ST ", "pm_phone": "703-623-5166", "sam_activation_date": "2014-02-20T13:00:14Z", "sam_citystate": "ALEXANDRIA, VA 22314", "pm_email": "jeffsopko@potomacwave.com", "sam_url": null, "cm_email": "jeffsopko@potomacwave.com", "duns": "809019180", "pm_name": "Jeff Sopko", "setasides": [3, 10, 12], "name": "PotomacWave Consulting", "annual_revenue": "2185660", "cm_phone": "703-623-5166", "cage": "4YAG9", "sam_status": "ACTIVE", "number_of_employees": 14, "cm_name": "Jeff Sopko", "duns_4": "8090191800000", "sam_exclusion": false}}, {"pk": 34, "model": "vendor.vendor", "fields": {"sam_address": "91 HARTWELL AVE 3RD FL", "pm_phone": "781-457-0308", "sam_activation_date": "2014-01-31T11:15:06Z", "sam_citystate": "LEXINGTON, MA 02421", "pm_email": "Quantech-C-OASIS@quantechserv.com", "sam_url": "http://www.quantechserv.com", "cm_email": "Quantech-C-OASIS@quantechserv.com", "duns": "057644887", "pm_name": "Bob Paradiso", "setasides": [], "name": "Quantech", "annual_revenue": "7547520", "cm_phone": "781-457-0330", "cage": "1KKR5", "sam_status": "ACTIVE", "number_of_employees": 95, "cm_name": "Robert H. Materna", "duns_4": "0576448870000", "sam_exclusion": false}}, {"pk": 35, "model": "vendor.vendor", "fields": {"sam_address": "8221 PRESTON CT", "pm_phone": "301-776-5000", "sam_activation_date": "2013-10-18T18:30:03Z", "sam_citystate": "JESSUP, MD 20794", "pm_email": "info@ruchman.com", "sam_url": null, "cm_email": "info@ruchman.com", "duns": "101456903", "pm_name": "James Liang", "setasides": [], "name": "Ruchman and Assoc", "annual_revenue": "3701740", "cm_phone": "301-776-5000", "cage": "1JS86", "sam_status": "ACTIVE", "number_of_employees": 144, "cm_name": "James Liang", "duns_4": "1014569030000", "sam_exclusion": false}}, {"pk": 36, "model": "vendor.vendor", "fields": {"sam_address": "1430 Oak Ct Ste 304 ", "pm_phone": "937-490-4060", "sam_activation_date": "2014-01-16T12:00:14Z", "sam_citystate": "Beavercreek, OH 45430", "pm_email": "oasis@sawdeysolutionservices.com", "sam_url": "http://www.sawdeysolutionservices.com", "cm_email": "oasis@sawdeysolutionservices.com", "duns": "020345075", "pm_name": "Beth Czanik", "setasides": [3, 1, 10, 12, 2, 11], "name": "Sawdey Solution Services", "annual_revenue": "4893922", "cm_phone": "937-490-4060", "cage": "1TWX6", "sam_status": "ACTIVE", "number_of_employees": 57, "cm_name": "Connie Sawdey", "duns_4": "0203450750000", "sam_exclusion": false}}, {"pk": 37, "model": "vendor.vendor", "fields": {"sam_address": "3152 PRESIDENTIAL DR ", "pm_phone": "937-431-0000", "sam_activation_date": "2014-04-24T10:15:38Z", "sam_citystate": "FAIRBORN, OH 45324", "pm_email": "Charles.colon@sti-tec.com", "sam_url": "http://www.sti-tec.com", "cm_email": "Charles.colon@sti-tec.com", "duns": "003592412", "pm_name": "Charles A. Colon,  III", "setasides": [4, 7, 11, 16], "name": "Solutions Through Innovative Technologies Inc (STI)", "annual_revenue": "1671000", "cm_phone": "937-431-0000", "cage": "3EMZ0", "sam_status": "ACTIVE", "number_of_employees": 30, "cm_name": "Charles A. Colon,  III", "duns_4": "0035924120000", "sam_exclusion": false}}, {"pk": 38, "model": "vendor.vendor", "fields": {"sam_address": "1701 PACIFIC AVE STE #260", "pm_phone": "858-271-4750", "sam_activation_date": "2014-05-22T20:15:10Z", "sam_citystate": "OXNARD, CA 93033", "pm_email": "mcardenas@synecticsolutions.com", "sam_url": "http://www.synecsolu.com", "cm_email": "OASISSB@synecticsolutions.com", "duns": "015958325", "pm_name": "Mark Cardenas", "setasides": [3], "name": "Synetic Solutions", "annual_revenue": "0", "cm_phone": "805-483-4800 x 101", "cage": "09WL9", "sam_status": "ACTIVE", "number_of_employees": 0, "cm_name": "Earnie Leonard", "duns_4": "0159583250000", "sam_exclusion": false}}, {"pk": 39, "model": "vendor.vendor", "fields": {"sam_address": "One Research Ct Ste 360 ", "pm_phone": "301-948-4232", "sam_activation_date": "2014-08-26T11:15:13Z", "sam_citystate": "Rockville, MD 20850", "pm_email": "Lin.Sai2@sysplus.com", "sam_url": "http://www.sysplus.com/", "cm_email": "contract@sysplus.com", "duns": "611196890", "pm_name": "Lin Sai", "setasides": [], "name": "Systems Plus Inc", "annual_revenue": "6390000", "cm_phone": "301-948-4232", "cage": "0P8J0", "sam_status": "ACTIVE", "number_of_employees": 66, "cm_name": "Kevin Zhang", "duns_4": "6111968900000", "sam_exclusion": false}}, {"pk": 40, "model": "vendor.vendor", "fields": {"sam_address": "3921 Ampudia St ", "pm_phone": "619-298-0888", "sam_activation_date": "2014-04-16T17:00:40Z", "sam_citystate": "SAN DIEGO, CA 92110", "pm_email": "ecross@t3w.com", "sam_url": "http://www.T3W.com", "cm_email": "dwest@t3w.com", "duns": "600985738", "pm_name": "Eric Cross", "setasides": [3, 10, 12, 11, 16], "name": "T3W Business Solutions,", "annual_revenue": "2100000", "cm_phone": "619-298-0888", "cage": "42HP2", "sam_status": "ACTIVE", "number_of_employees": 20, "cm_name": "Debra West", "duns_4": "6009857380000", "sam_exclusion": false}}, {"pk": 41, "model": "vendor.vendor", "fields": {"sam_address": "4900 SEMINARY RD STE 570", "pm_phone": "703-933-7637 x 265", "sam_activation_date": "2014-04-17T07:30:43Z", "sam_citystate": "ALEXANDRIA, VA 22311", "pm_email": "bmccambridge@addx.corp.com", "sam_url": "http://www.addxcorp.com", "cm_email": "ltheunissen@addxcorp.com", "duns": "039872622", "pm_name": "Robert (Bob) McCambridge", "setasides": [1, 2], "name": "Addx Corp.", "annual_revenue": "16534185", "cm_phone": "571-451-0300", "cage": "1XPA3", "sam_status": "ACTIVE", "number_of_employees": 62, "cm_name": "Lydia Theunissen", "duns_4": "0398726220000", "sam_exclusion": false}}, {"pk": 42, "model": "vendor.vendor", "fields": {"sam_address": "4245 North Fairfax Dr Ste 800", "pm_phone": "571-482-2510", "sam_activation_date": "2014-08-27T08:12:26Z", "sam_citystate": "Arlington, VA 22203", "pm_email": "mduffy@drtstrategies.com", "sam_url": "http://www.drtstrategies.com", "cm_email": "gmcdermott@drtstrategies.com", "duns": "142428783", "pm_name": "Michael Duffy", "setasides": [3, 5, 11, 4, 16], "name": "DRT Strategies", "annual_revenue": "10160000", "cm_phone": "571-482-2502", "cage": "3PZT2", "sam_status": "ACTIVE", "number_of_employees": 90, "cm_name": "Geoffrey McDermott", "duns_4": "1424287830000", "sam_exclusion": false}}, {"pk": 43, "model": "vendor.vendor", "fields": {"sam_address": "1101 WILSON BLVD STE 1810", "pm_phone": "571-255-6762", "sam_activation_date": "2014-01-08T09:45:14Z", "sam_citystate": "ARLINGTON, VA 22209", "pm_email": "davison@ficonsulting.com", "sam_url": null, "cm_email": "kirsch@ficonsulting.com", "duns": "126150056", "pm_name": "Derek Davison", "setasides": [], "name": "FI Consulting", "annual_revenue": "4397339", "cm_phone": "571-255-6771", "cage": "4MEL7", "sam_status": "ACTIVE", "number_of_employees": 28, "cm_name": "Allison Kirsch", "duns_4": "1261500560000", "sam_exclusion": false}}, {"pk": 44, "model": "vendor.vendor", "fields": {"sam_address": "1629 K ST NW STE 300", "pm_phone": "202-204-2238", "sam_activation_date": "2014-03-06T11:30:02Z", "sam_citystate": "WASHINGTON, DC 20006", "pm_email": "nazim.hamilton@usfti.com", "sam_url": "http://www.usfti.com", "cm_email": "nazim.hamilton@usfti.com", "duns": "825487130", "pm_name": "Nazim Hamilton", "setasides": [4, 7, 11, 16], "name": "Hamilton Enterprises", "annual_revenue": "750000", "cm_phone": "202-204-2238", "cage": "52DB6", "sam_status": "ACTIVE", "number_of_employees": 15, "cm_name": "Nazim Hamilton", "duns_4": "8254871300000", "sam_exclusion": false}}, {"pk": 45, "model": "vendor.vendor", "fields": {"sam_address": "4017 W Martin Luther King Jr Blvd ", "pm_phone": "813-983-7445", "sam_activation_date": "2014-07-17T11:37:03Z", "sam_citystate": "Tampa, FL 33614", "pm_email": "william.hogan@ac4s.com", "sam_url": "http://www.ac4s.com", "cm_email": "Anthony.darveaux@ac4s.com", "duns": "118498067", "pm_name": "Billy Hogan", "setasides": [1, 7, 11, 4], "name": "Advanced C4 Solutions, Inc. (AC4S)", "annual_revenue": "0", "cm_phone": "813-983-7463", "cage": "3BEH8", "sam_status": "ACTIVE", "number_of_employees": 0, "cm_name": "Anthony Darveaux", "duns_4": "1184980670000", "sam_exclusion": false}}, {"pk": 46, "model": "vendor.vendor", "fields": {"sam_address": "107 RESEARCH DR", "pm_phone": "757-865-7093 x 306", "sam_activation_date": "2014-08-07T15:37:42Z", "sam_citystate": "HAMPTON, VA 23666", "pm_email": "junnam@asm-usa.com", "sam_url": "HTTP://WWW.ASM-USA.COM", "cm_email": "bala@asm-usa.com", "duns": "119069052", "pm_name": "Dr. Jalaiah Unnam", "setasides": [3, 6, 11, 4], "name": "Analytical Services and Materials Inc.", "annual_revenue": "15000000", "cm_phone": "757-865-7093 x 311", "cage": "3Y798", "sam_status": "ACTIVE", "number_of_employees": 190, "cm_name": "Dr. G. Balasubramanian", "duns_4": "1190690520000", "sam_exclusion": false}}, {"pk": 47, "model": "vendor.vendor", "fields": {"sam_address": "4950 Research Dr", "pm_phone": "256-327-3382", "sam_activation_date": "2014-08-05T18:00:15Z", "sam_citystate": "Huntsville, AL 35805", "pm_email": "\u00a0OASIS@apt-research.com", "sam_url": "www.aptresearch.com", "cm_email": "\u00a0contracts@apt-research.com", "duns": "791195167", "pm_name": "Clark Kilgore", "setasides": [], "name": "A-P-T Research Inc", "annual_revenue": "2000000", "cm_phone": "256-327-4015", "cage": "0S289", "sam_status": "ACTIVE", "number_of_employees": 36, "cm_name": "Rebecca Merrill", "duns_4": "7911951670000", "sam_exclusion": false}}, {"pk": 48, "model": "vendor.vendor", "fields": {"sam_address": "2509 WALMER AVE", "pm_phone": "703-867-1364", "sam_activation_date": "2014-07-11T12:15:12Z", "sam_citystate": "NORFOLK, VA 23513", "pm_email": "oasis@act-corp.com", "sam_url": "http://www.act-corp.com", "cm_email": "tridgeway@act-corp.com", "duns": "048870724", "pm_name": "Jim Biskaduros", "setasides": [3], "name": "Atlantic CommTech Corporation", "annual_revenue": "4350156", "cm_phone": "757-858-5303 x 204", "cage": "1J0V2", "sam_status": "ACTIVE", "number_of_employees": 40, "cm_name": "Tina Ridgeway", "duns_4": "0488707240000", "sam_exclusion": false}}, {"pk": 49, "model": "vendor.vendor", "fields": {"sam_address": "5416 A Rivers Ave Ste 105", "pm_phone": "843-725-2285", "sam_activation_date": "2014-04-16T14:45:24Z", "sam_citystate": "North Charleston, SC 29406", "pm_email": "Atlas-contracts@atlas-tech.com", "sam_url": "https://www.atlas-tech.com", "cm_email": "Atlas-contracts@atlas-tech.com", "duns": "799980859", "pm_name": "Gary Jaffe", "setasides": [1], "name": "ATLAS TECHNOLOGIES, INC.", "annual_revenue": "0", "cm_phone": "843-725-2270", "cage": "1B7M7", "sam_status": "ACTIVE", "number_of_employees": 0, "cm_name": "Richard Hayes", "duns_4": "7999808590000", "sam_exclusion": false}}, {"pk": 50, "model": "vendor.vendor", "fields": {"sam_address": "4905 RESEARCH DR", "pm_phone": "256-327-7152", "sam_activation_date": "2014-07-16T09:00:12Z", "sam_citystate": "HUNTSVILLE, AL 35805", "pm_email": "jeff.blackmon@avioninc.com", "sam_url": "http://www.avionsolutions.com", "cm_email": "kim.taylor@avioninc.com", "duns": "804859841", "pm_name": "Jeff Blackmon", "setasides": [], "name": "Avion", "annual_revenue": "20200000", "cm_phone": "256-327-7133", "cage": "1BFU7", "sam_status": "ACTIVE", "number_of_employees": 135, "cm_name": "Kim Taylor", "duns_4": "8048598410000", "sam_exclusion": false}}, {"pk": 51, "model": "vendor.vendor", "fields": {"sam_address": "30 W Gude Dr Ste 200 ", "pm_phone": "301-424-8025 x 315", "sam_activation_date": "2014-03-11T14:30:07Z", "sam_citystate": "Rockville, MD 20850", "pm_email": "OASIS-SB@caelum.com", "sam_url": "http://www.caelum.com", "cm_email": "OASIS-SB@caelum.com", "duns": "196004394", "pm_name": "James Bauer", "setasides": [3, 5, 10, 11, 4], "name": "Caelum Research Corp", "annual_revenue": "22010768", "cm_phone": "301-424-8205 x 311", "cage": "0DLL1", "sam_status": "ACTIVE", "number_of_employees": 207, "cm_name": "Daniel Nielsen", "duns_4": "1960043940000", "sam_exclusion": false}}, {"pk": 52, "model": "vendor.vendor", "fields": {"sam_address": "112 Chiltern Way ", "pm_phone": "703-582-5074", "sam_activation_date": "2014-04-21T15:16:31Z", "sam_citystate": "Mechanicsburg, PA 17055", "pm_email": "CSA-GSA-OASIS@csaassociates.com", "sam_url": "http://www.csaassociates.com", "cm_email": "CSA-GSA-OASIS@csaassociates.com", "duns": "130196814", "pm_name": "David Hickey", "setasides": [1, 2, 11, 8, 4, 16], "name": "Client Solution Architects (CSA)", "annual_revenue": "3500000", "cm_phone": "717-756-3598", "cage": "3ESN1", "sam_status": "ACTIVE", "number_of_employees": 32, "cm_name": "Kim Knudson", "duns_4": "1301968140000", "sam_exclusion": false}}, {"pk": 53, "model": "vendor.vendor", "fields": {"sam_address": "4640 FORBES BLVD STE 201", "pm_phone": "410-231-6023", "sam_activation_date": "2014-01-15T12:00:26Z", "sam_citystate": "LANHAM, MD 20706", "pm_email": "chris.stone@cse-corp.com", "sam_url": "http://www.cse-corp.com", "cm_email": "chris.holtery@cse-corp.com", "duns": "102061012", "pm_name": "Christopher (Chris) Stone", "setasides": [3, 12, 10, 11, 16], "name": "Constellation Software Engineering Corporation", "annual_revenue": "511519", "cm_phone": "301-459-8880 x 1011", "cage": "1XJD6", "sam_status": "ACTIVE", "number_of_employees": 9, "cm_name": "Christopher Holtery", "duns_4": "1020610120000", "sam_exclusion": false}}, {"pk": 54, "model": "vendor.vendor", "fields": {"sam_address": "8260 GREENSBORO DR STE 600", "pm_phone": "703 918-4323", "sam_activation_date": "2013-12-05T14:01:45Z", "sam_citystate": "MC LEAN, VA 22102", "pm_email": "Bob.Fritz@ddlomni.com", "sam_url": "http://www.ddlomni.com", "cm_email": "Ted.thanos@ddlomni.com", "duns": "081093775", "pm_name": "Robert (Bob) W. Fritz", "setasides": [], "name": "DDL Omni Engineering", "annual_revenue": "33475836", "cm_phone": "703 918-4336", "cage": "078S2", "sam_status": "ACTIVE", "number_of_employees": 237, "cm_name": "Theodore (Ted) J. Thanos", "duns_4": "0810937750000", "sam_exclusion": false}}, {"pk": 55, "model": "vendor.vendor", "fields": {"sam_address": "2020 Camino Del Rio N Ste 400", "pm_phone": "619-780-0171", "sam_activation_date": "2014-03-05T18:30:01Z", "sam_citystate": "San Diego, CA 92108", "pm_email": "rhaas@forwardslope.com", "sam_url": "http://www.forwardslope.com", "cm_email": "wstephenson@forwardslope.com", "duns": "038344953", "pm_name": "Richard Haas", "setasides": [], "name": "Forward Slope Inc", "annual_revenue": "7000000", "cm_phone": "619-780-0157", "cage": "1KU93", "sam_status": "ACTIVE", "number_of_employees": 45, "cm_name": "Waddy Stephenson", "duns_4": "0383449530000", "sam_exclusion": false}}, {"pk": 56, "model": "vendor.vendor", "fields": {"sam_address": "14073 CROWN CT", "pm_phone": "571-402-3202", "sam_activation_date": "2014-03-07T11:00:30Z", "sam_citystate": "WOODBRIDGE, VA 22193", "pm_email": "oasis@futroninc.com", "sam_url": "http://www.futroninc.com", "cm_email": "oasis@futroninc.com", "duns": "878896687", "pm_name": "Shakil Qureshi", "setasides": [4, 6], "name": "Futron", "annual_revenue": "33000000", "cm_phone": "571-402-3211", "cage": "062H2", "sam_status": "ACTIVE", "number_of_employees": 65, "cm_name": "June Adams", "duns_4": "8788966870000", "sam_exclusion": false}}, {"pk": 57, "model": "vendor.vendor", "fields": {"sam_address": "3168 Collins Ferry Rd ", "pm_phone": "703-429-4831", "sam_activation_date": "2014-06-30T09:45:24Z", "sam_citystate": "Morgantown, WV 26505", "pm_email": "jdieterle@keylogic.com", "sam_url": "http://www.keylogic.com", "cm_email": "msmith@keylogic.com", "duns": "054303180", "pm_name": "Jim Dieterle", "setasides": [], "name": "Key Logic Systems", "annual_revenue": "0", "cm_phone": "443-539-9062", "cage": "1KWG7", "sam_status": "ACTIVE", "number_of_employees": 0, "cm_name": "Michele Smith", "duns_4": "0543031800000", "sam_exclusion": false}}, {"pk": 58, "model": "vendor.vendor", "fields": {"sam_address": "5501 Backlick Rd, Ste. 200 ", "pm_phone": "801-593-5400 x 121", "sam_activation_date": "2014-05-22T09:15:05Z", "sam_citystate": "Springfield, VA 22151", "pm_email": "scot.merrihew@kihomac.com", "sam_url": "http://www.kihomac.com", "cm_email": "becky.ridenour@kihomac.com", "duns": "137768482", "pm_name": "Scot Merrihew", "setasides": [1, 5, 11, 4, 16], "name": "Kihomac", "annual_revenue": "2585000", "cm_phone": "937-429-7744 x 111", "cage": "3L2L3", "sam_status": "ACTIVE", "number_of_employees": 30, "cm_name": "Rebecca (Becky) D. Ridenour", "duns_4": "1377684820000", "sam_exclusion": false}}, {"pk": 59, "model": "vendor.vendor", "fields": {"sam_address": "6421 S Air Depot Blvd Ste A ", "pm_phone": "405-622-2200 x 106", "sam_activation_date": "2014-01-13T16:15:49Z", "sam_citystate": "Oklahoma City, OK 73135", "pm_email": "OASISPMO@lcibest.com", "sam_url": "http://lcibest.com", "cm_email": "contract.administration@lcibest.com", "duns": "046657412", "pm_name": "Diana Petross", "setasides": [1, 7, 2, 4], "name": "Leader Commumincations, Inc.", "annual_revenue": "19463466", "cm_phone": "405-622-2200", "cage": "1J7E8", "sam_status": "ACTIVE", "number_of_employees": 170, "cm_name": "Vicky Hilton", "duns_4": "0466574120000", "sam_exclusion": false}}, {"pk": 60, "model": "vendor.vendor", "fields": {"sam_address": "8600 BOEING DR", "pm_phone": "937-256-9464", "sam_activation_date": "2014-04-16T11:45:17Z", "sam_citystate": "EL PASO, TX 79925", "pm_email": "bd@meticorp.com", "sam_url": "HTTP://WWW.METICORP.COM", "cm_email": "contracts@meticorp.com", "duns": "074334264", "pm_name": "Ernest Osborn", "setasides": [4, 7, 11], "name": "Managment and Engineering Technologies (METI)", "annual_revenue": "25000000", "cm_phone": "915-772-4975", "cage": "1LX23", "sam_status": "ACTIVE", "number_of_employees": 500, "cm_name": "Michelle Rosalez", "duns_4": "0743342640000", "sam_exclusion": false}}, {"pk": 61, "model": "vendor.vendor", "fields": {"sam_address": "268 W Coleman Blvd Ste 2A", "pm_phone": "202-548-3110 x 346", "sam_activation_date": "2014-05-20T15:01:59Z", "sam_citystate": "Mount Pleasant, SC 29464", "pm_email": "charliegrabenstein@orbisinc.net", "sam_url": "http://www.orbisinc.net", "cm_email": "kfarber1@orbisinc.net", "duns": "872942706", "pm_name": "Charles Grabenstein", "setasides": [1], "name": "Orbis Sibro", "annual_revenue": "16850000", "cm_phone": "843-971-9390 x 226", "cage": "1SEL4", "sam_status": "ACTIVE", "number_of_employees": 105, "cm_name": "Karl P. Farber", "duns_4": "8729427060000", "sam_exclusion": false}}, {"pk": 62, "model": "vendor.vendor", "fields": {"sam_address": "300 N LEE ST STE 201", "pm_phone": "703-229-1110", "sam_activation_date": "2014-07-30T15:45:41Z", "sam_citystate": "ALEXANDRIA, VA 22314", "pm_email": "thudon@pccii.com", "sam_url": "http://www.pccii.com", "cm_email": "burban@pccii.com", "duns": "016658080", "pm_name": "Thomas Hudon", "setasides": [], "name": "PCCI", "annual_revenue": "35100000", "cm_phone": "703-229-1102", "cage": "3Y970", "sam_status": "ACTIVE", "number_of_employees": 47, "cm_name": "Bob Urban", "duns_4": "0166580800000", "sam_exclusion": false}}, {"pk": 63, "model": "vendor.vendor", "fields": {"sam_address": "2300 NATIONAL RD", "pm_phone": "937-490-5012", "sam_activation_date": "2014-06-27T12:15:59Z", "sam_citystate": "FAIRBORN, OH 45324", "pm_email": "OASIS-Contracts@epeerless.com", "sam_url": "http://www.epeerless.com", "cm_email": "OASIS-Contracts@epeerless.com", "duns": "132729877", "pm_name": "Julie Jones", "setasides": [4, 5, 11, 16], "name": "Peerless Technologies", "annual_revenue": "5000000", "cm_phone": "937-490-5006", "cage": "1PST8", "sam_status": "ACTIVE", "number_of_employees": 49, "cm_name": "Chrissy Hardin", "duns_4": "1327298770000", "sam_exclusion": false}}, {"pk": 64, "model": "vendor.vendor", "fields": {"sam_address": "7027 OLD MADISON PIKE NW STE 106", "pm_phone": "256-714-1111", "sam_activation_date": "2014-04-16T17:00:27Z", "sam_citystate": "HUNTSVILLE, AL 35806", "pm_email": "OASISSB@quantitech.com", "sam_url": "HTTP://WWW.QUANTITECH.COM", "cm_email": "OASISSB@quantitech.com", "duns": "618564116", "pm_name": "James (Jim) A. Roy", "setasides": [3, 5, 10, 4], "name": "Quantitech", "annual_revenue": "0", "cm_phone": "256-799-0669", "cage": "0S9B5", "sam_status": "ACTIVE", "number_of_employees": 0, "cm_name": "Elaine D. Jones", "duns_4": "6185641160000", "sam_exclusion": false}}, {"pk": 65, "model": "vendor.vendor", "fields": {"sam_address": "316 E MAIN ST STE H", "pm_phone": "832-474-0026", "sam_activation_date": "2014-05-13T15:32:16Z", "sam_citystate": "HUMBLE, TX 77338", "pm_email": "muizersc@skyllaeng.com", "sam_url": "http://www.skyllaeng.com", "cm_email": "cardenase@skyllaeng.com", "duns": "169401895", "pm_name": "Charles (Chuck) Muizers", "setasides": [1, 2, 8, 11, 4, 16], "name": "Skylla Engineering Ltd.", "annual_revenue": "15384000", "cm_phone": "281-787-7643", "cage": "32ZH5", "sam_status": "ACTIVE", "number_of_employees": 170, "cm_name": "Eduardo (Ed) Cardenas", "duns_4": "1694018950000", "sam_exclusion": false}}, {"pk": 66, "model": "vendor.vendor", "fields": {"sam_address": null, "pm_phone": "512-600-9437", "sam_activation_date": null, "sam_citystate": null, "pm_email": "kek@teamscci.com", "sam_url": null, "cm_email": "sbowles@teamscci.com", "duns": "074418872", "pm_name": "Kent Ek", "setasides": [], "name": "Southeastern Computer Consultants (SCCI)", "annual_revenue": "0", "cm_phone": "301-695-5311", "cage": null, "sam_status": null, "number_of_employees": 0, "cm_name": "Shellie Bowles", "duns_4": "0744188720000", "sam_exclusion": null}}, {"pk": 67, "model": "vendor.vendor", "fields": {"sam_address": "2121 CRYSTAL DR STE 680", "pm_phone": "703-504-9817", "sam_activation_date": "2014-06-02T12:30:22Z", "sam_citystate": "ARLINGTON, VA 22202", "pm_email": "\u00a0oasis@subsystem.com", "sam_url": "HTTP://WWW.SUBSYSTEM.COM", "cm_email": "\u00a0oasis@subsystem.com", "duns": "185057460", "pm_name": "MaryAnn Hoadley", "setasides": [4, 6], "name": "Subsystem Technologies", "annual_revenue": "0", "cm_phone": "703-504-9794", "cage": "0DP19", "sam_status": "ACTIVE", "number_of_employees": 0, "cm_name": "Steven H. Willenbucher", "duns_4": "1850574600000", "sam_exclusion": false}}, {"pk": 68, "model": "vendor.vendor", "fields": {"sam_address": "99 ROSEWOOD DR STE 140", "pm_phone": "937-429-6070 x 106", "sam_activation_date": "2014-04-15T13:30:42Z", "sam_citystate": "DANVERS, MA 01923", "pm_email": "OASIS-SB@sumaria.com", "sam_url": "http://www.sumaria.com", "cm_email": "OASIS-SB@sumaria.com", "duns": "146389622", "pm_name": "Donald Kurtz", "setasides": [4, 6], "name": "Sumaria Systems", "annual_revenue": "33083336", "cm_phone": "978-739-4200 x 1117", "cage": "1DV75", "sam_status": "ACTIVE", "number_of_employees": 326, "cm_name": "Franklin (Frank) H. Inman", "duns_4": "1463896220000", "sam_exclusion": false}}, {"pk": 69, "model": "vendor.vendor", "fields": {"sam_address": "709 S HARBOR CITY BLVD STE 350", "pm_phone": "478-922-9987", "sam_activation_date": "2014-04-01T14:15:16Z", "sam_citystate": "MELBOURNE, FL 32901", "pm_email": "mreynolds@ssai.org", "sam_url": null, "cm_email": "jhamilton@ssai.org", "duns": "068013796", "pm_name": "Mike Reynolds", "setasides": [], "name": "Support Systems Associates", "annual_revenue": "0", "cm_phone": "321-724-5566 x 1297", "cage": "60877", "sam_status": "ACTIVE", "number_of_employees": 0, "cm_name": "John B. Hamilton", "duns_4": "0680137960000", "sam_exclusion": false}}, {"pk": 70, "model": "vendor.vendor", "fields": {"sam_address": "11325 RANDOM HILLS RD STE 340", "pm_phone": "703-563-4401", "sam_activation_date": "2014-08-05T10:45:49Z", "sam_citystate": "FAIRFAX, VA 22030", "pm_email": "Lee.Plumb@Triumph-Enterprises.com", "sam_url": "http://www.triumph-enterprises.com", "cm_email": "Lucy.aguinaldo@triumph-enterprises.com", "duns": "167251011", "pm_name": "R. Lee Plumb", "setasides": [1, 2, 8, 11, 4, 16], "name": "Triumph Enterprises", "annual_revenue": "8666000", "cm_phone": "703-563-4402", "cage": "357V4", "sam_status": "ACTIVE", "number_of_employees": 63, "cm_name": "Lucy R. Aguinaldo", "duns_4": "1672510110000", "sam_exclusion": false}}, {"pk": 71, "model": "vendor.vendor", "fields": {"sam_address": "405 E MAIN ST", "pm_phone": "410-768-5494", "sam_activation_date": "2014-08-29T13:10:55Z", "sam_citystate": "ELIZABETH CITY, NC 27909", "pm_email": "Bob.burnett@vectorcsp.com", "sam_url": "http://www.vectorcsp.com", "cm_email": "jahejmanowski@vectorcsp.com", "duns": "110994303", "pm_name": "Bob Burnett", "setasides": [], "name": "Vector CSP LLC", "annual_revenue": "0", "cm_phone": "252-338-2264", "cage": "3CWE7", "sam_status": "ACTIVE", "number_of_employees": 0, "cm_name": "Jane Ann Hejmanowski", "duns_4": "1109943030000", "sam_exclusion": false}}, {"pk": 72, "model": "vendor.vendor", "fields": {"sam_address": "100 Sandau Ste 300", "pm_phone": "210-822-8712 x 6028", "sam_activation_date": "2014-06-26T11:45:22Z", "sam_citystate": "San Antonio, TX 78216", "pm_email": "oasissb-xti@x-technologies.com\u00a0\u00a0", "sam_url": "http://www.x-technologies.com", "cm_email": "oasissb-xti@x-technologies.com\u00a0\u00a0", "duns": "044271547", "pm_name": "Robert Trevino", "setasides": [4, 8, 11], "name": "X Technologies Inc", "annual_revenue": "4500000", "cm_phone": "210-822-8712 x 6013", "cage": "1JDN2", "sam_status": "ACTIVE", "number_of_employees": 40, "cm_name": "Kay Zdon", "duns_4": "0442715470000", "sam_exclusion": false}}, {"pk": 73, "model": "vendor.vendor", "fields": {"sam_address": "54 OLD HAMPTON LN", "pm_phone": "757-325-1270", "sam_activation_date": "2014-03-27T10:00:01Z", "sam_citystate": "HAMPTON, VA 23669", "pm_email": "\u00a0oasis@zeltech.com", "sam_url": "http://www.zeltech.com", "cm_email": "susan.hughes@zeltech.com", "duns": "825732993", "pm_name": "Chuck Mitchell", "setasides": [1, 4, 7], "name": "Zel Technologies", "annual_revenue": "0", "cm_phone": "757-325-1331", "cage": "0NPX4", "sam_status": "ACTIVE", "number_of_employees": 0, "cm_name": "Susan Hughes", "duns_4": "8257329930000", "sam_exclusion": false}}, {"pk": 74, "model": "vendor.vendor", "fields": {"sam_address": "410 JAN DAVIS DR NW", "pm_phone": "256-922-0802", "sam_activation_date": "2014-07-23T09:30:05Z", "sam_citystate": "HUNTSVILLE, AL 35806", "pm_email": "jvaughan@aegistg.com", "sam_url": "http://www.aegistg.com", "cm_email": "ybrennan@aegistg.com", "duns": "625694500", "pm_name": "Jay Vaughan", "setasides": [], "name": "AEgis Technologies Group", "annual_revenue": "34115000", "cm_phone": "256-922-0802", "cage": "0EXA1", "sam_status": "ACTIVE", "number_of_employees": 200, "cm_name": "Yvonne Brennan", "duns_4": "6256945000000", "sam_exclusion": false}}, {"pk": 75, "model": "vendor.vendor", "fields": {"sam_address": "7000 Muirkirk Meadows Dr ", "pm_phone": null, "sam_activation_date": "2014-06-11T17:45:21Z", "sam_citystate": "Beltsville, MD 20705", "pm_email": null, "sam_url": "http://www.ascs-corp.com", "cm_email": null, "duns": "968706106", "pm_name": null, "setasides": [4, 11], "name": "Arctic Slope Technical Services, Inc.", "annual_revenue": "2259448", "cm_phone": null, "cage": "6HBK6", "sam_status": "ACTIVE", "number_of_employees": 87, "cm_name": null, "duns_4": "9687061060000", "sam_exclusion": false}}, {"pk": 76, "model": "vendor.vendor", "fields": {"sam_address": "84 S St ", "pm_phone": "703-765-6623", "sam_activation_date": "2014-01-16T11:30:14Z", "sam_citystate": "Carlisle, MA 01741", "pm_email": "magnuson@assurtech.com", "sam_url": "http://www.assurtech.com/", "cm_email": "turcotte@assurtech.com", "duns": "069338820", "pm_name": "Frank Magnuson", "setasides": [], "name": "Assurance Technolgy Corporation", "annual_revenue": "0", "cm_phone": "703-765-6623", "cage": "8L918", "sam_status": "ACTIVE", "number_of_employees": 0, "cm_name": "Maurice (Mo) Turcotte", "duns_4": "0693388200000", "sam_exclusion": false}}, {"pk": 77, "model": "vendor.vendor", "fields": {"sam_address": "4900 Seminary Rd Ste 1200 ", "pm_phone": null, "sam_activation_date": "2014-06-09T12:02:50Z", "sam_citystate": "Alexandria, VA 22311", "pm_email": null, "sam_url": null, "cm_email": null, "duns": "626979228", "pm_name": null, "setasides": [9, 11], "name": "Bowhead Logistics Solutions, LLC", "annual_revenue": "1186813", "cm_phone": null, "cage": "4NFX9", "sam_status": "ACTIVE", "number_of_employees": 2, "cm_name": null, "duns_4": "6269792280000", "sam_exclusion": false}}, {"pk": 78, "model": "vendor.vendor", "fields": {"sam_address": "3572 DAYTON XENIA RD STE 210", "pm_phone": "937-431-9431 x 13", "sam_activation_date": "2014-04-28T15:45:41Z", "sam_citystate": "BEAVERCREEK, OH 45432", "pm_email": "BTASGSAOASIS@btas.com", "sam_url": "http://www.btas.com", "cm_email": "BTASGSAOASIS@btas.com", "duns": "883504854", "pm_name": "George S. Vlahos", "setasides": [3, 10, 8, 4], "name": "BTAS", "annual_revenue": "0", "cm_phone": "937-431-9431 x 23", "cage": "07GB6", "sam_status": "ACTIVE", "number_of_employees": 0, "cm_name": "Jerry T. Copes", "duns_4": "8835048540000", "sam_exclusion": false}}, {"pk": 79, "model": "vendor.vendor", "fields": {"sam_address": "400 VIRGINIA AVE SW STE 710", "pm_phone": "202-747-2430", "sam_activation_date": "2014-07-28T22:45:12Z", "sam_citystate": "WASHINGTON, DC 20024", "pm_email": "OASIS@cssiinc.com", "sam_url": null, "cm_email": "contracts@cssiinc.com", "duns": "621420991", "pm_name": "Jim Powell", "setasides": [3, 4, 8], "name": "CSSI", "annual_revenue": "0", "cm_phone": "202-863-3695", "cage": "0YUD7", "sam_status": "ACTIVE", "number_of_employees": 0, "cm_name": "Roberta (Robbie) Comer", "duns_4": "6214209910000", "sam_exclusion": false}}, {"pk": 80, "model": "vendor.vendor", "fields": {"sam_address": "1400 Crystal Dr Suite 1400 ", "pm_phone": "703-682-0751", "sam_activation_date": "2014-04-16T12:15:17Z", "sam_citystate": "Arlington, VA 22202", "pm_email": "shawn.shanley@dac.us", "sam_url": "http://www.dac.us", "cm_email": "april.lesho@dac.us", "duns": "036593457", "pm_name": "Shawn Shanley", "setasides": [1], "name": "Decisive Analytics", "annual_revenue": "33000000", "cm_phone": "703-414-5004", "cage": "06CT8", "sam_status": "ACTIVE", "number_of_employees": 153, "cm_name": "April Lesho", "duns_4": "0365934570000", "sam_exclusion": false}}, {"pk": 81, "model": "vendor.vendor", "fields": {"sam_address": "8 NESHAMINY INTERPLEX DR STE 209", "pm_phone": "703-261-6062", "sam_activation_date": "2013-10-04T13:30:12Z", "sam_citystate": "FEASTERVILLE TREVOSE, PA 19053", "pm_email": "Chris.lawrence@dsainc.com", "sam_url": "http://www.dsainc.com", "cm_email": "Barbara.golder@dsainc.com", "duns": "048620512", "pm_name": "Chris Lawrence", "setasides": [], "name": "Data Systems Analyst, Inc.", "annual_revenue": "0", "cm_phone": "703-261-6032", "cage": "4D266", "sam_status": "ACTIVE", "number_of_employees": 0, "cm_name": "Barbara J. Golder", "duns_4": "0486205120000", "sam_exclusion": false}}, {"pk": 82, "model": "vendor.vendor", "fields": {"sam_address": "565 SPACE CENTER DRIVE, SUITE 330", "pm_phone": "719-475-0605 x 1001", "sam_activation_date": "2014-08-20T13:32:15Z", "sam_citystate": "COLORADO SPRINGS, CO 80915", "pm_email": "Kbain@deltasands.com", "sam_url": "http://www.deltasands.com", "cm_email": "Kbain@deltasands.com", "duns": "124651964", "pm_name": "Kelly L Bain", "setasides": [1, 2], "name": "Delta Solutions and Strategies, LLC", "annual_revenue": "14200000", "cm_phone": "719-475-0605 x 1001", "cage": "1RUU6", "sam_status": "ACTIVE", "number_of_employees": 112, "cm_name": "Kelly L Bain", "duns_4": "1246519640000", "sam_exclusion": false}}, {"pk": 83, "model": "vendor.vendor", "fields": {"sam_address": "14401 Sweitzer Ln Ste 300 ", "pm_phone": "314-738-9044", "sam_activation_date": "2014-02-26T14:46:00Z", "sam_citystate": "Laurel, MD 20707", "pm_email": "George.Putnam@ertcorp.com", "sam_url": "http://www.ertcorp.com/", "cm_email": "Benita.Whitfield@ertcorp.com", "duns": "090770967", "pm_name": "George Putman", "setasides": [3, 5, 10, 4], "name": "Earth Resources Technology Inc.", "annual_revenue": "3300000", "cm_phone": "301-323-1435|", "cage": "1TZ41", "sam_status": "ACTIVE", "number_of_employees": 92, "cm_name": "Benita Whitfield", "duns_4": "0907709670000", "sam_exclusion": false}}, {"pk": 84, "model": "vendor.vendor", "fields": {"sam_address": "110 HARTWELL AVE STE 1", "pm_phone": "703-633-1652", "sam_activation_date": "2014-07-18T14:15:07Z", "sam_citystate": "LEXINGTON, MA 02421", "pm_email": "Amanda.pedersen@erg.com", "sam_url": "http://www.erg.com", "cm_email": "Kelly.Loomis@erg.com", "duns": "112947395", "pm_name": "Amanda Pedersen", "setasides": [], "name": "Eastern Research Group (ERG)", "annual_revenue": "41", "cm_phone": "703-633-1708", "cage": "00GP8", "sam_status": "ACTIVE", "number_of_employees": 319, "cm_name": "Kelly Loomis", "duns_4": "1129473950000", "sam_exclusion": false}}, {"pk": 85, "model": "vendor.vendor", "fields": {"sam_address": "5870 TRINITY PARKWAY STE 400", "pm_phone": "703-543-2930", "sam_activation_date": "2014-05-14T09:45:14Z", "sam_citystate": "CENTREVILLE, VA 20120", "pm_email": "evazquez@fulcrumit.com", "sam_url": "HTTP://WWW.FULCRUMCO.COM", "cm_email": "jjanulis@fulcrumit.com", "duns": "048382386", "pm_name": "Eric Vazquez", "setasides": [], "name": "Fulcrum IT Services", "annual_revenue": "65", "cm_phone": "703-543-2911", "cage": "0E1B6", "sam_status": "ACTIVE", "number_of_employees": 98, "cm_name": "Jim Janulis", "duns_4": "0483823860000", "sam_exclusion": false}}, {"pk": 86, "model": "vendor.vendor", "fields": {"sam_address": "7855 WALKER DR STE 200", "pm_phone": "240-542-1128", "sam_activation_date": "2014-01-13T16:47:53Z", "sam_citystate": "GREENBELT, MD 20770", "pm_email": "chris.moren@gst.com", "sam_url": "http://www.gst.com", "cm_email": "sandra.stewart@gst.com", "duns": "803721679", "pm_name": "Chris Moren", "setasides": [4, 5, 11], "name": "Global Science and Technology", "annual_revenue": "40", "cm_phone": "304-534-3128 x 118", "cage": "0YST4", "sam_status": "ACTIVE", "number_of_employees": 230, "cm_name": "Sandra Stewart", "duns_4": "8037216790000", "sam_exclusion": false}}, {"pk": 87, "model": "vendor.vendor", "fields": {"sam_address": "212 Eglin Pkwy SE ", "pm_phone": "850-362-6551", "sam_activation_date": "2014-06-16T16:00:36Z", "sam_citystate": "Fort Walton Beach, FL 32548", "pm_email": "Charlie.Minter@hxfive.com", "sam_url": "www.hxfive.com", "cm_email": "Todd.Burkhardt@hxfive.com", "duns": "781841080", "pm_name": "Charlie Minter", "setasides": [3, 1, 2, 8, 11, 4, 16], "name": "HX5, LLC", "annual_revenue": "2500000", "cm_phone": "850-362-6551", "cage": "4VMT5", "sam_status": "ACTIVE", "number_of_employees": 100, "cm_name": "Todd Burkhardt", "duns_4": "7818410800000", "sam_exclusion": false}}, {"pk": 88, "model": "vendor.vendor", "fields": {"sam_address": "689 DISCOVERY DR BLDG 1 STE 500", "pm_phone": "850-496-1040", "sam_activation_date": "2014-04-18T13:45:42Z", "sam_citystate": "HUNTSVILLE, AL 35806", "pm_email": "rocky.arrants@i3-corps.com", "sam_url": null, "cm_email": "marsha.wells@i3-corps.com", "duns": "009699346", "pm_name": "Rocky Arrants", "setasides": [], "name": "Integration Innovation Inc", "annual_revenue": "6000000", "cm_phone": "256-270-4872", "cage": "4ZSH3", "sam_status": "ACTIVE", "number_of_employees": 83, "cm_name": "Marsha Wells", "duns_4": "0096993460000", "sam_exclusion": false}}, {"pk": 89, "model": "vendor.vendor", "fields": {"sam_address": "360 B Quality Cir Nw", "pm_phone": "256-705-6826", "sam_activation_date": "2014-04-23T10:01:11Z", "sam_citystate": "Huntsville, AL 35806", "pm_email": "matthew.schmitz@intrepidinc.com", "sam_url": null, "cm_email": "jane.northrop@intrepidinc.com", "duns": "136578262", "pm_name": "Matthew Schmitz", "setasides": [], "name": "Intrepid", "annual_revenue": "225541664", "cm_phone": "256-705-6848", "cage": "1VDA4", "sam_status": "ACTIVE", "number_of_employees": 977, "cm_name": "Jane Northrop", "duns_4": "1365782620000", "sam_exclusion": false}}, {"pk": 90, "model": "vendor.vendor", "fields": {"sam_address": "5140 W GOLDLEAF CIR STE 400", "pm_phone": "719-358-5810", "sam_activation_date": "2014-05-07T11:15:12Z", "sam_citystate": "LOS ANGELES, CA 90056", "pm_email": "bruce.smith@linquest.com", "sam_url": "http://www.linquest.com/", "cm_email": "ellen.tunkelrott@linquest.com", "duns": "140389763", "pm_name": "Bruce Smith", "setasides": [], "name": "LinQuest Corporation", "annual_revenue": "47711000", "cm_phone": "323-924-1515", "cage": "3MZU6", "sam_status": "ACTIVE", "number_of_employees": 284, "cm_name": "Ellen Tunkelrott", "duns_4": "1403897630000", "sam_exclusion": false}}, {"pk": 91, "model": "vendor.vendor", "fields": {"sam_address": "18050 Saturn Lane Ste 300", "pm_phone": "281-823-6223", "sam_activation_date": "2014-07-03T15:01:05Z", "sam_citystate": "Houston, TX 77058", "pm_email": "oasis@meitechinc.com", "sam_url": "http://www.meitechinc.com", "cm_email": "oasis@meitechinc.com", "duns": "859145658", "pm_name": "Ed Emig", "setasides": [1, 2, 8, 4], "name": "MEI Technologies", "annual_revenue": "0", "cm_phone": "281-823-6238", "cage": "0XBY6", "sam_status": "ACTIVE", "number_of_employees": 0, "cm_name": "Suzanne Carter", "duns_4": "8591456580000", "sam_exclusion": false}}, {"pk": 92, "model": "vendor.vendor", "fields": {"sam_address": "100 NE Loop 410 Ste 520 ", "pm_phone": "609-638-7000", "sam_activation_date": "2014-03-03T16:15:04Z", "sam_citystate": "San Antonio, TX 78216", "pm_email": "Oasis@metricanet.com", "sam_url": "http://www.metricanet.com", "cm_email": "lpadilla@metricanet.com", "duns": "156753402", "pm_name": "Brice Stone", "setasides": [3, 4, 7], "name": "Metrica Inc", "annual_revenue": "19000000", "cm_phone": "210-248-8209", "cage": "0UTY8", "sam_status": "ACTIVE", "number_of_employees": 75, "cm_name": "Laura Padilla", "duns_4": "1567534020000", "sam_exclusion": false}}, {"pk": 93, "model": "vendor.vendor", "fields": {"sam_address": "8330 BOONE BLVD STE 600", "pm_phone": "571-327-2903", "sam_activation_date": "2014-05-30T15:00:10Z", "sam_citystate": "VIENNA, VA 22182", "pm_email": "bedgar@microtech.net", "sam_url": "http://www.microtech.net", "cm_email": "sscott@microtech.net", "duns": "145454182", "pm_name": "Bill Edgar", "setasides": [1, 2, 8, 4], "name": "MicroTech", "annual_revenue": "6870183", "cm_phone": "571-327-2913", "cage": "3TSJ0", "sam_status": "ACTIVE", "number_of_employees": 263, "cm_name": "Sandy Scott", "duns_4": "1454541820000", "sam_exclusion": false}}, {"pk": 94, "model": "vendor.vendor", "fields": {"sam_address": "2231 Crystal Dr Ste 711 ", "pm_phone": "703-413-7798", "sam_activation_date": "2014-07-22T10:15:05Z", "sam_citystate": "Arlington, VA 22202", "pm_email": "kbaird@meicompany.com", "sam_url": "http://www.meicompany.com/", "cm_email": "dthomas@meicompany.com", "duns": "011971939", "pm_name": "Ken Baird", "setasides": [1], "name": "Millennium Engineering and Integration", "annual_revenue": "65434760", "cm_phone": "703-413-7765", "cage": "1B5V4", "sam_status": "ACTIVE", "number_of_employees": 286, "cm_name": "Dianne Thomas", "duns_4": "0119719390000", "sam_exclusion": false}}, {"pk": 95, "model": "vendor.vendor", "fields": {"sam_address": "24 HARTWELL AVE", "pm_phone": "781-676-7361", "sam_activation_date": "2014-05-09T12:00:46Z", "sam_citystate": "LEXINGTON, MA 02421", "pm_email": "MMcElwain@OasisSystems.com", "sam_url": "http://www.oasissystems.com/", "cm_email": "mlubrano@OasisSystems.com", "duns": "176018810", "pm_name": "Michael McElwain", "setasides": [], "name": "OASIS Systems", "annual_revenue": "35118992", "cm_phone": "781-879-1445", "cage": "1EDN2", "sam_status": "ACTIVE", "number_of_employees": 270, "cm_name": "Mike Lubrano", "duns_4": "1760188100000", "sam_exclusion": false}}, {"pk": 96, "model": "vendor.vendor", "fields": {"sam_address": "201 Edgewater Dr Ste 270 ", "pm_phone": "781-245-0111 x 114", "sam_activation_date": "2014-06-27T10:01:09Z", "sam_citystate": "Wakefield, MA 01880", "pm_email": "thomasportlock@odysseyconsult.com", "sam_url": "www.odysseyconsult.com", "cm_email": "kathleenmunroe@odysseyconsult.com", "duns": "090739830", "pm_name": "Thomas Portlock", "setasides": [], "name": "Odyssey Systems", "annual_revenue": "19", "cm_phone": "781-245-0111 x 112", "cage": "09DF6", "sam_status": "ACTIVE", "number_of_employees": 160, "cm_name": "Kathleen Munroe", "duns_4": "0907398300000", "sam_exclusion": false}}, {"pk": 97, "model": "vendor.vendor", "fields": {"sam_address": "10201 FAIRFAX BLVD STE 400", "pm_phone": "703-246-9664", "sam_activation_date": "2014-09-02T17:45:10Z", "sam_citystate": "FAIRFAX, VA 22030", "pm_email": "OASIS@pesystems.com", "sam_url": "http://www.pesystems.com", "cm_email": "OASIS@pesystems.com", "duns": "867796989", "pm_name": "David M. Zivich", "setasides": [1, 7, 2, 4], "name": "PE Systems", "annual_revenue": "0", "cm_phone": "703-246-9663", "cage": "5H249", "sam_status": "ACTIVE", "number_of_employees": 0, "cm_name": "Kevin Dyson", "duns_4": "8677969890000", "sam_exclusion": false}}, {"pk": 98, "model": "vendor.vendor", "fields": {"sam_address": "5845 Richmond Hwy 7th Fl ", "pm_phone": "703-682-2046", "sam_activation_date": "2014-08-12T15:30:24Z", "sam_citystate": "Alexandria, VA 22303", "pm_email": "Jane.schaub@pxi.com", "sam_url": "http://www.pxi.com", "cm_email": "Kelly.davis@pxi.com", "duns": "939944146", "pm_name": "Jane Schaub", "setasides": [], "name": "Praxis Inc", "annual_revenue": "0", "cm_phone": "703-682-2053", "cage": "0RK23", "sam_status": "ACTIVE", "number_of_employees": 0, "cm_name": "Kelly Davis", "duns_4": "9399441460000", "sam_exclusion": false}}, {"pk": 99, "model": "vendor.vendor", "fields": {"sam_address": "350 WYNN DR NW", "pm_phone": "256-325-7859", "sam_activation_date": "2014-04-18T11:00:27Z", "sam_citystate": "HUNTSVILLE, AL 35805", "pm_email": "ddiaddario@radiancetech.com", "sam_url": "http://www.radiancetech.com", "cm_email": "vbalch@radiancetech.com", "duns": "031994218", "pm_name": "David Diaddario", "setasides": [], "name": "Radiance Technologies", "annual_revenue": "25000000", "cm_phone": "256-489-8966", "cage": "1H1J5", "sam_status": "ACTIVE", "number_of_employees": 175, "cm_name": "Victor D. Balch", "duns_4": "0319942180000", "sam_exclusion": false}}, {"pk": 100, "model": "vendor.vendor", "fields": {"sam_address": "2950 E HARMONY RD STE 390", "pm_phone": "970-484-7573", "sam_activation_date": "2014-04-21T13:15:15Z", "sam_citystate": "FORT COLLINS, CO 80528", "pm_email": "Brian.Ashe@Riverside.com", "sam_url": "http://www.riverside.com", "cm_email": "Doug.greer@riverside.com", "duns": "139725865", "pm_name": "Brian Ashe", "setasides": [], "name": "Riverside Technologies, Inc.", "annual_revenue": "4466880", "cm_phone": "970-484-7573", "cage": "1FJF9", "sam_status": "ACTIVE", "number_of_employees": 40, "cm_name": "Douglas Greer", "duns_4": "1397258650000", "sam_exclusion": false}}, {"pk": 101, "model": "vendor.vendor", "fields": {"sam_address": "4901 CORPORATE DR NW STE C", "pm_phone": "256-319-9283", "sam_activation_date": "2014-08-05T11:45:27Z", "sam_citystate": "HUNTSVILLE, AL 35805", "pm_email": "oasismanagement@sigmatech.com", "sam_url": "http://www.sigmatech.com", "cm_email": "Debbie.gerrity@sigmatech.com", "duns": "193460839", "pm_name": "Mark Arn", "setasides": [], "name": "Sigmatech, Inc.", "annual_revenue": "12", "cm_phone": "256-319-9212", "cage": "69572", "sam_status": "ACTIVE", "number_of_employees": 89, "cm_name": "Debbie Gerrity", "duns_4": "1934608390000", "sam_exclusion": false}}, {"pk": 102, "model": "vendor.vendor", "fields": {"sam_address": "1 COMPASS WAY STE 300", "pm_phone": "757-224-7500 x 5553", "sam_activation_date": "2014-05-08T11:15:59Z", "sam_citystate": "NEWPORT NEWS, VA 23606", "pm_email": "oasis@sptrm.com", "sam_url": "http://www.sptrm.com", "cm_email": "oasis@sptrm.com", "duns": "799264531", "pm_name": "Serdar Gokcen", "setasides": [1], "name": "Spectrum Comm, Inc", "annual_revenue": "6335620", "cm_phone": "757-224-7500 x 5537", "cage": "1LXY1", "sam_status": "ACTIVE", "number_of_employees": 78, "cm_name": "Crystal Clark", "duns_4": "7992645310000", "sam_exclusion": false}}, {"pk": 103, "model": "vendor.vendor", "fields": {"sam_address": "4075 WILSON BLVD STE 200", "pm_phone": "703-276-2207", "sam_activation_date": "2014-01-28T20:00:11Z", "sam_citystate": "ARLINGTON, VA 22203", "pm_email": "burgea@sainc.com", "sam_url": "http://www.sainc.com", "cm_email": "jgates@sainc.com", "duns": "153878996", "pm_name": "Alice Burgess", "setasides": [], "name": "Strategic Analysis Inc", "annual_revenue": "54719688", "cm_phone": "703-797-2288", "cage": "44609", "sam_status": "ACTIVE", "number_of_employees": 252, "cm_name": "Judit Gates", "duns_4": "1538789960000", "sam_exclusion": false}}, {"pk": 104, "model": "vendor.vendor", "fields": {"sam_address": "4695 MILLENNIUM DR", "pm_phone": "410-273-7722 x 226", "sam_activation_date": "2014-07-16T00:17:21Z", "sam_citystate": "BELCAMP, MD 21017", "pm_email": "jordan.matthews@survice.com", "sam_url": null, "cm_email": "liz.seaburn@survice.com", "duns": "035414697", "pm_name": "Jordan Matthews", "setasides": [], "name": "Survice Engineering Company, LLC", "annual_revenue": "0", "cm_phone": "410-273-7722 x 207", "cage": "7T988", "sam_status": "ACTIVE", "number_of_employees": 0, "cm_name": "Liz Seaburn", "duns_4": "0354146970000", "sam_exclusion": false}}, {"pk": 105, "model": "vendor.vendor", "fields": {"sam_address": "4035 CHRIS DR SW STE C", "pm_phone": "256-319-6045", "sam_activation_date": "2014-03-31T10:00:35Z", "sam_citystate": "HUNTSVILLE, AL 35802", "pm_email": "clay.hagan@torchtechnologies.com", "sam_url": "http://www.torchtechnologies.com", "cm_email": "kenneth.lones@torchtechnologies.com", "duns": "122515708", "pm_name": "Clay Hagan", "setasides": [], "name": "Torch Technologies", "annual_revenue": "14866666", "cm_phone": "256-319-6019", "cage": "3CBV3", "sam_status": "ACTIVE", "number_of_employees": 125, "cm_name": "Kenneth W. Lones", "duns_4": "1225157080000", "sam_exclusion": false}}, {"pk": 106, "model": "vendor.vendor", "fields": {"sam_address": "1270 N FAIRFIELD RD", "pm_phone": "937-426-2808", "sam_activation_date": "2014-04-07T10:01:08Z", "sam_citystate": "DAYTON, OH 45432", "pm_email": "bhack@utcdayton.com", "sam_url": null, "cm_email": "dvarner@utcdayton.com", "duns": "004475216", "pm_name": "William D. Hack", "setasides": [], "name": "Universal Technology Corp.", "annual_revenue": "0", "cm_phone": "937-426-2808", "cage": "1B731", "sam_status": "ACTIVE", "number_of_employees": 0, "cm_name": "Donna L. Varner", "duns_4": "0044752160000", "sam_exclusion": false}}, {"pk": 107, "model": "vendor.vendor", "fields": {"sam_address": "6728 Odyssey Dr", "pm_phone": "719-638-7921 x 102", "sam_activation_date": "2014-07-21T19:30:05Z", "sam_citystate": "Huntsville, AL 35806", "pm_email": "sgilson@colsa.com", "sam_url": "http://www.colsa.com", "cm_email": "ccurry@colsa.com", "duns": "102067378", "pm_name": "Scott Gilson", "setasides": [1, 2, 8], "name": "Colsa", "annual_revenue": "140000000", "cm_phone": "256-964-5237", "cage": "4U825", "sam_status": "ACTIVE", "number_of_employees": 900, "cm_name": "Charlotte Curry", "duns_4": "1020673780000", "sam_exclusion": false}}, {"pk": 108, "model": "vendor.vendor", "fields": {"sam_address": "5030 BRADFORD DR NW STE 205", "pm_phone": "256-922-9300 x 120", "sam_activation_date": "2014-05-30T18:00:06Z", "sam_citystate": "HUNTSVILLE, AL 35805", "pm_email": "donna.meadows@irtc-hq.com", "sam_url": "http://www.irtc-hq.com", "cm_email": "oasis@irtc-hq.com", "duns": "034964945", "pm_name": "Donna Meadows", "setasides": [], "name": "Intuitive Research and Technology", "annual_revenue": "0", "cm_phone": "256-922-9300 x 133", "cage": "1MQC1", "sam_status": "ACTIVE", "number_of_employees": 0, "cm_name": "Carrie Lewis", "duns_4": "0349649450000", "sam_exclusion": false}}, {"pk": 109, "model": "vendor.vendor", "fields": {"sam_address": "2010 CORPORATE RDG STE 350", "pm_phone": "703-740-2238", "sam_activation_date": "2014-08-11T09:15:12Z", "sam_citystate": "MCLEAN, VA 22102", "pm_email": "OASIS.COPM@mcri.com", "sam_url": null, "cm_email": "OASIS.COCM@mcri.com", "duns": "028509656", "pm_name": "Debra Lehman", "setasides": [], "name": "MCR Federal", "annual_revenue": "55000000", "cm_phone": "703-740-2236", "cage": "0GYV7", "sam_status": "ACTIVE", "number_of_employees": 480, "cm_name": "Debra Ferguson", "duns_4": "0285096560000", "sam_exclusion": false}}, {"pk": 110, "model": "vendor.vendor", "fields": {"sam_address": "5285 SHAWNEE RD STE 400", "pm_phone": "719-445-2590", "sam_activation_date": "2014-04-21T19:45:20Z", "sam_citystate": "ALEXANDRIA, VA 22312", "pm_email": "oasis@mtsi-va.com.", "sam_url": "http://www.mtsi-va.com", "cm_email": "oasis@mtsi-va.com.", "duns": "807454640", "pm_name": "Mark Lester", "setasides": [], "name": "MTSI", "annual_revenue": "46831848", "cm_phone": "937-426-9025 x 116", "cage": "0X988", "sam_status": "ACTIVE", "number_of_employees": 371, "cm_name": "Carol A. Maus", "duns_4": "8074546400000", "sam_exclusion": false}}, {"pk": 111, "model": "vendor.vendor", "fields": {"sam_address": "102 Pinnacle Dr ", "pm_phone": "408-807-4397", "sam_activation_date": "2014-06-02T10:30:30Z", "sam_citystate": "Fremont, OH 43420", "pm_email": "skihara@sierralobo.com", "sam_url": null, "cm_email": "jsultzbaugh@sierralobo.com", "duns": "928298983", "pm_name": "Steve Kihara", "setasides": [4, 8, 11], "name": "Sierra Lobo Inc", "annual_revenue": "18", "cm_phone": "419-499-9653 x 104", "cage": "01HY9", "sam_status": "ACTIVE", "number_of_employees": 260, "cm_name": "Jeffrey (Jeff) Sultzbaugh", "duns_4": "9282989830000", "sam_exclusion": false}}, {"pk": 112, "model": "vendor.vendor", "fields": {"sam_address": "420 S FAIRVIEW AVE STE 201", "pm_phone": "310-640-4700 x 2651", "sam_activation_date": "2013-10-10T07:00:03Z", "sam_citystate": "GOLETA, CA 93117", "pm_email": "bwebber@tecolote.com", "sam_url": "http://www.tecolote.com", "cm_email": "ehawes@tecolote.com", "duns": "074108176", "pm_name": "Blaine Webber", "setasides": [], "name": "Tecolote Research Inc", "annual_revenue": "72", "cm_phone": "805-571-6366 x 126", "cage": "0BMB0", "sam_status": "ACTIVE", "number_of_employees": 492, "cm_name": "Elizabeth Hawes", "duns_4": "0741081760000", "sam_exclusion": false}}, {"pk": 113, "model": "vendor.vendor", "fields": {"sam_address": null, "pm_phone": "757-865-7093 x 306", "sam_activation_date": null, "sam_citystate": null, "pm_email": "junnam@asm-usa.com", "sam_url": null, "cm_email": "bala@asm-usa.com", "duns": "119069502", "pm_name": "Dr. Jalaiah Unnam", "setasides": [], "name": "Analytical Services and Materials Inc.", "annual_revenue": null, "cm_phone": "757-865-7093 x 311", "cage": null, "sam_status": null, "number_of_employees": null, "cm_name": "Dr. G. Balasubramanian", "duns_4": "1190695020000", "sam_exclusion": null}}, {"pk": 114, "model": "vendor.vendor", "fields": {"sam_address": "10210 Greenbelt Rd Ste 400", "pm_phone": "757-951-1932", "sam_activation_date": "2013-11-05T11:00:21Z", "sam_citystate": "Lanham, MD 20706", "pm_email": "Robert.Valli@ssaihq.com", "sam_url": "http://www.ssaihq.com", "cm_email": "gwac_pmo@ssaihq.com", "duns": "087694808", "pm_name": "Robert Valli", "setasides": [3, 4, 6], "name": "Science Systems and Applications, Inc.", "annual_revenue": "76200000", "cm_phone": "301-867-6281", "cage": "5S009", "sam_status": "ACTIVE", "number_of_employees": 568, "cm_name": "Hannah Froe", "duns_4": "0876948080000", "sam_exclusion": false}}, {"pk": 115, "model": "vendor.vendor", "fields": {"sam_address": "156 William St 9th Fl ", "pm_phone": "937-239-0024", "sam_activation_date": "2014-06-23T11:31:58Z", "sam_citystate": "New York, NY 10038", "pm_email": "gwittlinger@appliedres.com", "sam_url": null, "cm_email": "gwittlinger@appliedres.com", "duns": "807990382", "pm_name": "Gary Wittlinger", "setasides": [], "name": "Applied Research Solutions", "annual_revenue": null, "cm_phone": "937-239-0024", "cage": "4YHD4", "sam_status": "ACTIVE", "number_of_employees": null, "cm_name": "Gary Wittlinger", "duns_4": "8079903820000", "sam_exclusion": false}}, {"pk": 116, "model": "vendor.vendor", "fields": {"sam_address": "4300 San Mateo Blvd Ne Ste A220 ", "pm_phone": "505-883-3636", "sam_activation_date": "2014-07-28T16:00:58Z", "sam_citystate": "Albuquerque, NM 87110", "pm_email": "ARA_OASIS_SB@ara.com", "sam_url": "http://www.ara.com", "cm_email": "ARA_OASIS_SB@ara.com", "duns": "097967608", "pm_name": "Bryan Milligan", "setasides": [], "name": "Applied Research Associates, Inc.", "annual_revenue": "188055264", "cm_phone": "505-881-8074", "cage": "9R446", "sam_status": "ACTIVE", "number_of_employees": 1183, "cm_name": "Marissa Otero", "duns_4": "0979676080000", "sam_exclusion": false}}, {"pk": 117, "model": "vendor.vendor", "fields": {"sam_address": "21471 GREAT MILLS RD", "pm_phone": "\u00a0301-737-4640", "sam_activation_date": "2014-08-25T09:15:12Z", "sam_citystate": "LEXINGTON PARK, MD 20653", "pm_email": "\u00a0ray.rose@compass-sys-inc.com", "sam_url": "http://www.compass-sys-inc.com/", "cm_email": "jack.duchesne@compass-sys-inc.com", "duns": "177985561", "pm_name": "Ray Rose", "setasides": [], "name": "Compass Systems Inc", "annual_revenue": "7400000", "cm_phone": "301-737-4640 x 335", "cage": "08AL5", "sam_status": "ACTIVE", "number_of_employees": 49, "cm_name": "Jack Duchesne", "duns_4": "1779855610000", "sam_exclusion": false}}, {"pk": 118, "model": "vendor.vendor", "fields": {"sam_address": "6909 METRO PARK DR STE 500", "pm_phone": "240-237-4824", "sam_activation_date": "2014-08-06T13:15:24Z", "sam_citystate": "ALEXANDRIA, VA 22310", "pm_email": "DCS_OASIS_SB@dcscorp.com", "sam_url": "http://www.dcscorp.com", "cm_email": "DCS_OASIS_SB@dcscorp.com", "duns": "083662916", "pm_name": "Lance Alsheimer", "setasides": [], "name": "DCS Corp", "annual_revenue": "0", "cm_phone": "571-227-6138", "cage": "1P418", "sam_status": "ACTIVE", "number_of_employees": 0, "cm_name": "Thomas Sgroi", "duns_4": "0836629160000", "sam_exclusion": false}}, {"pk": 119, "model": "vendor.vendor", "fields": {"sam_address": "1002 EXPLORER BLVD", "pm_phone": "256-964-4259", "sam_activation_date": "2014-07-17T14:30:50Z", "sam_citystate": "HUNTSVILLE, AL 35806", "pm_email": "cindy.griner@dynetics.com", "sam_url": "www.dynetics.com", "cm_email": "rosie.maul@dynetics.com", "duns": "075458455", "pm_name": "Cindy Griner", "setasides": [], "name": "Dynetics", "annual_revenue": "2000000000", "cm_phone": "256-964-4567", "cage": "7L855", "sam_status": "ACTIVE", "number_of_employees": 925, "cm_name": "Rosie Maul", "duns_4": "0754584550000", "sam_exclusion": false}}, {"pk": 120, "model": "vendor.vendor", "fields": {"sam_address": "308 Voyager Way, Suite 200 ", "pm_phone": "256-327-9168", "sam_activation_date": "2014-04-15T15:46:27Z", "sam_citystate": "Huntsville, AL 35806", "pm_email": "rstevens@erc-incorporated.com", "sam_url": null, "cm_email": "klyles@erc-incorporated.com", "duns": "095673521", "pm_name": "Randy Stevens", "setasides": [4, 5], "name": "Engineering Research and Consulting", "annual_revenue": "97105344", "cm_phone": "256-327-9170", "cage": "0VYZ2", "sam_status": "ACTIVE", "number_of_employees": 915, "cm_name": "Kenneth Lyles", "duns_4": "0956735210000", "sam_exclusion": false}}, {"pk": 121, "model": "vendor.vendor", "fields": {"sam_address": "1020 WOODMAN DR STE 100", "pm_phone": "937-252-2145 x 142", "sam_activation_date": "2014-08-21T09:00:11Z", "sam_citystate": "DAYTON, OH 45432", "pm_email": "canterc@itc-1.com", "sam_url": "http://www.itc-1.com/", "cm_email": "irishs@itc-1.com", "duns": "361317902", "pm_name": "Carl Canter", "setasides": [3, 10], "name": "Innovative Technologies Corp", "annual_revenue": "0", "cm_phone": "937-252-2145 x 115", "cage": "0EBK0", "sam_status": "ACTIVE", "number_of_employees": 0, "cm_name": "Shawn Irish", "duns_4": "3613179020000", "sam_exclusion": false}}, {"pk": 122, "model": "vendor.vendor", "fields": {"sam_address": "15020 CONFERENCE CENTER DRIVE, SUITE 100", "pm_phone": "703-378-8672 x 3535", "sam_activation_date": "2014-07-02T15:15:17Z", "sam_citystate": "CHANTILLY, VA 20151", "pm_email": "pkimes@integrity-apps.com", "sam_url": "http://www.integrity-apps.com", "cm_email": "mcave@integrity-apps.com", "duns": "047939504", "pm_name": "Peter Kimes", "setasides": [1], "name": "Integrity Applications", "annual_revenue": "70000000", "cm_phone": "703-674-3162", "cage": "1JSR9", "sam_status": "ACTIVE", "number_of_employees": 350, "cm_name": "Mike Cave", "duns_4": "0479395040000", "sam_exclusion": false}}, {"pk": 123, "model": "vendor.vendor", "fields": {"sam_address": "2300 Windy Rge Pwy Ste 400S", "pm_phone": "801-821-7466", "sam_activation_date": "2014-04-02T13:30:40Z", "sam_citystate": "Atlanta, GA 30339", "pm_email": "oasis@scires.com", "sam_url": "http://www.scires.com", "cm_email": "jgoldbau@scires.com", "duns": "197138274", "pm_name": "Jeffry M. Bringslid", "setasides": [], "name": "Scientific Research Corp (SRC)", "annual_revenue": "274644384", "cm_phone": "770-989-9408", "cage": "0D5A6", "sam_status": "ACTIVE", "number_of_employees": 1410, "cm_name": "Jerry Godbaugh", "duns_4": "1971382740000", "sam_exclusion": false}}, {"pk": 124, "model": "vendor.vendor", "fields": {"sam_address": "1 COPLEY PKWY STE 200", "pm_phone": "407-873-1456", "sam_activation_date": "2014-05-29T11:15:31Z", "sam_citystate": "MORRISVILLE, NC 27560", "pm_email": "thomas.wilson@usfalcon.com", "sam_url": "http://www.usfalcon.com", "cm_email": "mickey.fisher@usfalcon.com", "duns": "829288856", "pm_name": "Tom Wilson", "setasides": [1, 2, 4, 8, 11], "name": "US Falcon", "annual_revenue": "77996928", "cm_phone": "732-241-6026", "cage": "4CWP6", "sam_status": "ACTIVE", "number_of_employees": 113, "cm_name": "Mickey Fisher", "duns_4": "8292888560000", "sam_exclusion": false}}, {"pk": 125, "model": "vendor.vendor", "fields": {"sam_address": "11790 Sunrise Valley Dr ", "pm_phone": "850-792-1143 x 183", "sam_activation_date": "2014-06-30T09:49:00Z", "sam_citystate": "Reston, VA 20191", "pm_email": "rjustice@wbbinc.com", "sam_url": null, "cm_email": "jmartin@wbbinc.com", "duns": "131873457", "pm_name": "Richard Justice", "setasides": [], "name": "WB&B", "annual_revenue": "74000000", "cm_phone": "703-448-6081 x 148", "cage": "8Z634", "sam_status": "ACTIVE", "number_of_employees": 350, "cm_name": "Jerome Martin", "duns_4": "1318734570000", "sam_exclusion": false}}, {"pk": "1_SB", "model": "vendor.pool", "fields": {"number": "1", "vehicle": "OASISSB", "threshold": "$14 million", "naics": [15, 20, 6, 13, 8, 4, 7, 1, 9, 10, 19, 17, 2, 11, 12, 5, 14, 21, 16, 3, 18]}}, {"pk": "2_SB", "model": "vendor.pool", "fields": {"number": "2", "vehicle": "OASISSB", "threshold": "$19 million", "naics": [22, 23, 24, 25, 26]}}, {"pk": "3_SB", "model": "vendor.pool", "fields": {"number": "3", "vehicle": "OASISSB", "threshold": "$35.5 million", "naics": [27, 28, 29]}}, {"pk": "4_SB", "model": "vendor.pool", "fields": {"number": "4", "vehicle": "OASISSB", "threshold": "500 Employee", "naics": [30, 31]}}, {"pk": "5A_SB", "model": "vendor.pool", "fields": {"number": "5A", "vehicle": "OASISSB", "threshold": "1000 Employee", "naics": [32]}}, {"pk": "5B_SB", "model": "vendor.pool", "fields": {"number": "5B", "vehicle": "OASISSB", "threshold": "1000 Employee", "naics": [33]}}, {"pk": "6_SB", "model": "vendor.pool", "fields": {"number": "6", "vehicle": "OASISSB", "threshold": "1500 Employee ", "naics": [34]}}, {"pk": 1, "model": "vendor.poolpiid", "fields": {"pool": "1_SB", "vendor": 1, "piid": "GS00Q14OADS101"}}, {"pk": 2, "model": "vendor.poolpiid", "fields": {"pool": "1_SB", "vendor": 2, "piid": "GS00Q14OADS102"}}, {"pk": 3, "model": "vendor.poolpiid", "fields": {"pool": "1_SB", "vendor": 3, "piid": "GS00Q14OADS103"}}, {"pk": 4, "model": "vendor.poolpiid", "fields": {"pool": "1_SB", "vendor": 4, "piid": "GS00Q14OADS104"}}, {"pk": 5, "model": "vendor.poolpiid", "fields": {"pool": "1_SB", "vendor": 5, "piid": "GS00Q14OADS144"}}, {"pk": 6, "model": "vendor.poolpiid", "fields": {"pool": "1_SB", "vendor": 6, "piid": "GS00Q14OADS106"}}, {"pk": 7, "model": "vendor.poolpiid", "fields": {"pool": "1_SB", "vendor": 7, "piid": "GS00Q14OADS107"}}, {"pk": 8, "model": "vendor.poolpiid", "fields": {"pool": "1_SB", "vendor": 8, "piid": "GS00Q14OADS108"}}, {"pk": 9, "model": "vendor.poolpiid", "fields": {"pool": "1_SB", "vendor": 9, "piid": "GS00Q14OADS110"}}, {"pk": 10, "model": "vendor.poolpiid", "fields": {"pool": "1_SB", "vendor": 10, "piid": "GS00Q14OADS111"}}, {"pk": 11, "model": "vendor.poolpiid", "fields": {"pool": "1_SB", "vendor": 11, "piid": "GS00Q14OADS112"}}, {"pk": 12, "model": "vendor.poolpiid", "fields": {"pool": "1_SB", "vendor": 12, "piid": "GS00Q14OADS113"}}, {"pk": 13, "model": "vendor.poolpiid", "fields": {"pool": "1_SB", "vendor": 13, "piid": "GS00Q14OADS114"}}, {"pk": 14, "model": "vendor.poolpiid", "fields": {"pool": "1_SB", "vendor": 14, "piid": "GS00Q14OADS115"}}, {"pk": 15, "model": "vendor.poolpiid", "fields": {"pool": "1_SB", "vendor": 15, "piid": "GS00Q14OADS116"}}, {"pk": 16, "model": "vendor.poolpiid", "fields": {"pool": "1_SB", "vendor": 16, "piid": "GS00Q14OADS117"}}, {"pk": 17, "model": "vendor.poolpiid", "fields": {"pool": "1_SB", "vendor": 17, "piid": "GS00Q14OADS118"}}, {"pk": 18, "model": "vendor.poolpiid", "fields": {"pool": "1_SB", "vendor": 18, "piid": "GS00Q14OADS119"}}, {"pk": 19, "model": "vendor.poolpiid", "fields": {"pool": "1_SB", "vendor": 19, "piid": "GS00Q14OADS120"}}, {"pk": 20, "model": "vendor.poolpiid", "fields": {"pool": "1_SB", "vendor": 20, "piid": "GS00Q14OADS121"}}, {"pk": 21, "model": "vendor.poolpiid", "fields": {"pool": "1_SB", "vendor": 21, "piid": "GS00Q14OADS122"}}, {"pk": 22, "model": "vendor.poolpiid", "fields": {"pool": "1_SB", "vendor": 22, "piid": "GS00Q14OADS123"}}, {"pk": 23, "model": "vendor.poolpiid", "fields": {"pool": "1_SB", "vendor": 23, "piid": "GS00Q14OADS124"}}, {"pk": 24, "model": "vendor.poolpiid", "fields": {"pool": "1_SB", "vendor": 24, "piid": "GS00Q14OADS125"}}, {"pk": 25, "model": "vendor.poolpiid", "fields": {"pool": "1_SB", "vendor": 25, "piid": "GS00Q14OADS126"}}, {"pk": 26, "model": "vendor.poolpiid", "fields": {"pool": "1_SB", "vendor": 26, "piid": "GS00Q14OADS127"}}, {"pk": 27, "model": "vendor.poolpiid", "fields": {"pool": "1_SB", "vendor": 27, "piid": "GS00Q14OADS128"}}, {"pk": 28, "model": "vendor.poolpiid", "fields": {"pool": "1_SB", "vendor": 28, "piid": "GS00Q14OADS129"}}, {"pk": 29, "model": "vendor.poolpiid", "fields": {"pool": "1_SB", "vendor": 29, "piid": "GS00Q14OADS130"}}, {"pk": 30, "model": "vendor.poolpiid", "fields": {"pool": "1_SB", "vendor": 30, "piid": "GS00Q14OADS131"}}, {"pk": 31, "model": "vendor.poolpiid", "fields": {"pool": "1_SB", "vendor": 31, "piid": "GS00Q14OADS132"}}, {"pk": 32, "model": "vendor.poolpiid", "fields": {"pool": "1_SB", "vendor": 32, "piid": "GS00Q14OADS133"}}, {"pk": 33, "model": "vendor.poolpiid", "fields": {"pool": "1_SB", "vendor": 33, "piid": "GS00Q14OADS134"}}, {"pk": 34, "model": "vendor.poolpiid", "fields": {"pool": "1_SB", "vendor": 34, "piid": "GS00Q14OADS135"}}, {"pk": 35, "model": "vendor.poolpiid", "fields": {"pool": "1_SB", "vendor": 35, "piid": "GS00Q14OADS137"}}, {"pk": 36, "model": "vendor.poolpiid", "fields": {"pool": "1_SB", "vendor": 36, "piid": "GS00Q14OADS138"}}, {"pk": 37, "model": "vendor.poolpiid", "fields": {"pool": "1_SB", "vendor": 37, "piid": "GS00Q14OADS139"}}, {"pk": 38, "model": "vendor.poolpiid", "fields": {"pool": "1_SB", "vendor": 38, "piid": "GS00Q14OADS141"}}, {"pk": 39, "model": "vendor.poolpiid", "fields": {"pool": "1_SB", "vendor": 39, "piid": "GS00Q14OADS142"}}, {"pk": 40, "model": "vendor.poolpiid", "fields": {"pool": "1_SB", "vendor": 40, "piid": "GS00Q14OADS143"}}, {"pk": 41, "model": "vendor.poolpiid", "fields": {"pool": "2_SB", "vendor": 41, "piid": "GS00Q14OADS201"}}, {"pk": 42, "model": "vendor.poolpiid", "fields": {"pool": "2_SB", "vendor": 42, "piid": "GS00Q14OADS203"}}, {"pk": 43, "model": "vendor.poolpiid", "fields": {"pool": "2_SB", "vendor": 43, "piid": "GS00Q14OADS204"}}, {"pk": 44, "model": "vendor.poolpiid", "fields": {"pool": "2_SB", "vendor": 16, "piid": "GS00Q14OADS205"}}, {"pk": 45, "model": "vendor.poolpiid", "fields": {"pool": "2_SB", "vendor": 44, "piid": "GS00Q14OADS206"}}, {"pk": 46, "model": "vendor.poolpiid", "fields": {"pool": "2_SB", "vendor": 27, "piid": "GS00Q14OADS207"}}, {"pk": 47, "model": "vendor.poolpiid", "fields": {"pool": "2_SB", "vendor": 35, "piid": "GS00Q14OADS209"}}, {"pk": 48, "model": "vendor.poolpiid", "fields": {"pool": "3_SB", "vendor": 41, "piid": "GS00Q14OADS301"}}, {"pk": 49, "model": "vendor.poolpiid", "fields": {"pool": "3_SB", "vendor": 45, "piid": "GS00Q14OADS302"}}, {"pk": 50, "model": "vendor.poolpiid", "fields": {"pool": "3_SB", "vendor": 2, "piid": "GS00Q14OADS303"}}, {"pk": 51, "model": "vendor.poolpiid", "fields": {"pool": "3_SB", "vendor": 46, "piid": "GS00Q14OADS304"}}, {"pk": 52, "model": "vendor.poolpiid", "fields": {"pool": "3_SB", "vendor": 47, "piid": "GS00Q14OADS305"}}, {"pk": 53, "model": "vendor.poolpiid", "fields": {"pool": "3_SB", "vendor": 48, "piid": "GS00Q14OADS307"}}, {"pk": 54, "model": "vendor.poolpiid", "fields": {"pool": "3_SB", "vendor": 49, "piid": "GS00Q14OADS308"}}, {"pk": 55, "model": "vendor.poolpiid", "fields": {"pool": "3_SB", "vendor": 50, "piid": "GS00Q14OADS309"}}, {"pk": 56, "model": "vendor.poolpiid", "fields": {"pool": "3_SB", "vendor": 7, "piid": "GS00Q14OADS310"}}, {"pk": 57, "model": "vendor.poolpiid", "fields": {"pool": "3_SB", "vendor": 51, "piid": "GS00Q14OADS312"}}, {"pk": 58, "model": "vendor.poolpiid", "fields": {"pool": "3_SB", "vendor": 52, "piid": "GS00Q14OADS313"}}, {"pk": 59, "model": "vendor.poolpiid", "fields": {"pool": "3_SB", "vendor": 53, "piid": "GS00Q14OADS314"}}, {"pk": 60, "model": "vendor.poolpiid", "fields": {"pool": "3_SB", "vendor": 11, "piid": "GS00Q14OADS315"}}, {"pk": 61, "model": "vendor.poolpiid", "fields": {"pool": "3_SB", "vendor": 54, "piid": "GS00Q14OADS316"}}, {"pk": 62, "model": "vendor.poolpiid", "fields": {"pool": "3_SB", "vendor": 42, "piid": "GS00Q14OADS317"}}, {"pk": 63, "model": "vendor.poolpiid", "fields": {"pool": "3_SB", "vendor": 55, "piid": "GS00Q14OADS318"}}, {"pk": 64, "model": "vendor.poolpiid", "fields": {"pool": "3_SB", "vendor": 56, "piid": "GS00Q14OADS344"}}, {"pk": 65, "model": "vendor.poolpiid", "fields": {"pool": "3_SB", "vendor": 17, "piid": "GS00Q14OADS319"}}, {"pk": 66, "model": "vendor.poolpiid", "fields": {"pool": "3_SB", "vendor": 57, "piid": "GS00Q14OADS320"}}, {"pk": 67, "model": "vendor.poolpiid", "fields": {"pool": "3_SB", "vendor": 58, "piid": "GS00Q14OADS321"}}, {"pk": 68, "model": "vendor.poolpiid", "fields": {"pool": "3_SB", "vendor": 22, "piid": "GS00Q14OADS322"}}, {"pk": 69, "model": "vendor.poolpiid", "fields": {"pool": "3_SB", "vendor": 59, "piid": "GS00Q14OADS323"}}, {"pk": 70, "model": "vendor.poolpiid", "fields": {"pool": "3_SB", "vendor": 60, "piid": "GS00Q14OADS324"}}, {"pk": 71, "model": "vendor.poolpiid", "fields": {"pool": "3_SB", "vendor": 29, "piid": "GS00Q14OADS326"}}, {"pk": 72, "model": "vendor.poolpiid", "fields": {"pool": "3_SB", "vendor": 61, "piid": "GS00Q14OADS343"}}, {"pk": 73, "model": "vendor.poolpiid", "fields": {"pool": "3_SB", "vendor": 62, "piid": "GS00Q14OADS327"}}, {"pk": 74, "model": "vendor.poolpiid", "fields": {"pool": "3_SB", "vendor": 63, "piid": "GS00Q14OADS328"}}, {"pk": 75, "model": "vendor.poolpiid", "fields": {"pool": "3_SB", "vendor": 64, "piid": "GS00Q14OADS329"}}, {"pk": 76, "model": "vendor.poolpiid", "fields": {"pool": "3_SB", "vendor": 36, "piid": "GS00Q14OADS331"}}, {"pk": 77, "model": "vendor.poolpiid", "fields": {"pool": "3_SB", "vendor": 65, "piid": "GS00Q14OADS332"}}, {"pk": 78, "model": "vendor.poolpiid", "fields": {"pool": "3_SB", "vendor": 66, "piid": "GS00Q14OADS333"}}, {"pk": 79, "model": "vendor.poolpiid", "fields": {"pool": "3_SB", "vendor": 67, "piid": "GS00Q14OADS334"}}, {"pk": 80, "model": "vendor.poolpiid", "fields": {"pool": "3_SB", "vendor": 68, "piid": "GS00Q14OADS335"}}, {"pk": 81, "model": "vendor.poolpiid", "fields": {"pool": "3_SB", "vendor": 69, "piid": "GS00Q14OADS336"}}, {"pk": 82, "model": "vendor.poolpiid", "fields": {"pool": "3_SB", "vendor": 38, "piid": "GS00Q14OADS337"}}, {"pk": 83, "model": "vendor.poolpiid", "fields": {"pool": "3_SB", "vendor": 70, "piid": "GS00Q14OADS339"}}, {"pk": 84, "model": "vendor.poolpiid", "fields": {"pool": "3_SB", "vendor": 71, "piid": "GS00Q14OADS340"}}, {"pk": 85, "model": "vendor.poolpiid", "fields": {"pool": "3_SB", "vendor": 72, "piid": "GS00Q14OADS341"}}, {"pk": 86, "model": "vendor.poolpiid", "fields": {"pool": "3_SB", "vendor": 73, "piid": "GS00Q14OADS342"}}, {"pk": 87, "model": "vendor.poolpiid", "fields": {"pool": "4_SB", "vendor": 74, "piid": "GS00Q14OADS438"}}, {"pk": 88, "model": "vendor.poolpiid", "fields": {"pool": "4_SB", "vendor": 75, "piid": "GS00Q14OADS401"}}, {"pk": 89, "model": "vendor.poolpiid", "fields": {"pool": "4_SB", "vendor": 76, "piid": "GS00Q14OADS402"}}, {"pk": 90, "model": "vendor.poolpiid", "fields": {"pool": "4_SB", "vendor": 50, "piid": "GS00Q14OADS403"}}, {"pk": 91, "model": "vendor.poolpiid", "fields": {"pool": "4_SB", "vendor": 77, "piid": "GS00Q14OADS404"}}, {"pk": 92, "model": "vendor.poolpiid", "fields": {"pool": "4_SB", "vendor": 78, "piid": "GS00Q14OADS405"}}, {"pk": 93, "model": "vendor.poolpiid", "fields": {"pool": "4_SB", "vendor": 79, "piid": "GS00Q14OADS406"}}, {"pk": 94, "model": "vendor.poolpiid", "fields": {"pool": "4_SB", "vendor": 80, "piid": "GS00Q14OADS407"}}, {"pk": 95, "model": "vendor.poolpiid", "fields": {"pool": "4_SB", "vendor": 81, "piid": "GS00Q14OADS409"}}, {"pk": 96, "model": "vendor.poolpiid", "fields": {"pool": "4_SB", "vendor": 82, "piid": "GS00Q14OADS408"}}, {"pk": 97, "model": "vendor.poolpiid", "fields": {"pool": "4_SB", "vendor": 83, "piid": "GS00Q14OADS410"}}, {"pk": 98, "model": "vendor.poolpiid", "fields": {"pool": "4_SB", "vendor": 84, "piid": "GS00Q14OADS411"}}, {"pk": 99, "model": "vendor.poolpiid", "fields": {"pool": "4_SB", "vendor": 85, "piid": "GS00Q14OADS412"}}, {"pk": 100, "model": "vendor.poolpiid", "fields": {"pool": "4_SB", "vendor": 86, "piid": "GS00Q14OADS413"}}, {"pk": 101, "model": "vendor.poolpiid", "fields": {"pool": "4_SB", "vendor": 87, "piid": "GS00Q14OADS414"}}, {"pk": 102, "model": "vendor.poolpiid", "fields": {"pool": "4_SB", "vendor": 18, "piid": "GS00Q14OADS415"}}, {"pk": 103, "model": "vendor.poolpiid", "fields": {"pool": "4_SB", "vendor": 88, "piid": "GS00Q14OADS416"}}, {"pk": 104, "model": "vendor.poolpiid", "fields": {"pool": "4_SB", "vendor": 89, "piid": "GS00Q14OADS417"}}, {"pk": 105, "model": "vendor.poolpiid", "fields": {"pool": "4_SB", "vendor": 22, "piid": "GS00Q14OADS418"}}, {"pk": 106, "model": "vendor.poolpiid", "fields": {"pool": "4_SB", "vendor": 90, "piid": "GS00Q14OADS419"}}, {"pk": 107, "model": "vendor.poolpiid", "fields": {"pool": "4_SB", "vendor": 60, "piid": "GS00Q14OADS420"}}, {"pk": 108, "model": "vendor.poolpiid", "fields": {"pool": "4_SB", "vendor": 91, "piid": "GS00Q14OADS421"}}, {"pk": 109, "model": "vendor.poolpiid", "fields": {"pool": "4_SB", "vendor": 92, "piid": "GS00Q14OADS422"}}, {"pk": 110, "model": "vendor.poolpiid", "fields": {"pool": "4_SB", "vendor": 93, "piid": "GS00Q14OADS423"}}, {"pk": 111, "model": "vendor.poolpiid", "fields": {"pool": "4_SB", "vendor": 94, "piid": "GS00Q14OADS424"}}, {"pk": 112, "model": "vendor.poolpiid", "fields": {"pool": "4_SB", "vendor": 95, "piid": "GS00Q14OADS425"}}, {"pk": 113, "model": "vendor.poolpiid", "fields": {"pool": "4_SB", "vendor": 96, "piid": "GS00Q14OADS426"}}, {"pk": 114, "model": "vendor.poolpiid", "fields": {"pool": "4_SB", "vendor": 97, "piid": "GS00Q14OADS427"}}, {"pk": 115, "model": "vendor.poolpiid", "fields": {"pool": "4_SB", "vendor": 98, "piid": "GS00Q14OADS428"}}, {"pk": 116, "model": "vendor.poolpiid", "fields": {"pool": "4_SB", "vendor": 34, "piid": "GS00Q14OADS429"}}, {"pk": 117, "model": "vendor.poolpiid", "fields": {"pool": "4_SB", "vendor": 99, "piid": "GS00Q14OADS430"}}, {"pk": 118, "model": "vendor.poolpiid", "fields": {"pool": "4_SB", "vendor": 100, "piid": "GS00Q14OADS431"}}, {"pk": 119, "model": "vendor.poolpiid", "fields": {"pool": "4_SB", "vendor": 101, "piid": "GS00Q14OADS432"}}, {"pk": 120, "model": "vendor.poolpiid", "fields": {"pool": "4_SB", "vendor": 102, "piid": "GS00Q14OADS433"}}, {"pk": 121, "model": "vendor.poolpiid", "fields": {"pool": "4_SB", "vendor": 103, "piid": "GS00Q14OADS434"}}, {"pk": 122, "model": "vendor.poolpiid", "fields": {"pool": "4_SB", "vendor": 67, "piid": "GS00Q14OADS435"}}, {"pk": 123, "model": "vendor.poolpiid", "fields": {"pool": "4_SB", "vendor": 68, "piid": "GS00Q14OADS436"}}, {"pk": 124, "model": "vendor.poolpiid", "fields": {"pool": "4_SB", "vendor": 104, "piid": "GS00Q14OADS437"}}, {"pk": 125, "model": "vendor.poolpiid", "fields": {"pool": "4_SB", "vendor": 105, "piid": "GS00Q14OADS439"}}, {"pk": 126, "model": "vendor.poolpiid", "fields": {"pool": "4_SB", "vendor": 106, "piid": "GS00Q14OADS440"}}, {"pk": 127, "model": "vendor.poolpiid", "fields": {"pool": "4_SB", "vendor": 73, "piid": "GS00Q14OADS441"}}, {"pk": 128, "model": "vendor.poolpiid", "fields": {"pool": "5A_SB", "vendor": 46, "piid": "GS00Q14OADS501"}}, {"pk": 129, "model": "vendor.poolpiid", "fields": {"pool": "5A_SB", "vendor": 107, "piid": "GS00Q14OADS503"}}, {"pk": 130, "model": "vendor.poolpiid", "fields": {"pool": "5A_SB", "vendor": 80, "piid": "GS00Q14OADS504"}}, {"pk": 131, "model": "vendor.poolpiid", "fields": {"pool": "5A_SB", "vendor": 85, "piid": "GS00Q14OADS505"}}, {"pk": 132, "model": "vendor.poolpiid", "fields": {"pool": "5A_SB", "vendor": 87, "piid": "GS00Q14OADS506"}}, {"pk": 133, "model": "vendor.poolpiid", "fields": {"pool": "5A_SB", "vendor": 89, "piid": "GS00Q14OADS507"}}, {"pk": 134, "model": "vendor.poolpiid", "fields": {"pool": "5A_SB", "vendor": 108, "piid": "GS00Q14OADS508"}}, {"pk": 135, "model": "vendor.poolpiid", "fields": {"pool": "5A_SB", "vendor": 109, "piid": "GS00Q14OADS509"}}, {"pk": 136, "model": "vendor.poolpiid", "fields": {"pool": "5A_SB", "vendor": 91, "piid": "GS00Q14OADS510"}}, {"pk": 137, "model": "vendor.poolpiid", "fields": {"pool": "5A_SB", "vendor": 110, "piid": "GS00Q14OADS511"}}, {"pk": 138, "model": "vendor.poolpiid", "fields": {"pool": "5A_SB", "vendor": 97, "piid": "GS00Q14OADS512"}}, {"pk": 139, "model": "vendor.poolpiid", "fields": {"pool": "5A_SB", "vendor": 34, "piid": "GS00Q14OADS513"}}, {"pk": 140, "model": "vendor.poolpiid", "fields": {"pool": "5A_SB", "vendor": 64, "piid": "GS00Q14OADS514"}}, {"pk": 141, "model": "vendor.poolpiid", "fields": {"pool": "5A_SB", "vendor": 99, "piid": "GS00Q14OADS515"}}, {"pk": 142, "model": "vendor.poolpiid", "fields": {"pool": "5A_SB", "vendor": 111, "piid": "GS00Q14OADS516"}}, {"pk": 143, "model": "vendor.poolpiid", "fields": {"pool": "5A_SB", "vendor": 101, "piid": "GS00Q14OADS517"}}, {"pk": 144, "model": "vendor.poolpiid", "fields": {"pool": "5A_SB", "vendor": 102, "piid": "GS00Q14OADS518"}}, {"pk": 145, "model": "vendor.poolpiid", "fields": {"pool": "5A_SB", "vendor": 104, "piid": "GS00Q14OADS519"}}, {"pk": 146, "model": "vendor.poolpiid", "fields": {"pool": "5A_SB", "vendor": 112, "piid": "GS00Q14OADS520"}}, {"pk": 147, "model": "vendor.poolpiid", "fields": {"pool": "5A_SB", "vendor": 105, "piid": "GS00Q14OADS521"}}, {"pk": 148, "model": "vendor.poolpiid", "fields": {"pool": "5A_SB", "vendor": 106, "piid": "GS00Q14OADS522"}}, {"pk": 149, "model": "vendor.poolpiid", "fields": {"pool": "5B_SB", "vendor": 113, "piid": "GS00Q14OADS601"}}, {"pk": 150, "model": "vendor.poolpiid", "fields": {"pool": "5B_SB", "vendor": 78, "piid": "GS00Q14OADS603"}}, {"pk": 151, "model": "vendor.poolpiid", "fields": {"pool": "5B_SB", "vendor": 107, "piid": "GS00Q14OADS604"}}, {"pk": 152, "model": "vendor.poolpiid", "fields": {"pool": "5B_SB", "vendor": 87, "piid": "GS00Q14OADS605"}}, {"pk": 153, "model": "vendor.poolpiid", "fields": {"pool": "5B_SB", "vendor": 108, "piid": "GS00Q14OADS606"}}, {"pk": 154, "model": "vendor.poolpiid", "fields": {"pool": "5B_SB", "vendor": 90, "piid": "GS00Q14OADS607"}}, {"pk": 155, "model": "vendor.poolpiid", "fields": {"pool": "5B_SB", "vendor": 109, "piid": "GS00Q14OADS608"}}, {"pk": 156, "model": "vendor.poolpiid", "fields": {"pool": "5B_SB", "vendor": 94, "piid": "GS00Q14OADS609"}}, {"pk": 157, "model": "vendor.poolpiid", "fields": {"pool": "5B_SB", "vendor": 110, "piid": "GS00Q14OADS610"}}, {"pk": 158, "model": "vendor.poolpiid", "fields": {"pool": "5B_SB", "vendor": 96, "piid": "GS00Q14OADS611"}}, {"pk": 159, "model": "vendor.poolpiid", "fields": {"pool": "5B_SB", "vendor": 97, "piid": "GS00Q14OADS612"}}, {"pk": 160, "model": "vendor.poolpiid", "fields": {"pool": "5B_SB", "vendor": 34, "piid": "GS00Q14OADS613"}}, {"pk": 161, "model": "vendor.poolpiid", "fields": {"pool": "5B_SB", "vendor": 99, "piid": "GS00Q14OADS614"}}, {"pk": 162, "model": "vendor.poolpiid", "fields": {"pool": "5B_SB", "vendor": 114, "piid": "GS00Q14OADS615"}}, {"pk": 163, "model": "vendor.poolpiid", "fields": {"pool": "5B_SB", "vendor": 111, "piid": "GS00Q14OADS616"}}, {"pk": 164, "model": "vendor.poolpiid", "fields": {"pool": "5B_SB", "vendor": 101, "piid": "GS00Q14OADS617"}}, {"pk": 165, "model": "vendor.poolpiid", "fields": {"pool": "5B_SB", "vendor": 102, "piid": "GS00Q14OADS618"}}, {"pk": 166, "model": "vendor.poolpiid", "fields": {"pool": "5B_SB", "vendor": 112, "piid": "GS00Q14OADS619"}}, {"pk": 167, "model": "vendor.poolpiid", "fields": {"pool": "5B_SB", "vendor": 74, "piid": "GS00Q14OADS620"}}, {"pk": 168, "model": "vendor.poolpiid", "fields": {"pool": "5B_SB", "vendor": 105, "piid": "GS00Q14OADS621"}}, {"pk": 169, "model": "vendor.poolpiid", "fields": {"pool": "5B_SB", "vendor": 106, "piid": "GS00Q14OADS622"}}, {"pk": 170, "model": "vendor.poolpiid", "fields": {"pool": "5B_SB", "vendor": 115, "piid": "GS00Q14OADS623"}}, {"pk": 171, "model": "vendor.poolpiid", "fields": {"pool": "6_SB", "vendor": 74, "piid": "GS00Q14OADS736"}}, {"pk": 172, "model": "vendor.poolpiid", "fields": {"pool": "6_SB", "vendor": 113, "piid": "GS00Q14OADS701"}}, {"pk": 173, "model": "vendor.poolpiid", "fields": {"pool": "6_SB", "vendor": 116, "piid": "GS00Q14OADS702"}}, {"pk": 174, "model": "vendor.poolpiid", "fields": {"pool": "6_SB", "vendor": 50, "piid": "GS00Q14OADS703"}}, {"pk": 175, "model": "vendor.poolpiid", "fields": {"pool": "6_SB", "vendor": 78, "piid": "GS00Q14OADS704"}}, {"pk": 176, "model": "vendor.poolpiid", "fields": {"pool": "6_SB", "vendor": 107, "piid": "GS00Q14OADS705"}}, {"pk": 177, "model": "vendor.poolpiid", "fields": {"pool": "6_SB", "vendor": 117, "piid": "GS00Q14OADS706"}}, {"pk": 178, "model": "vendor.poolpiid", "fields": {"pool": "6_SB", "vendor": 79, "piid": "GS00Q14OADS707"}}, {"pk": 179, "model": "vendor.poolpiid", "fields": {"pool": "6_SB", "vendor": 118, "piid": "GS00Q14OADS708"}}, {"pk": 180, "model": "vendor.poolpiid", "fields": {"pool": "6_SB", "vendor": 80, "piid": "GS00Q14OADS709"}}, {"pk": 181, "model": "vendor.poolpiid", "fields": {"pool": "6_SB", "vendor": 119, "piid": "GS00Q14OADS710"}}, {"pk": 182, "model": "vendor.poolpiid", "fields": {"pool": "6_SB", "vendor": 120, "piid": "GS00Q14OADS741"}}, {"pk": 183, "model": "vendor.poolpiid", "fields": {"pool": "6_SB", "vendor": 85, "piid": "GS00Q14OADS711"}}, {"pk": 184, "model": "vendor.poolpiid", "fields": {"pool": "6_SB", "vendor": 87, "piid": "GS00Q14OADS712"}}, {"pk": 185, "model": "vendor.poolpiid", "fields": {"pool": "6_SB", "vendor": 121, "piid": "GS00Q14OADS713"}}, {"pk": 186, "model": "vendor.poolpiid", "fields": {"pool": "6_SB", "vendor": 122, "piid": "GS00Q14OADS714"}}, {"pk": 187, "model": "vendor.poolpiid", "fields": {"pool": "6_SB", "vendor": 89, "piid": "GS00Q14OADS715"}}, {"pk": 188, "model": "vendor.poolpiid", "fields": {"pool": "6_SB", "vendor": 108, "piid": "GS00Q14OADS716"}}, {"pk": 189, "model": "vendor.poolpiid", "fields": {"pool": "6_SB", "vendor": 90, "piid": "GS00Q14OADS717"}}, {"pk": 190, "model": "vendor.poolpiid", "fields": {"pool": "6_SB", "vendor": 109, "piid": "GS00Q14OADS718"}}, {"pk": 191, "model": "vendor.poolpiid", "fields": {"pool": "6_SB", "vendor": 91, "piid": "GS00Q14OADS719"}}, {"pk": 192, "model": "vendor.poolpiid", "fields": {"pool": "6_SB", "vendor": 94, "piid": "GS00Q14OADS720"}}, {"pk": 193, "model": "vendor.poolpiid", "fields": {"pool": "6_SB", "vendor": 110, "piid": "GS00Q14OADS721"}}, {"pk": 194, "model": "vendor.poolpiid", "fields": {"pool": "6_SB", "vendor": 95, "piid": "GS00Q14OADS722"}}, {"pk": 195, "model": "vendor.poolpiid", "fields": {"pool": "6_SB", "vendor": 96, "piid": "GS00Q14OADS723"}}, {"pk": 196, "model": "vendor.poolpiid", "fields": {"pool": "6_SB", "vendor": 97, "piid": "GS00Q14OADS724"}}, {"pk": 197, "model": "vendor.poolpiid", "fields": {"pool": "6_SB", "vendor": 63, "piid": "GS00Q14OADS725"}}, {"pk": 198, "model": "vendor.poolpiid", "fields": {"pool": "6_SB", "vendor": 34, "piid": "GS00Q14OADS726"}}, {"pk": 199, "model": "vendor.poolpiid", "fields": {"pool": "6_SB", "vendor": 99, "piid": "GS00Q14OADS727"}}, {"pk": 200, "model": "vendor.poolpiid", "fields": {"pool": "6_SB", "vendor": 123, "piid": "GS00Q14OADS728"}}, {"pk": 201, "model": "vendor.poolpiid", "fields": {"pool": "6_SB", "vendor": 111, "piid": "GS00Q14OADS729"}}, {"pk": 202, "model": "vendor.poolpiid", "fields": {"pool": "6_SB", "vendor": 101, "piid": "GS00Q14OADS730"}}, {"pk": 203, "model": "vendor.poolpiid", "fields": {"pool": "6_SB", "vendor": 102, "piid": "GS00Q14OADS731"}}, {"pk": 204, "model": "vendor.poolpiid", "fields": {"pool": "6_SB", "vendor": 68, "piid": "GS00Q14OADS732"}}, {"pk": 205, "model": "vendor.poolpiid", "fields": {"pool": "6_SB", "vendor": 69, "piid": "GS00Q14OADS733"}}, {"pk": 206, "model": "vendor.poolpiid", "fields": {"pool": "6_SB", "vendor": 104, "piid": "GS00Q14OADS734"}}, {"pk": 207, "model": "vendor.poolpiid", "fields": {"pool": "6_SB", "vendor": 112, "piid": "GS00Q14OADS735"}}, {"pk": 208, "model": "vendor.poolpiid", "fields": {"pool": "6_SB", "vendor": 105, "piid": "GS00Q14OADS737"}}, {"pk": 209, "model": "vendor.poolpiid", "fields": {"pool": "6_SB", "vendor": 106, "piid": "GS00Q14OADS738"}}, {"pk": 210, "model": "vendor.poolpiid", "fields": {"pool": "6_SB", "vendor": 124, "piid": "GS00Q14OADS739"}}, {"pk": 211, "model": "vendor.poolpiid", "fields": {"pool": "6_SB", "vendor": 125, "piid": "GS00Q14OADS740"}}, {"pk": 1, "model": "vendor.setaside", "fields": {"short_name": "Vet", "code": "A5", "description": "Veteran Owned Business"}}, {"pk": 2, "model": "vendor.setaside", "fields": {"short_name": "Disabled Vet Owned", "code": "QF", "description": "Service Disabled Veteran Owned Business"}}, {"pk": 3, "model": "vendor.setaside", "fields": {"short_name": "Woman Owned", "code": "A2", "description": "Woman Owned Business"}}, {"pk": 4, "model": "vendor.setaside", "fields": {"short_name": "Minority", "code": "23", "description": "Minority Owned Business"}}, {"pk": 5, "model": "vendor.setaside", "fields": {"short_name": "Asian", "code": "FR", "description": "Asian-Pacific American Owned"}}, {"pk": 6, "model": "vendor.setaside", "fields": {"short_name": "AsiaAmerican", "code": "QZ", "description": "Subcontinent Asian (Asian-Indian) American Owned"}}, {"pk": 7, "model": "vendor.setaside", "fields": {"short_name": "Black", "code": "OY", "description": "Black American Owned"}}, {"pk": 8, "model": "vendor.setaside", "fields": {"short_name": "Hispanic", "code": "PI", "description": "Hispanic American Owned"}}, {"pk": 9, "model": "vendor.setaside", "fields": {"short_name": "NativeAmerican", "code": "NB", "description": "Native American Owned"}}, {"pk": 10, "model": "vendor.setaside", "fields": {"short_name": "WomanSmall", "code": "8W", "description": "Woman Owned Small Business"}}, {"pk": 11, "model": "vendor.setaside", "fields": {"short_name": "Small Disadvantaged Business", "code": "27", "description": "Self Certified Small Disadvantaged Business"}}, {"pk": 12, "model": "vendor.setaside", "fields": {"short_name": "WomanSmallDisadvantaged", "code": "8E", "description": "Economically Disadvantaged Woman Owned Small Business"}}, {"pk": 13, "model": "vendor.setaside", "fields": {"short_name": "JointWoman", "code": "8C", "description": "Joint Venture Woman Owned Small Business"}}, {"pk": 14, "model": "vendor.setaside", "fields": {"short_name": "WomanSmallDisadvantagedJoint", "code": "8D", "description": "Joint Venture Economically Disadvantaged Woman Owned Small Business"}}, {"pk": 15, "model": "vendor.setaside", "fields": {"short_name": "Small Disadvantaged Business", "code": "A4", "description": "SBA Certified Small Disadvantaged Business"}}, {"pk": 16, "model": "vendor.setaside", "fields": {"short_name": "8A", "code": "A6", "description": "SBA Certified 8A Program Participant "}}, {"pk": 17, "model": "vendor.setaside", "fields": {"short_name": "8A Joint", "code": "JT", "description": "SBA Certified 8A Joint Venture"}}, {"pk": 18, "model": "vendor.setaside", "fields": {"short_name": "HUBZone", "code": "XX", "description": "SBA Certified Hub Zone Firm"}}, {"pk": 19, "model": "vendor.setaside", "fields": {"short_name": "Small Business", "code": "21", "description": "Small Business"}}, {"pk": 1, "model": "vendor.naics", "fields": {"code": "541330", "short_code": "541330", "description": "Engineering Services"}}, {"pk": 2, "model": "vendor.naics", "fields": {"code": "541360", "short_code": "541360", "description": "Geophysical Surveying and Mapping Services"}}, {"pk": 3, "model": "vendor.naics", "fields": {"code": "541370", "short_code": "541370", "description": "Surveying and Mapping (except Geophysical) Services"}}, {"pk": 4, "model": "vendor.naics", "fields": {"code": "541380", "short_code": "541380", "description": "Testing Laboratories"}}, {"pk": 5, "model": "vendor.naics", "fields": {"code": "541611", "short_code": "541611", "description": "Administrative Management and General Management Consulting Services"}}, {"pk": 6, "model": "vendor.naics", "fields": {"code": "541612", "short_code": "541612", "description": "Human Resources Consulting Services"}}, {"pk": 7, "model": "vendor.naics", "fields": {"code": "541613", "short_code": "541613", "description": "Marketing Consulting Services"}}, {"pk": 8, "model": "vendor.naics", "fields": {"code": "541614", "short_code": "541614", "description": "Process, Physical Distribution, and Logistics Consulting Services"}}, {"pk": 9, "model": "vendor.naics", "fields": {"code": "541618", "short_code": "541618", "description": "Other Management Consulting Services"}}, {"pk": 10, "model": "vendor.naics", "fields": {"code": "541620", "short_code": "541620", "description": "Environmental Consulting Services"}}, {"pk": 11, "model": "vendor.naics", "fields": {"code": "541690", "short_code": "541690", "description": "Other Scientific and Technical Consulting Services"}}, {"pk": 12, "model": "vendor.naics", "fields": {"code": "541810", "short_code": "541810", "description": "Advertising Agencies"}}, {"pk": 13, "model": "vendor.naics", "fields": {"code": "541820", "short_code": "541820", "description": "Public Relations Agencies"}}, {"pk": 14, "model": "vendor.naics", "fields": {"code": "541830", "short_code": "541830", "description": "Media Buying Agencies"}}, {"pk": 15, "model": "vendor.naics", "fields": {"code": "541840", "short_code": "541840", "description": "Media Representatives"}}, {"pk": 16, "model": "vendor.naics", "fields": {"code": "541850", "short_code": "541850", "description": "Outdoor Advertising"}}, {"pk": 17, "model": "vendor.naics", "fields": {"code": "541860", "short_code": "541860", "description": "Direct Mail Advertising"}}, {"pk": 18, "model": "vendor.naics", "fields": {"code": "541870", "short_code": "541870", "description": "Advertising Material Distribution Services"}}, {"pk": 19, "model": "vendor.naics", "fields": {"code": "541890", "short_code": "541890", "description": "Other Services Related to Advertising"}}, {"pk": 20, "model": "vendor.naics", "fields": {"code": "541910", "short_code": "541910", "description": "Marketing Research and Public Opinion Polling"}}, {"pk": 21, "model": "vendor.naics", "fields": {"code": "541990", "short_code": "541990", "description": "All Other Professional, Scientific, and Technical Services"}}, {"pk": 22, "model": "vendor.naics", "fields": {"code": "541211", "short_code": "541211", "description": "Offices of Certified Public Accountants"}}, {"pk": 23, "model": "vendor.naics", "fields": {"code": "541213", "short_code": "541213", "description": "Tax Preparation Services"}}, {"pk": 24, "model": "vendor.naics", "fields": {"code": "541214", "short_code": "541214", "description": "Payroll Services"}}, {"pk": 25, "model": "vendor.naics", "fields": {"code": "541219", "short_code": "541219", "description": "Other Accounting Services"}}, {"pk": 26, "model": "vendor.naics", "fields": {"code": "541720", "short_code": "541720", "description": "Research and Development in the Social Sciences and Humanities"}}, {"pk": 27, "model": "vendor.naics", "fields": {"code": "541330", "short_code": "541330A", "description": "Engineering for Military and Aerospace Equipment and Military Weapons"}}, {"pk": 28, "model": "vendor.naics", "fields": {"code": "541330", "short_code": "541330B", "description": "Engineering for Contracts and Subcontracts for Engineering Services Awarded Under the National Energy Policy Act of 1992"}}, {"pk": 29, "model": "vendor.naics", "fields": {"code": "541330", "short_code": "541330C", "description": "Engineering for Marine Engineering and Naval Architecture"}}, {"pk": 30, "model": "vendor.naics", "fields": {"code": "541711", "short_code": "541711", "description": "Research and Development in Biotechnology\r\n"}}, {"pk": 31, "model": "vendor.naics", "fields": {"code": "541712", "short_code": "541712", "description": "Research and Development in the Physical, Engineering, and Life Sciences (except Biotechnology)"}}, {"pk": 32, "model": "vendor.naics", "fields": {"code": "541712", "short_code": "541712B", "description": "Research and Development in Aircraft Parts, and Auxiliary Equipment, and Aircraft Engine Parts"}}, {"pk": 33, "model": "vendor.naics", "fields": {"code": "541712", "short_code": "541712C", "description": "Research and Development in Space Vehicles and Guided Missiles, their Propulsion Units, and their Auxiliary Equipment Parts"}}, {"pk": 34, "model": "vendor.naics", "fields": {"code": "541712", "short_code": "541712A", "description": "Research and Development in Aircraft"}}, {"pk": 1, "model": "vendor.samload", "fields": {"sam_load": "2014-08-27T20:40:30.304Z"}}, {"pk": 2, "model": "vendor.samload", "fields": {"sam_load": "2014-09-02T21:10:28.764Z"}}, {"pk": 3, "model": "vendor.samload", "fields": {"sam_load": "2014-09-03T14:29:28.921Z"}}, {"pk": 4, "model": "vendor.samload", "fields": {"sam_load": "2014-09-03T14:42:06.279Z"}}, {"pk": 5, "model": "vendor.samload", "fields": {"sam_load": "2014-09-03T15:14:44.585Z"}}, {"pk": 6, "model": "vendor.samload", "fields": {"sam_load": "2014-09-03T15:22:58.385Z"}}]