[
  {
    "fields": {
      "naics": [
        1,
        2,
        3,
        4,
        5,
        6,
        7,
        8,
        9,
        10,
        11,
        12,
        13,
        14,
        15,
        16,
        17,
        18,
        19,
        20,
        21
      ],
      "threshold": "$14 million",
      "number": "1",
      "vehicle": "OASISSB",
      "name": "Management, Scientific, and Technical Services"
    },
    "model": "vendor.pool",
    "pk": "1_SB"
  },
  {
    "fields": {
      "naics": [
        1,
        2,
        3,
        4,
        5,
        6,
        7,
        8,
        9,
        10,
        11,
        12,
        13,
        14,
        15,
        16,
        17,
        18,
        19,
        20,
        21
      ],
      "threshold": "$14 million",
      "number": "1",
      "vehicle": "OASIS",
      "name": "Management, Scientific, and Technical Services"
    },
    "model": "vendor.pool",
    "pk": "1_UR"
  },
  {
    "fields": {
      "naics": [
        22,
        23,
        24,
        25,
        26
      ],
      "threshold": "$19 million",
      "number": "2",
      "vehicle": "OASISSB",
      "name": "Financial and Accounting Services"
    },
    "model": "vendor.pool",
    "pk": "2_SB"
  },
  {
    "fields": {
      "naics": [
        22,
        23,
        24,
        25,
        26
      ],
      "threshold": "$19 million",
      "number": "2",
      "vehicle": "OASIS",
      "name": "Financial and Accounting Services"
    },
    "model": "vendor.pool",
    "pk": "2_UR"
  },
  {
    "fields": {
      "naics": [
        27,
        28,
        29
      ],
      "threshold": "$35.5 million",
      "number": "3",
      "vehicle": "OASISSB",
      "name": "Military, Marine, and Energy Engineering"
    },
    "model": "vendor.pool",
    "pk": "3_SB"
  },
  {
    "fields": {
      "naics": [
        27,
        28,
        29
      ],
      "threshold": "$35.5 million",
      "number": "3",
      "vehicle": "OASIS",
      "name": "Military, Marine, and Energy Engineering"
    },
    "model": "vendor.pool",
    "pk": "3_UE"
  },
  {
    "fields": {
      "naics": [
        30,
        31
      ],
      "threshold": "500 Employee",
      "number": "4",
      "vehicle": "OASISSB",
      "name": "Scientific Research and Development"
    },
    "model": "vendor.pool",
    "pk": "4_SB"
  },
  {
    "fields": {
      "naics": [
        30,
        31
      ],
      "threshold": "500 Employee",
      "number": "4",
      "vehicle": "OASIS",
      "name": "Scientific Research and Development"
    },
    "model": "vendor.pool",
    "pk": "4_UR"
  },
  {
    "fields": {
      "naics": [
        32
      ],
      "threshold": "1000 Employee",
      "number": "5A",
      "vehicle": "OASISSB",
      "name": "Aircraft Parts and Engines Research and Development"
    },
    "model": "vendor.pool",
    "pk": "5A_SB"
  },
  {
    "fields": {
      "naics": [
        32
      ],
      "threshold": "1000 Employee",
      "number": "5A",
      "vehicle": "OASIS",
      "name": "Aircraft Parts and Engines Research and Development"
    },
    "model": "vendor.pool",
    "pk": "5A_UR"
  },
  {
    "fields": {
      "naics": [
        33
      ],
      "threshold": "1000 Employee",
      "number": "5B",
      "vehicle": "OASISSB",
      "name": "Space and Missiles Research and Development"
    },
    "model": "vendor.pool",
    "pk": "5B_SB"
  },
  {
    "fields": {
      "naics": [
        33
      ],
      "threshold": "1000 Employee",
      "number": "5B",
      "vehicle": "OASIS",
      "name": "Space and Missiles Research and Development"
    },
    "model": "vendor.pool",
    "pk": "5B_UR"
  },
  {
    "fields": {
      "naics": [
        34
      ],
      "threshold": "1500 Employee ",
      "number": "6",
      "vehicle": "OASISSB",
      "name": "Aircraft Research and Development"
    },
    "model": "vendor.pool",
    "pk": "6_SB"
  },
  {
    "fields": {
      "naics": [
        34
      ],
      "threshold": "1500 Employee ",
      "number": "6",
      "vehicle": "OASIS",
      "name": "Aircraft Research and Development"
    },
    "model": "vendor.pool",
    "pk": "6_UR"
  },
  {
    "fields": {
      "vendor": 1,
      "pool": "1_SB",
      "piid": "GS00Q14OADS101"
    },
    "model": "vendor.poolpiid",
    "pk": 1
  },
  {
    "fields": {
      "vendor": 2,
      "pool": "1_SB",
      "piid": "GS00Q14OADS102"
    },
    "model": "vendor.poolpiid",
    "pk": 2
  },
  {
    "fields": {
      "vendor": 3,
      "pool": "1_SB",
      "piid": "GS00Q14OADS103"
    },
    "model": "vendor.poolpiid",
    "pk": 3
  },
  {
    "fields": {
      "vendor": 4,
      "pool": "1_SB",
      "piid": "GS00Q14OADS104"
    },
    "model": "vendor.poolpiid",
    "pk": 4
  },
  {
    "fields": {
      "vendor": 5,
      "pool": "1_SB",
      "piid": "GS00Q14OADS144"
    },
    "model": "vendor.poolpiid",
    "pk": 5
  },
  {
    "fields": {
      "vendor": 6,
      "pool": "1_SB",
      "piid": "GS00Q14OADS106"
    },
    "model": "vendor.poolpiid",
    "pk": 6
  },
  {
    "fields": {
      "vendor": 7,
      "pool": "1_SB",
      "piid": "GS00Q14OADS107"
    },
    "model": "vendor.poolpiid",
    "pk": 7
  },
  {
    "fields": {
      "vendor": 8,
      "pool": "1_SB",
      "piid": "GS00Q14OADS108"
    },
    "model": "vendor.poolpiid",
    "pk": 8
  },
  {
    "fields": {
      "vendor": 9,
      "pool": "1_SB",
      "piid": "GS00Q14OADS110"
    },
    "model": "vendor.poolpiid",
    "pk": 9
  },
  {
    "fields": {
      "vendor": 10,
      "pool": "1_SB",
      "piid": "GS00Q14OADS111"
    },
    "model": "vendor.poolpiid",
    "pk": 10
  },
  {
    "fields": {
      "vendor": 11,
      "pool": "1_SB",
      "piid": "GS00Q14OADS112"
    },
    "model": "vendor.poolpiid",
    "pk": 11
  },
  {
    "fields": {
      "vendor": 12,
      "pool": "1_SB",
      "piid": "GS00Q14OADS113"
    },
    "model": "vendor.poolpiid",
    "pk": 12
  },
  {
    "fields": {
      "vendor": 13,
      "pool": "1_SB",
      "piid": "GS00Q14OADS114"
    },
    "model": "vendor.poolpiid",
    "pk": 13
  },
  {
    "fields": {
      "vendor": 14,
      "pool": "1_SB",
      "piid": "GS00Q14OADS115"
    },
    "model": "vendor.poolpiid",
    "pk": 14
  },
  {
    "fields": {
      "vendor": 15,
      "pool": "1_SB",
      "piid": "GS00Q14OADS116"
    },
    "model": "vendor.poolpiid",
    "pk": 15
  },
  {
    "fields": {
      "vendor": 16,
      "pool": "1_SB",
      "piid": "GS00Q14OADS117"
    },
    "model": "vendor.poolpiid",
    "pk": 16
  },
  {
    "fields": {
      "vendor": 17,
      "pool": "1_SB",
      "piid": "GS00Q14OADS118"
    },
    "model": "vendor.poolpiid",
    "pk": 17
  },
  {
    "fields": {
      "vendor": 18,
      "pool": "1_SB",
      "piid": "GS00Q14OADS119"
    },
    "model": "vendor.poolpiid",
    "pk": 18
  },
  {
    "fields": {
      "vendor": 19,
      "pool": "1_SB",
      "piid": "GS00Q14OADS120"
    },
    "model": "vendor.poolpiid",
    "pk": 19
  },
  {
    "fields": {
      "vendor": 20,
      "pool": "1_SB",
      "piid": "GS00Q14OADS121"
    },
    "model": "vendor.poolpiid",
    "pk": 20
  },
  {
    "fields": {
      "vendor": 21,
      "pool": "1_SB",
      "piid": "GS00Q14OADS122"
    },
    "model": "vendor.poolpiid",
    "pk": 21
  },
  {
    "fields": {
      "vendor": 22,
      "pool": "1_SB",
      "piid": "GS00Q14OADS123"
    },
    "model": "vendor.poolpiid",
    "pk": 22
  },
  {
    "fields": {
      "vendor": 23,
      "pool": "1_SB",
      "piid": "GS00Q14OADS124"
    },
    "model": "vendor.poolpiid",
    "pk": 23
  },
  {
    "fields": {
      "vendor": 24,
      "pool": "1_SB",
      "piid": "GS00Q14OADS125"
    },
    "model": "vendor.poolpiid",
    "pk": 24
  },
  {
    "fields": {
      "vendor": 25,
      "pool": "1_SB",
      "piid": "GS00Q14OADS126"
    },
    "model": "vendor.poolpiid",
    "pk": 25
  },
  {
    "fields": {
      "vendor": 26,
      "pool": "1_SB",
      "piid": "GS00Q14OADS127"
    },
    "model": "vendor.poolpiid",
    "pk": 26
  },
  {
    "fields": {
      "vendor": 27,
      "pool": "1_SB",
      "piid": "GS00Q14OADS128"
    },
    "model": "vendor.poolpiid",
    "pk": 27
  },
  {
    "fields": {
      "vendor": 28,
      "pool": "1_SB",
      "piid": "GS00Q14OADS129"
    },
    "model": "vendor.poolpiid",
    "pk": 28
  },
  {
    "fields": {
      "vendor": 29,
      "pool": "1_SB",
      "piid": "GS00Q14OADS130"
    },
    "model": "vendor.poolpiid",
    "pk": 29
  },
  {
    "fields": {
      "vendor": 30,
      "pool": "1_SB",
      "piid": "GS00Q14OADS131"
    },
    "model": "vendor.poolpiid",
    "pk": 30
  },
  {
    "fields": {
      "vendor": 31,
      "pool": "1_SB",
      "piid": "GS00Q14OADS132"
    },
    "model": "vendor.poolpiid",
    "pk": 31
  },
  {
    "fields": {
      "vendor": 32,
      "pool": "1_SB",
      "piid": "GS00Q14OADS133"
    },
    "model": "vendor.poolpiid",
    "pk": 32
  },
  {
    "fields": {
      "vendor": 33,
      "pool": "1_SB",
      "piid": "GS00Q14OADS134"
    },
    "model": "vendor.poolpiid",
    "pk": 33
  },
  {
    "fields": {
      "vendor": 34,
      "pool": "1_SB",
      "piid": "GS00Q14OADS135"
    },
    "model": "vendor.poolpiid",
    "pk": 34
  },
  {
    "fields": {
      "vendor": 35,
      "pool": "1_SB",
      "piid": "GS00Q14OADS137"
    },
    "model": "vendor.poolpiid",
    "pk": 35
  },
  {
    "fields": {
      "vendor": 36,
      "pool": "1_SB",
      "piid": "GS00Q14OADS138"
    },
    "model": "vendor.poolpiid",
    "pk": 36
  },
  {
    "fields": {
      "vendor": 37,
      "pool": "1_SB",
      "piid": "GS00Q14OADS139"
    },
    "model": "vendor.poolpiid",
    "pk": 37
  },
  {
    "fields": {
      "vendor": 38,
      "pool": "1_SB",
      "piid": "GS00Q14OADS141"
    },
    "model": "vendor.poolpiid",
    "pk": 38
  },
  {
    "fields": {
      "vendor": 39,
      "pool": "1_SB",
      "piid": "GS00Q14OADS142"
    },
    "model": "vendor.poolpiid",
    "pk": 39
  },
  {
    "fields": {
      "vendor": 40,
      "pool": "1_SB",
      "piid": "GS00Q14OADS143"
    },
    "model": "vendor.poolpiid",
    "pk": 40
  },
  {
    "fields": {
      "vendor": 41,
      "pool": "2_SB",
      "piid": "GS00Q14OADS201"
    },
    "model": "vendor.poolpiid",
    "pk": 41
  },
  {
    "fields": {
      "vendor": 42,
      "pool": "2_SB",
      "piid": "GS00Q14OADS203"
    },
    "model": "vendor.poolpiid",
    "pk": 42
  },
  {
    "fields": {
      "vendor": 43,
      "pool": "2_SB",
      "piid": "GS00Q14OADS204"
    },
    "model": "vendor.poolpiid",
    "pk": 43
  },
  {
    "fields": {
      "vendor": 16,
      "pool": "2_SB",
      "piid": "GS00Q14OADS205"
    },
    "model": "vendor.poolpiid",
    "pk": 44
  },
  {
    "fields": {
      "vendor": 44,
      "pool": "2_SB",
      "piid": "GS00Q14OADS206"
    },
    "model": "vendor.poolpiid",
    "pk": 45
  },
  {
    "fields": {
      "vendor": 27,
      "pool": "2_SB",
      "piid": "GS00Q14OADS207"
    },
    "model": "vendor.poolpiid",
    "pk": 46
  },
  {
    "fields": {
      "vendor": 35,
      "pool": "2_SB",
      "piid": "GS00Q14OADS209"
    },
    "model": "vendor.poolpiid",
    "pk": 47
  },
  {
    "fields": {
      "vendor": 41,
      "pool": "3_SB",
      "piid": "GS00Q14OADS301"
    },
    "model": "vendor.poolpiid",
    "pk": 48
  },
  {
    "fields": {
      "vendor": 45,
      "pool": "3_SB",
      "piid": "GS00Q14OADS302"
    },
    "model": "vendor.poolpiid",
    "pk": 49
  },
  {
    "fields": {
      "vendor": 2,
      "pool": "3_SB",
      "piid": "GS00Q14OADS303"
    },
    "model": "vendor.poolpiid",
    "pk": 50
  },
  {
    "fields": {
      "vendor": 46,
      "pool": "3_SB",
      "piid": "GS00Q14OADS304"
    },
    "model": "vendor.poolpiid",
    "pk": 51
  },
  {
    "fields": {
      "vendor": 47,
      "pool": "3_SB",
      "piid": "GS00Q14OADS305"
    },
    "model": "vendor.poolpiid",
    "pk": 52
  },
  {
    "fields": {
      "vendor": 48,
      "pool": "3_SB",
      "piid": "GS00Q14OADS307"
    },
    "model": "vendor.poolpiid",
    "pk": 53
  },
  {
    "fields": {
      "vendor": 49,
      "pool": "3_SB",
      "piid": "GS00Q14OADS308"
    },
    "model": "vendor.poolpiid",
    "pk": 54
  },
  {
    "fields": {
      "vendor": 50,
      "pool": "3_SB",
      "piid": "GS00Q14OADS309"
    },
    "model": "vendor.poolpiid",
    "pk": 55
  },
  {
    "fields": {
      "vendor": 7,
      "pool": "3_SB",
      "piid": "GS00Q14OADS310"
    },
    "model": "vendor.poolpiid",
    "pk": 56
  },
  {
    "fields": {
      "vendor": 51,
      "pool": "3_SB",
      "piid": "GS00Q14OADS312"
    },
    "model": "vendor.poolpiid",
    "pk": 57
  },
  {
    "fields": {
      "vendor": 52,
      "pool": "3_SB",
      "piid": "GS00Q14OADS313"
    },
    "model": "vendor.poolpiid",
    "pk": 58
  },
  {
    "fields": {
      "vendor": 53,
      "pool": "3_SB",
      "piid": "GS00Q14OADS314"
    },
    "model": "vendor.poolpiid",
    "pk": 59
  },
  {
    "fields": {
      "vendor": 11,
      "pool": "3_SB",
      "piid": "GS00Q14OADS315"
    },
    "model": "vendor.poolpiid",
    "pk": 60
  },
  {
    "fields": {
      "vendor": 54,
      "pool": "3_SB",
      "piid": "GS00Q14OADS316"
    },
    "model": "vendor.poolpiid",
    "pk": 61
  },
  {
    "fields": {
      "vendor": 42,
      "pool": "3_SB",
      "piid": "GS00Q14OADS317"
    },
    "model": "vendor.poolpiid",
    "pk": 62
  },
  {
    "fields": {
      "vendor": 55,
      "pool": "3_SB",
      "piid": "GS00Q14OADS318"
    },
    "model": "vendor.poolpiid",
    "pk": 63
  },
  {
    "fields": {
      "vendor": 56,
      "pool": "3_SB",
      "piid": "GS00Q14OADS344"
    },
    "model": "vendor.poolpiid",
    "pk": 64
  },
  {
    "fields": {
      "vendor": 17,
      "pool": "3_SB",
      "piid": "GS00Q14OADS319"
    },
    "model": "vendor.poolpiid",
    "pk": 65
  },
  {
    "fields": {
      "vendor": 57,
      "pool": "3_SB",
      "piid": "GS00Q14OADS320"
    },
    "model": "vendor.poolpiid",
    "pk": 66
  },
  {
    "fields": {
      "vendor": 58,
      "pool": "3_SB",
      "piid": "GS00Q14OADS321"
    },
    "model": "vendor.poolpiid",
    "pk": 67
  },
  {
    "fields": {
      "vendor": 22,
      "pool": "3_SB",
      "piid": "GS00Q14OADS322"
    },
    "model": "vendor.poolpiid",
    "pk": 68
  },
  {
    "fields": {
      "vendor": 59,
      "pool": "3_SB",
      "piid": "GS00Q14OADS323"
    },
    "model": "vendor.poolpiid",
    "pk": 69
  },
  {
    "fields": {
      "vendor": 60,
      "pool": "3_SB",
      "piid": "GS00Q14OADS324"
    },
    "model": "vendor.poolpiid",
    "pk": 70
  },
  {
    "fields": {
      "vendor": 29,
      "pool": "3_SB",
      "piid": "GS00Q14OADS326"
    },
    "model": "vendor.poolpiid",
    "pk": 71
  },
  {
    "fields": {
      "vendor": 61,
      "pool": "3_SB",
      "piid": "GS00Q14OADS343"
    },
    "model": "vendor.poolpiid",
    "pk": 72
  },
  {
    "fields": {
      "vendor": 62,
      "pool": "3_SB",
      "piid": "GS00Q14OADS327"
    },
    "model": "vendor.poolpiid",
    "pk": 73
  },
  {
    "fields": {
      "vendor": 63,
      "pool": "3_SB",
      "piid": "GS00Q14OADS328"
    },
    "model": "vendor.poolpiid",
    "pk": 74
  },
  {
    "fields": {
      "vendor": 64,
      "pool": "3_SB",
      "piid": "GS00Q14OADS329"
    },
    "model": "vendor.poolpiid",
    "pk": 75
  },
  {
    "fields": {
      "vendor": 36,
      "pool": "3_SB",
      "piid": "GS00Q14OADS331"
    },
    "model": "vendor.poolpiid",
    "pk": 76
  },
  {
    "fields": {
      "vendor": 65,
      "pool": "3_SB",
      "piid": "GS00Q14OADS332"
    },
    "model": "vendor.poolpiid",
    "pk": 77
  },
  {
    "fields": {
      "vendor": 66,
      "pool": "3_SB",
      "piid": "GS00Q14OADS333"
    },
    "model": "vendor.poolpiid",
    "pk": 78
  },
  {
    "fields": {
      "vendor": 67,
      "pool": "3_SB",
      "piid": "GS00Q14OADS334"
    },
    "model": "vendor.poolpiid",
    "pk": 79
  },
  {
    "fields": {
      "vendor": 68,
      "pool": "3_SB",
      "piid": "GS00Q14OADS335"
    },
    "model": "vendor.poolpiid",
    "pk": 80
  },
  {
    "fields": {
      "vendor": 69,
      "pool": "3_SB",
      "piid": "GS00Q14OADS336"
    },
    "model": "vendor.poolpiid",
    "pk": 81
  },
  {
    "fields": {
      "vendor": 38,
      "pool": "3_SB",
      "piid": "GS00Q14OADS337"
    },
    "model": "vendor.poolpiid",
    "pk": 82
  },
  {
    "fields": {
      "vendor": 70,
      "pool": "3_SB",
      "piid": "GS00Q14OADS339"
    },
    "model": "vendor.poolpiid",
    "pk": 83
  },
  {
    "fields": {
      "vendor": 71,
      "pool": "3_SB",
      "piid": "GS00Q14OADS340"
    },
    "model": "vendor.poolpiid",
    "pk": 84
  },
  {
    "fields": {
      "vendor": 72,
      "pool": "3_SB",
      "piid": "GS00Q14OADS341"
    },
    "model": "vendor.poolpiid",
    "pk": 85
  },
  {
    "fields": {
      "vendor": 73,
      "pool": "3_SB",
      "piid": "GS00Q14OADS342"
    },
    "model": "vendor.poolpiid",
    "pk": 86
  },
  {
    "fields": {
      "vendor": 74,
      "pool": "4_SB",
      "piid": "GS00Q14OADS438"
    },
    "model": "vendor.poolpiid",
    "pk": 87
  },
  {
    "fields": {
      "vendor": 75,
      "pool": "4_SB",
      "piid": "GS00Q14OADS401"
    },
    "model": "vendor.poolpiid",
    "pk": 88
  },
  {
    "fields": {
      "vendor": 76,
      "pool": "4_SB",
      "piid": "GS00Q14OADS402"
    },
    "model": "vendor.poolpiid",
    "pk": 89
  },
  {
    "fields": {
      "vendor": 50,
      "pool": "4_SB",
      "piid": "GS00Q14OADS403"
    },
    "model": "vendor.poolpiid",
    "pk": 90
  },
  {
    "fields": {
      "vendor": 77,
      "pool": "4_SB",
      "piid": "GS00Q14OADS404"
    },
    "model": "vendor.poolpiid",
    "pk": 91
  },
  {
    "fields": {
      "vendor": 78,
      "pool": "4_SB",
      "piid": "GS00Q14OADS405"
    },
    "model": "vendor.poolpiid",
    "pk": 92
  },
  {
    "fields": {
      "vendor": 79,
      "pool": "4_SB",
      "piid": "GS00Q14OADS406"
    },
    "model": "vendor.poolpiid",
    "pk": 93
  },
  {
    "fields": {
      "vendor": 80,
      "pool": "4_SB",
      "piid": "GS00Q14OADS407"
    },
    "model": "vendor.poolpiid",
    "pk": 94
  },
  {
    "fields": {
      "vendor": 81,
      "pool": "4_SB",
      "piid": "GS00Q14OADS409"
    },
    "model": "vendor.poolpiid",
    "pk": 95
  },
  {
    "fields": {
      "vendor": 82,
      "pool": "4_SB",
      "piid": "GS00Q14OADS408"
    },
    "model": "vendor.poolpiid",
    "pk": 96
  },
  {
    "fields": {
      "vendor": 83,
      "pool": "4_SB",
      "piid": "GS00Q14OADS410"
    },
    "model": "vendor.poolpiid",
    "pk": 97
  },
  {
    "fields": {
      "vendor": 84,
      "pool": "4_SB",
      "piid": "GS00Q14OADS411"
    },
    "model": "vendor.poolpiid",
    "pk": 98
  },
  {
    "fields": {
      "vendor": 85,
      "pool": "4_SB",
      "piid": "GS00Q14OADS412"
    },
    "model": "vendor.poolpiid",
    "pk": 99
  },
  {
    "fields": {
      "vendor": 86,
      "pool": "4_SB",
      "piid": "GS00Q14OADS413"
    },
    "model": "vendor.poolpiid",
    "pk": 100
  },
  {
    "fields": {
      "vendor": 87,
      "pool": "4_SB",
      "piid": "GS00Q14OADS414"
    },
    "model": "vendor.poolpiid",
    "pk": 101
  },
  {
    "fields": {
      "vendor": 18,
      "pool": "4_SB",
      "piid": "GS00Q14OADS415"
    },
    "model": "vendor.poolpiid",
    "pk": 102
  },
  {
    "fields": {
      "vendor": 88,
      "pool": "4_SB",
      "piid": "GS00Q14OADS416"
    },
    "model": "vendor.poolpiid",
    "pk": 103
  },
  {
    "fields": {
      "vendor": 89,
      "pool": "4_SB",
      "piid": "GS00Q14OADS417"
    },
    "model": "vendor.poolpiid",
    "pk": 104
  },
  {
    "fields": {
      "vendor": 22,
      "pool": "4_SB",
      "piid": "GS00Q14OADS418"
    },
    "model": "vendor.poolpiid",
    "pk": 105
  },
  {
    "fields": {
      "vendor": 90,
      "pool": "4_SB",
      "piid": "GS00Q14OADS419"
    },
    "model": "vendor.poolpiid",
    "pk": 106
  },
  {
    "fields": {
      "vendor": 60,
      "pool": "4_SB",
      "piid": "GS00Q14OADS420"
    },
    "model": "vendor.poolpiid",
    "pk": 107
  },
  {
    "fields": {
      "vendor": 91,
      "pool": "4_SB",
      "piid": "GS00Q14OADS421"
    },
    "model": "vendor.poolpiid",
    "pk": 108
  },
  {
    "fields": {
      "vendor": 92,
      "pool": "4_SB",
      "piid": "GS00Q14OADS422"
    },
    "model": "vendor.poolpiid",
    "pk": 109
  },
  {
    "fields": {
      "vendor": 93,
      "pool": "4_SB",
      "piid": "GS00Q14OADS423"
    },
    "model": "vendor.poolpiid",
    "pk": 110
  },
  {
    "fields": {
      "vendor": 94,
      "pool": "4_SB",
      "piid": "GS00Q14OADS424"
    },
    "model": "vendor.poolpiid",
    "pk": 111
  },
  {
    "fields": {
      "vendor": 95,
      "pool": "4_SB",
      "piid": "GS00Q14OADS425"
    },
    "model": "vendor.poolpiid",
    "pk": 112
  },
  {
    "fields": {
      "vendor": 96,
      "pool": "4_SB",
      "piid": "GS00Q14OADS426"
    },
    "model": "vendor.poolpiid",
    "pk": 113
  },
  {
    "fields": {
      "vendor": 97,
      "pool": "4_SB",
      "piid": "GS00Q14OADS427"
    },
    "model": "vendor.poolpiid",
    "pk": 114
  },
  {
    "fields": {
      "vendor": 98,
      "pool": "4_SB",
      "piid": "GS00Q14OADS428"
    },
    "model": "vendor.poolpiid",
    "pk": 115
  },
  {
    "fields": {
      "vendor": 34,
      "pool": "4_SB",
      "piid": "GS00Q14OADS429"
    },
    "model": "vendor.poolpiid",
    "pk": 116
  },
  {
    "fields": {
      "vendor": 99,
      "pool": "4_SB",
      "piid": "GS00Q14OADS430"
    },
    "model": "vendor.poolpiid",
    "pk": 117
  },
  {
    "fields": {
      "vendor": 100,
      "pool": "4_SB",
      "piid": "GS00Q14OADS431"
    },
    "model": "vendor.poolpiid",
    "pk": 118
  },
  {
    "fields": {
      "vendor": 101,
      "pool": "4_SB",
      "piid": "GS00Q14OADS432"
    },
    "model": "vendor.poolpiid",
    "pk": 119
  },
  {
    "fields": {
      "vendor": 102,
      "pool": "4_SB",
      "piid": "GS00Q14OADS433"
    },
    "model": "vendor.poolpiid",
    "pk": 120
  },
  {
    "fields": {
      "vendor": 103,
      "pool": "4_SB",
      "piid": "GS00Q14OADS434"
    },
    "model": "vendor.poolpiid",
    "pk": 121
  },
  {
    "fields": {
      "vendor": 67,
      "pool": "4_SB",
      "piid": "GS00Q14OADS435"
    },
    "model": "vendor.poolpiid",
    "pk": 122
  },
  {
    "fields": {
      "vendor": 68,
      "pool": "4_SB",
      "piid": "GS00Q14OADS436"
    },
    "model": "vendor.poolpiid",
    "pk": 123
  },
  {
    "fields": {
      "vendor": 104,
      "pool": "4_SB",
      "piid": "GS00Q14OADS437"
    },
    "model": "vendor.poolpiid",
    "pk": 124
  },
  {
    "fields": {
      "vendor": 105,
      "pool": "4_SB",
      "piid": "GS00Q14OADS439"
    },
    "model": "vendor.poolpiid",
    "pk": 125
  },
  {
    "fields": {
      "vendor": 106,
      "pool": "4_SB",
      "piid": "GS00Q14OADS440"
    },
    "model": "vendor.poolpiid",
    "pk": 126
  },
  {
    "fields": {
      "vendor": 73,
      "pool": "4_SB",
      "piid": "GS00Q14OADS441"
    },
    "model": "vendor.poolpiid",
    "pk": 127
  },
  {
    "fields": {
      "vendor": 46,
      "pool": "5A_SB",
      "piid": "GS00Q14OADS501"
    },
    "model": "vendor.poolpiid",
    "pk": 128
  },
  {
    "fields": {
      "vendor": 107,
      "pool": "5A_SB",
      "piid": "GS00Q14OADS503"
    },
    "model": "vendor.poolpiid",
    "pk": 129
  },
  {
    "fields": {
      "vendor": 80,
      "pool": "5A_SB",
      "piid": "GS00Q14OADS504"
    },
    "model": "vendor.poolpiid",
    "pk": 130
  },
  {
    "fields": {
      "vendor": 85,
      "pool": "5A_SB",
      "piid": "GS00Q14OADS505"
    },
    "model": "vendor.poolpiid",
    "pk": 131
  },
  {
    "fields": {
      "vendor": 87,
      "pool": "5A_SB",
      "piid": "GS00Q14OADS506"
    },
    "model": "vendor.poolpiid",
    "pk": 132
  },
  {
    "fields": {
      "vendor": 89,
      "pool": "5A_SB",
      "piid": "GS00Q14OADS507"
    },
    "model": "vendor.poolpiid",
    "pk": 133
  },
  {
    "fields": {
      "vendor": 108,
      "pool": "5A_SB",
      "piid": "GS00Q14OADS508"
    },
    "model": "vendor.poolpiid",
    "pk": 134
  },
  {
    "fields": {
      "vendor": 109,
      "pool": "5A_SB",
      "piid": "GS00Q14OADS509"
    },
    "model": "vendor.poolpiid",
    "pk": 135
  },
  {
    "fields": {
      "vendor": 91,
      "pool": "5A_SB",
      "piid": "GS00Q14OADS510"
    },
    "model": "vendor.poolpiid",
    "pk": 136
  },
  {
    "fields": {
      "vendor": 110,
      "pool": "5A_SB",
      "piid": "GS00Q14OADS511"
    },
    "model": "vendor.poolpiid",
    "pk": 137
  },
  {
    "fields": {
      "vendor": 97,
      "pool": "5A_SB",
      "piid": "GS00Q14OADS512"
    },
    "model": "vendor.poolpiid",
    "pk": 138
  },
  {
    "fields": {
      "vendor": 34,
      "pool": "5A_SB",
      "piid": "GS00Q14OADS513"
    },
    "model": "vendor.poolpiid",
    "pk": 139
  },
  {
    "fields": {
      "vendor": 64,
      "pool": "5A_SB",
      "piid": "GS00Q14OADS514"
    },
    "model": "vendor.poolpiid",
    "pk": 140
  },
  {
    "fields": {
      "vendor": 99,
      "pool": "5A_SB",
      "piid": "GS00Q14OADS515"
    },
    "model": "vendor.poolpiid",
    "pk": 141
  },
  {
    "fields": {
      "vendor": 111,
      "pool": "5A_SB",
      "piid": "GS00Q14OADS516"
    },
    "model": "vendor.poolpiid",
    "pk": 142
  },
  {
    "fields": {
      "vendor": 101,
      "pool": "5A_SB",
      "piid": "GS00Q14OADS517"
    },
    "model": "vendor.poolpiid",
    "pk": 143
  },
  {
    "fields": {
      "vendor": 102,
      "pool": "5A_SB",
      "piid": "GS00Q14OADS518"
    },
    "model": "vendor.poolpiid",
    "pk": 144
  },
  {
    "fields": {
      "vendor": 104,
      "pool": "5A_SB",
      "piid": "GS00Q14OADS519"
    },
    "model": "vendor.poolpiid",
    "pk": 145
  },
  {
    "fields": {
      "vendor": 112,
      "pool": "5A_SB",
      "piid": "GS00Q14OADS520"
    },
    "model": "vendor.poolpiid",
    "pk": 146
  },
  {
    "fields": {
      "vendor": 105,
      "pool": "5A_SB",
      "piid": "GS00Q14OADS521"
    },
    "model": "vendor.poolpiid",
    "pk": 147
  },
  {
    "fields": {
      "vendor": 106,
      "pool": "5A_SB",
      "piid": "GS00Q14OADS522"
    },
    "model": "vendor.poolpiid",
    "pk": 148
  },
  {
    "fields": {
      "vendor": 113,
      "pool": "5B_SB",
      "piid": "GS00Q14OADS601"
    },
    "model": "vendor.poolpiid",
    "pk": 149
  },
  {
    "fields": {
      "vendor": 78,
      "pool": "5B_SB",
      "piid": "GS00Q14OADS603"
    },
    "model": "vendor.poolpiid",
    "pk": 150
  },
  {
    "fields": {
      "vendor": 107,
      "pool": "5B_SB",
      "piid": "GS00Q14OADS604"
    },
    "model": "vendor.poolpiid",
    "pk": 151
  },
  {
    "fields": {
      "vendor": 87,
      "pool": "5B_SB",
      "piid": "GS00Q14OADS605"
    },
    "model": "vendor.poolpiid",
    "pk": 152
  },
  {
    "fields": {
      "vendor": 108,
      "pool": "5B_SB",
      "piid": "GS00Q14OADS606"
    },
    "model": "vendor.poolpiid",
    "pk": 153
  },
  {
    "fields": {
      "vendor": 90,
      "pool": "5B_SB",
      "piid": "GS00Q14OADS607"
    },
    "model": "vendor.poolpiid",
    "pk": 154
  },
  {
    "fields": {
      "vendor": 109,
      "pool": "5B_SB",
      "piid": "GS00Q14OADS608"
    },
    "model": "vendor.poolpiid",
    "pk": 155
  },
  {
    "fields": {
      "vendor": 94,
      "pool": "5B_SB",
      "piid": "GS00Q14OADS609"
    },
    "model": "vendor.poolpiid",
    "pk": 156
  },
  {
    "fields": {
      "vendor": 110,
      "pool": "5B_SB",
      "piid": "GS00Q14OADS610"
    },
    "model": "vendor.poolpiid",
    "pk": 157
  },
  {
    "fields": {
      "vendor": 96,
      "pool": "5B_SB",
      "piid": "GS00Q14OADS611"
    },
    "model": "vendor.poolpiid",
    "pk": 158
  },
  {
    "fields": {
      "vendor": 97,
      "pool": "5B_SB",
      "piid": "GS00Q14OADS612"
    },
    "model": "vendor.poolpiid",
    "pk": 159
  },
  {
    "fields": {
      "vendor": 34,
      "pool": "5B_SB",
      "piid": "GS00Q14OADS613"
    },
    "model": "vendor.poolpiid",
    "pk": 160
  },
  {
    "fields": {
      "vendor": 99,
      "pool": "5B_SB",
      "piid": "GS00Q14OADS614"
    },
    "model": "vendor.poolpiid",
    "pk": 161
  },
  {
    "fields": {
      "vendor": 114,
      "pool": "5B_SB",
      "piid": "GS00Q14OADS615"
    },
    "model": "vendor.poolpiid",
    "pk": 162
  },
  {
    "fields": {
      "vendor": 111,
      "pool": "5B_SB",
      "piid": "GS00Q14OADS616"
    },
    "model": "vendor.poolpiid",
    "pk": 163
  },
  {
    "fields": {
      "vendor": 101,
      "pool": "5B_SB",
      "piid": "GS00Q14OADS617"
    },
    "model": "vendor.poolpiid",
    "pk": 164
  },
  {
    "fields": {
      "vendor": 102,
      "pool": "5B_SB",
      "piid": "GS00Q14OADS618"
    },
    "model": "vendor.poolpiid",
    "pk": 165
  },
  {
    "fields": {
      "vendor": 112,
      "pool": "5B_SB",
      "piid": "GS00Q14OADS619"
    },
    "model": "vendor.poolpiid",
    "pk": 166
  },
  {
    "fields": {
      "vendor": 74,
      "pool": "5B_SB",
      "piid": "GS00Q14OADS620"
    },
    "model": "vendor.poolpiid",
    "pk": 167
  },
  {
    "fields": {
      "vendor": 105,
      "pool": "5B_SB",
      "piid": "GS00Q14OADS621"
    },
    "model": "vendor.poolpiid",
    "pk": 168
  },
  {
    "fields": {
      "vendor": 106,
      "pool": "5B_SB",
      "piid": "GS00Q14OADS622"
    },
    "model": "vendor.poolpiid",
    "pk": 169
  },
  {
    "fields": {
      "vendor": 115,
      "pool": "5B_SB",
      "piid": "GS00Q14OADS623"
    },
    "model": "vendor.poolpiid",
    "pk": 170
  },
  {
    "fields": {
      "vendor": 74,
      "pool": "6_SB",
      "piid": "GS00Q14OADS736"
    },
    "model": "vendor.poolpiid",
    "pk": 171
  },
  {
    "fields": {
      "vendor": 113,
      "pool": "6_SB",
      "piid": "GS00Q14OADS701"
    },
    "model": "vendor.poolpiid",
    "pk": 172
  },
  {
    "fields": {
      "vendor": 116,
      "pool": "6_SB",
      "piid": "GS00Q14OADS702"
    },
    "model": "vendor.poolpiid",
    "pk": 173
  },
  {
    "fields": {
      "vendor": 50,
      "pool": "6_SB",
      "piid": "GS00Q14OADS703"
    },
    "model": "vendor.poolpiid",
    "pk": 174
  },
  {
    "fields": {
      "vendor": 78,
      "pool": "6_SB",
      "piid": "GS00Q14OADS704"
    },
    "model": "vendor.poolpiid",
    "pk": 175
  },
  {
    "fields": {
      "vendor": 107,
      "pool": "6_SB",
      "piid": "GS00Q14OADS705"
    },
    "model": "vendor.poolpiid",
    "pk": 176
  },
  {
    "fields": {
      "vendor": 117,
      "pool": "6_SB",
      "piid": "GS00Q14OADS706"
    },
    "model": "vendor.poolpiid",
    "pk": 177
  },
  {
    "fields": {
      "vendor": 79,
      "pool": "6_SB",
      "piid": "GS00Q14OADS707"
    },
    "model": "vendor.poolpiid",
    "pk": 178
  },
  {
    "fields": {
      "vendor": 118,
      "pool": "6_SB",
      "piid": "GS00Q14OADS708"
    },
    "model": "vendor.poolpiid",
    "pk": 179
  },
  {
    "fields": {
      "vendor": 80,
      "pool": "6_SB",
      "piid": "GS00Q14OADS709"
    },
    "model": "vendor.poolpiid",
    "pk": 180
  },
  {
    "fields": {
      "vendor": 119,
      "pool": "6_SB",
      "piid": "GS00Q14OADS710"
    },
    "model": "vendor.poolpiid",
    "pk": 181
  },
  {
    "fields": {
      "vendor": 120,
      "pool": "6_SB",
      "piid": "GS00Q14OADS741"
    },
    "model": "vendor.poolpiid",
    "pk": 182
  },
  {
    "fields": {
      "vendor": 85,
      "pool": "6_SB",
      "piid": "GS00Q14OADS711"
    },
    "model": "vendor.poolpiid",
    "pk": 183
  },
  {
    "fields": {
      "vendor": 87,
      "pool": "6_SB",
      "piid": "GS00Q14OADS712"
    },
    "model": "vendor.poolpiid",
    "pk": 184
  },
  {
    "fields": {
      "vendor": 121,
      "pool": "6_SB",
      "piid": "GS00Q14OADS713"
    },
    "model": "vendor.poolpiid",
    "pk": 185
  },
  {
    "fields": {
      "vendor": 122,
      "pool": "6_SB",
      "piid": "GS00Q14OADS714"
    },
    "model": "vendor.poolpiid",
    "pk": 186
  },
  {
    "fields": {
      "vendor": 89,
      "pool": "6_SB",
      "piid": "GS00Q14OADS715"
    },
    "model": "vendor.poolpiid",
    "pk": 187
  },
  {
    "fields": {
      "vendor": 108,
      "pool": "6_SB",
      "piid": "GS00Q14OADS716"
    },
    "model": "vendor.poolpiid",
    "pk": 188
  },
  {
    "fields": {
      "vendor": 90,
      "pool": "6_SB",
      "piid": "GS00Q14OADS717"
    },
    "model": "vendor.poolpiid",
    "pk": 189
  },
  {
    "fields": {
      "vendor": 109,
      "pool": "6_SB",
      "piid": "GS00Q14OADS718"
    },
    "model": "vendor.poolpiid",
    "pk": 190
  },
  {
    "fields": {
      "vendor": 91,
      "pool": "6_SB",
      "piid": "GS00Q14OADS719"
    },
    "model": "vendor.poolpiid",
    "pk": 191
  },
  {
    "fields": {
      "vendor": 94,
      "pool": "6_SB",
      "piid": "GS00Q14OADS720"
    },
    "model": "vendor.poolpiid",
    "pk": 192
  },
  {
    "fields": {
      "vendor": 110,
      "pool": "6_SB",
      "piid": "GS00Q14OADS721"
    },
    "model": "vendor.poolpiid",
    "pk": 193
  },
  {
    "fields": {
      "vendor": 95,
      "pool": "6_SB",
      "piid": "GS00Q14OADS722"
    },
    "model": "vendor.poolpiid",
    "pk": 194
  },
  {
    "fields": {
      "vendor": 96,
      "pool": "6_SB",
      "piid": "GS00Q14OADS723"
    },
    "model": "vendor.poolpiid",
    "pk": 195
  },
  {
    "fields": {
      "vendor": 97,
      "pool": "6_SB",
      "piid": "GS00Q14OADS724"
    },
    "model": "vendor.poolpiid",
    "pk": 196
  },
  {
    "fields": {
      "vendor": 63,
      "pool": "6_SB",
      "piid": "GS00Q14OADS725"
    },
    "model": "vendor.poolpiid",
    "pk": 197
  },
  {
    "fields": {
      "vendor": 34,
      "pool": "6_SB",
      "piid": "GS00Q14OADS726"
    },
    "model": "vendor.poolpiid",
    "pk": 198
  },
  {
    "fields": {
      "vendor": 99,
      "pool": "6_SB",
      "piid": "GS00Q14OADS727"
    },
    "model": "vendor.poolpiid",
    "pk": 199
  },
  {
    "fields": {
      "vendor": 123,
      "pool": "6_SB",
      "piid": "GS00Q14OADS728"
    },
    "model": "vendor.poolpiid",
    "pk": 200
  },
  {
    "fields": {
      "vendor": 111,
      "pool": "6_SB",
      "piid": "GS00Q14OADS729"
    },
    "model": "vendor.poolpiid",
    "pk": 201
  },
  {
    "fields": {
      "vendor": 101,
      "pool": "6_SB",
      "piid": "GS00Q14OADS730"
    },
    "model": "vendor.poolpiid",
    "pk": 202
  },
  {
    "fields": {
      "vendor": 102,
      "pool": "6_SB",
      "piid": "GS00Q14OADS731"
    },
    "model": "vendor.poolpiid",
    "pk": 203
  },
  {
    "fields": {
      "vendor": 68,
      "pool": "6_SB",
      "piid": "GS00Q14OADS732"
    },
    "model": "vendor.poolpiid",
    "pk": 204
  },
  {
    "fields": {
      "vendor": 69,
      "pool": "6_SB",
      "piid": "GS00Q14OADS733"
    },
    "model": "vendor.poolpiid",
    "pk": 205
  },
  {
    "fields": {
      "vendor": 104,
      "pool": "6_SB",
      "piid": "GS00Q14OADS734"
    },
    "model": "vendor.poolpiid",
    "pk": 206
  },
  {
    "fields": {
      "vendor": 112,
      "pool": "6_SB",
      "piid": "GS00Q14OADS735"
    },
    "model": "vendor.poolpiid",
    "pk": 207
  },
  {
    "fields": {
      "vendor": 105,
      "pool": "6_SB",
      "piid": "GS00Q14OADS737"
    },
    "model": "vendor.poolpiid",
    "pk": 208
  },
  {
    "fields": {
      "vendor": 106,
      "pool": "6_SB",
      "piid": "GS00Q14OADS738"
    },
    "model": "vendor.poolpiid",
    "pk": 209
  },
  {
    "fields": {
      "vendor": 124,
      "pool": "6_SB",
      "piid": "GS00Q14OADS739"
    },
    "model": "vendor.poolpiid",
    "pk": 210
  },
  {
    "fields": {
      "vendor": 125,
      "pool": "6_SB",
      "piid": "GS00Q14OADS740"
    },
    "model": "vendor.poolpiid",
    "pk": 211
  },
  {
    "fields": {
      "vendor": 126,
      "pool": "1_UR",
      "piid": "TBD"
    },
    "model": "vendor.poolpiid",
    "pk": 212
  },
  {
    "fields": {
      "vendor": 127,
      "pool": "1_UR",
      "piid": "`"
    },
    "model": "vendor.poolpiid",
    "pk": 213
  },
  {
    "fields": {
      "vendor": 128,
      "pool": "1_UR",
      "piid": "TBD"
    },
    "model": "vendor.poolpiid",
    "pk": 214
  },
  {
    "fields": {
      "vendor": 116,
      "pool": "1_UR",
      "piid": "GS00Q14OADU104"
    },
    "model": "vendor.poolpiid",
    "pk": 215
  },
  {
    "fields": {
      "vendor": 129,
      "pool": "1_UR",
      "piid": "GS00Q14OADU105"
    },
    "model": "vendor.poolpiid",
    "pk": 216
  },
  {
    "fields": {
      "vendor": 130,
      "pool": "1_UR",
      "piid": "GS00Q14OADU102"
    },
    "model": "vendor.poolpiid",
    "pk": 217
  },
  {
    "fields": {
      "vendor": 131,
      "pool": "1_UR",
      "piid": "GS00Q14OADU107"
    },
    "model": "vendor.poolpiid",
    "pk": 218
  },
  {
    "fields": {
      "vendor": 132,
      "pool": "1_UR",
      "piid": "GS00Q14OADU108"
    },
    "model": "vendor.poolpiid",
    "pk": 219
  },
  {
    "fields": {
      "vendor": 133,
      "pool": "1_UR",
      "piid": "GS00Q14OADU109"
    },
    "model": "vendor.poolpiid",
    "pk": 220
  },
  {
    "fields": {
      "vendor": 134,
      "pool": "1_UR",
      "piid": "GS00Q14OADU110"
    },
    "model": "vendor.poolpiid",
    "pk": 221
  },
  {
    "fields": {
      "vendor": 135,
      "pool": "1_UR",
      "piid": "GS00Q14OADU111"
    },
    "model": "vendor.poolpiid",
    "pk": 222
  },
  {
    "fields": {
      "vendor": 136,
      "pool": "1_UR",
      "piid": "GS00Q14OADU112"
    },
    "model": "vendor.poolpiid",
    "pk": 223
  },
  {
    "fields": {
      "vendor": 137,
      "pool": "1_UR",
      "piid": "TBD"
    },
    "model": "vendor.poolpiid",
    "pk": 224
  },
  {
    "fields": {
      "vendor": 119,
      "pool": "1_UR",
      "piid": "GS00Q14OADU114"
    },
    "model": "vendor.poolpiid",
    "pk": 225
  },
  {
    "fields": {
      "vendor": 138,
      "pool": "1_UR",
      "piid": "GS00Q14OADU115"
    },
    "model": "vendor.poolpiid",
    "pk": 226
  },
  {
    "fields": {
      "vendor": 139,
      "pool": "1_UR",
      "piid": "GS00Q14OADU116"
    },
    "model": "vendor.poolpiid",
    "pk": 227
  },
  {
    "fields": {
      "vendor": 140,
      "pool": "1_UR",
      "piid": "TBD"
    },
    "model": "vendor.poolpiid",
    "pk": 228
  },
  {
    "fields": {
      "vendor": 141,
      "pool": "1_UR",
      "piid": "GS00Q14OADU118"
    },
    "model": "vendor.poolpiid",
    "pk": 229
  },
  {
    "fields": {
      "vendor": 142,
      "pool": "1_UR",
      "piid": "GS00Q14OADU119"
    },
    "model": "vendor.poolpiid",
    "pk": 230
  },
  {
    "fields": {
      "vendor": 143,
      "pool": "1_UR",
      "piid": "GS00Q14OADU145"
    },
    "model": "vendor.poolpiid",
    "pk": 231
  },
  {
    "fields": {
      "vendor": 144,
      "pool": "1_UR",
      "piid": "GS00Q14OADU120"
    },
    "model": "vendor.poolpiid",
    "pk": 232
  },
  {
    "fields": {
      "vendor": 145,
      "pool": "1_UR",
      "piid": "GS00Q14OADU121"
    },
    "model": "vendor.poolpiid",
    "pk": 233
  },
  {
    "fields": {
      "vendor": 146,
      "pool": "1_UR",
      "piid": "GS00Q14OADU122"
    },
    "model": "vendor.poolpiid",
    "pk": 234
  },
  {
    "fields": {
      "vendor": 147,
      "pool": "1_UR",
      "piid": "GS00Q14OADU123"
    },
    "model": "vendor.poolpiid",
    "pk": 235
  },
  {
    "fields": {
      "vendor": 148,
      "pool": "1_UR",
      "piid": "GS00Q14OADU124"
    },
    "model": "vendor.poolpiid",
    "pk": 236
  },
  {
    "fields": {
      "vendor": 149,
      "pool": "1_UR",
      "piid": "GS00Q14OADU143"
    },
    "model": "vendor.poolpiid",
    "pk": 237
  },
  {
    "fields": {
      "vendor": 150,
      "pool": "1_UR",
      "piid": "GS00Q14OADU125"
    },
    "model": "vendor.poolpiid",
    "pk": 238
  },
  {
    "fields": {
      "vendor": 151,
      "pool": "1_UR",
      "piid": "GS00Q14OADU126"
    },
    "model": "vendor.poolpiid",
    "pk": 239
  },
  {
    "fields": {
      "vendor": 152,
      "pool": "1_UR",
      "piid": "GS00Q14OADU127"
    },
    "model": "vendor.poolpiid",
    "pk": 240
  },
  {
    "fields": {
      "vendor": 153,
      "pool": "1_UR",
      "piid": "GS00Q14OADU128"
    },
    "model": "vendor.poolpiid",
    "pk": 241
  },
  {
    "fields": {
      "vendor": 154,
      "pool": "1_UR",
      "piid": "GS00Q14OADU129"
    },
    "model": "vendor.poolpiid",
    "pk": 242
  },
  {
    "fields": {
      "vendor": 155,
      "pool": "1_UR",
      "piid": "GS00Q14OADU130"
    },
    "model": "vendor.poolpiid",
    "pk": 243
  },
  {
    "fields": {
      "vendor": 123,
      "pool": "1_UR",
      "piid": "GS00Q14OADU131"
    },
    "model": "vendor.poolpiid",
    "pk": 244
  },
  {
    "fields": {
      "vendor": 156,
      "pool": "1_UR",
      "piid": "GS00Q14OADU132"
    },
    "model": "vendor.poolpiid",
    "pk": 245
  },
  {
    "fields": {
      "vendor": 157,
      "pool": "1_UR",
      "piid": "GS00Q14OADU133"
    },
    "model": "vendor.poolpiid",
    "pk": 246
  },
  {
    "fields": {
      "vendor": 158,
      "pool": "1_UR",
      "piid": "GS00Q14OADU134"
    },
    "model": "vendor.poolpiid",
    "pk": 247
  },
  {
    "fields": {
      "vendor": 159,
      "pool": "1_UR",
      "piid": "GS00Q14OADU135"
    },
    "model": "vendor.poolpiid",
    "pk": 248
  },
  {
    "fields": {
      "vendor": 160,
      "pool": "1_UR",
      "piid": "GS00Q14OADU136"
    },
    "model": "vendor.poolpiid",
    "pk": 249
  },
  {
    "fields": {
      "vendor": 161,
      "pool": "1_UR",
      "piid": "GS00Q14OADU137"
    },
    "model": "vendor.poolpiid",
    "pk": 250
  },
  {
    "fields": {
      "vendor": 162,
      "pool": "1_UR",
      "piid": "GS00Q14OADU138"
    },
    "model": "vendor.poolpiid",
    "pk": 251
  },
  {
    "fields": {
      "vendor": 163,
      "pool": "1_UR",
      "piid": "GS00Q14OADU139"
    },
    "model": "vendor.poolpiid",
    "pk": 252
  },
  {
    "fields": {
      "vendor": 164,
      "pool": "1_UR",
      "piid": "GS00Q14OADU144"
    },
    "model": "vendor.poolpiid",
    "pk": 253
  },
  {
    "fields": {
      "vendor": 165,
      "pool": "1_UR",
      "piid": "GS00Q14OADU140"
    },
    "model": "vendor.poolpiid",
    "pk": 254
  },
  {
    "fields": {
      "vendor": 166,
      "pool": "1_UR",
      "piid": "GS00Q14OADU141"
    },
    "model": "vendor.poolpiid",
    "pk": 255
  },
  {
    "fields": {
      "vendor": 167,
      "pool": "1_UR",
      "piid": "GS00Q14OADU142"
    },
    "model": "vendor.poolpiid",
    "pk": 256
  },
  {
    "fields": {
      "vendor": 126,
      "pool": "2_UR",
      "piid": "TBD"
    },
    "model": "vendor.poolpiid",
    "pk": 257
  },
  {
    "fields": {
      "vendor": 130,
      "pool": "2_UR",
      "piid": "GS00Q14OADU201"
    },
    "model": "vendor.poolpiid",
    "pk": 258
  },
  {
    "fields": {
      "vendor": 132,
      "pool": "2_UR",
      "piid": "GS00Q14OADU203"
    },
    "model": "vendor.poolpiid",
    "pk": 259
  },
  {
    "fields": {
      "vendor": 137,
      "pool": "2_UR",
      "piid": "TBD"
    },
    "model": "vendor.poolpiid",
    "pk": 260
  },
  {
    "fields": {
      "vendor": 168,
      "pool": "2_UR",
      "piid": "GS00Q14OADU205"
    },
    "model": "vendor.poolpiid",
    "pk": 261
  },
  {
    "fields": {
      "vendor": 169,
      "pool": "2_UR",
      "piid": "GS00Q14OADU206"
    },
    "model": "vendor.poolpiid",
    "pk": 262
  },
  {
    "fields": {
      "vendor": 170,
      "pool": "2_UR",
      "piid": "GS00Q14OADU207"
    },
    "model": "vendor.poolpiid",
    "pk": 263
  },
  {
    "fields": {
      "vendor": 171,
      "pool": "2_UR",
      "piid": "GS00Q14OADU208"
    },
    "model": "vendor.poolpiid",
    "pk": 264
  },
  {
    "fields": {
      "vendor": 142,
      "pool": "2_UR",
      "piid": "GS00Q14OADU209"
    },
    "model": "vendor.poolpiid",
    "pk": 265
  },
  {
    "fields": {
      "vendor": 143,
      "pool": "2_UR",
      "piid": "GS00Q14OADU224"
    },
    "model": "vendor.poolpiid",
    "pk": 266
  },
  {
    "fields": {
      "vendor": 172,
      "pool": "2_UR",
      "piid": "GS00Q14OADU210"
    },
    "model": "vendor.poolpiid",
    "pk": 267
  },
  {
    "fields": {
      "vendor": 146,
      "pool": "2_UR",
      "piid": "GS00Q14OADU211"
    },
    "model": "vendor.poolpiid",
    "pk": 268
  },
  {
    "fields": {
      "vendor": 147,
      "pool": "2_UR",
      "piid": "GS00Q14OADU212"
    },
    "model": "vendor.poolpiid",
    "pk": 269
  },
  {
    "fields": {
      "vendor": 173,
      "pool": "2_UR",
      "piid": "GS00Q14OADU213"
    },
    "model": "vendor.poolpiid",
    "pk": 270
  },
  {
    "fields": {
      "vendor": 174,
      "pool": "2_UR",
      "piid": "GS00Q14OADU214"
    },
    "model": "vendor.poolpiid",
    "pk": 271
  },
  {
    "fields": {
      "vendor": 150,
      "pool": "2_UR",
      "piid": "GS00Q14OADU215"
    },
    "model": "vendor.poolpiid",
    "pk": 272
  },
  {
    "fields": {
      "vendor": 175,
      "pool": "2_UR",
      "piid": "TBD"
    },
    "model": "vendor.poolpiid",
    "pk": 273
  },
  {
    "fields": {
      "vendor": 176,
      "pool": "2_UR",
      "piid": "GS00Q14OADU217"
    },
    "model": "vendor.poolpiid",
    "pk": 274
  },
  {
    "fields": {
      "vendor": 155,
      "pool": "2_UR",
      "piid": "GS00Q14OADU218"
    },
    "model": "vendor.poolpiid",
    "pk": 275
  },
  {
    "fields": {
      "vendor": 156,
      "pool": "2_UR",
      "piid": "GS00Q14OADU219"
    },
    "model": "vendor.poolpiid",
    "pk": 276
  },
  {
    "fields": {
      "vendor": 177,
      "pool": "2_UR",
      "piid": "GS00Q14OADU220"
    },
    "model": "vendor.poolpiid",
    "pk": 277
  },
  {
    "fields": {
      "vendor": 178,
      "pool": "2_UR",
      "piid": "GS00Q14OADU225"
    },
    "model": "vendor.poolpiid",
    "pk": 278
  },
  {
    "fields": {
      "vendor": 179,
      "pool": "2_UR",
      "piid": "GS00Q14OADU221"
    },
    "model": "vendor.poolpiid",
    "pk": 279
  },
  {
    "fields": {
      "vendor": 164,
      "pool": "2_UR",
      "piid": "GS00Q14OADU222"
    },
    "model": "vendor.poolpiid",
    "pk": 280
  },
  {
    "fields": {
      "vendor": 180,
      "pool": "2_UR",
      "piid": "GS00Q14OADU223"
    },
    "model": "vendor.poolpiid",
    "pk": 281
  },
  {
    "fields": {
      "vendor": 126,
      "pool": "3_UE",
      "piid": "TBD"
    },
    "model": "vendor.poolpiid",
    "pk": 282
  },
  {
    "fields": {
      "vendor": 127,
      "pool": "3_UE",
      "piid": "GS00Q14OADU303"
    },
    "model": "vendor.poolpiid",
    "pk": 283
  },
  {
    "fields": {
      "vendor": 181,
      "pool": "3_UE",
      "piid": "GS00Q14OADU343"
    },
    "model": "vendor.poolpiid",
    "pk": 284
  },
  {
    "fields": {
      "vendor": 116,
      "pool": "3_UE",
      "piid": "GS00Q14OADU304"
    },
    "model": "vendor.poolpiid",
    "pk": 285
  },
  {
    "fields": {
      "vendor": 129,
      "pool": "3_UE",
      "piid": "GS00Q14OADU305"
    },
    "model": "vendor.poolpiid",
    "pk": 286
  },
  {
    "fields": {
      "vendor": 130,
      "pool": "3_UE",
      "piid": "GS00Q14OADU302"
    },
    "model": "vendor.poolpiid",
    "pk": 287
  },
  {
    "fields": {
      "vendor": 131,
      "pool": "3_UE",
      "piid": "GS00Q14OADU307"
    },
    "model": "vendor.poolpiid",
    "pk": 288
  },
  {
    "fields": {
      "vendor": 132,
      "pool": "3_UE",
      "piid": "GS00Q14OADU308"
    },
    "model": "vendor.poolpiid",
    "pk": 289
  },
  {
    "fields": {
      "vendor": 182,
      "pool": "3_UE",
      "piid": "GS00Q14OADU309"
    },
    "model": "vendor.poolpiid",
    "pk": 290
  },
  {
    "fields": {
      "vendor": 133,
      "pool": "3_UE",
      "piid": "GS00Q14OADU310"
    },
    "model": "vendor.poolpiid",
    "pk": 291
  },
  {
    "fields": {
      "vendor": 134,
      "pool": "3_UE",
      "piid": "GS00Q14OADU311"
    },
    "model": "vendor.poolpiid",
    "pk": 292
  },
  {
    "fields": {
      "vendor": 135,
      "pool": "3_UE",
      "piid": "GS00Q14OADU312"
    },
    "model": "vendor.poolpiid",
    "pk": 293
  },
  {
    "fields": {
      "vendor": 136,
      "pool": "3_UE",
      "piid": "GS00Q14OADU313"
    },
    "model": "vendor.poolpiid",
    "pk": 294
  },
  {
    "fields": {
      "vendor": 183,
      "pool": "3_UE",
      "piid": "GS00Q14OADU314"
    },
    "model": "vendor.poolpiid",
    "pk": 295
  },
  {
    "fields": {
      "vendor": 138,
      "pool": "3_UE",
      "piid": "GS00Q14OADU315"
    },
    "model": "vendor.poolpiid",
    "pk": 296
  },
  {
    "fields": {
      "vendor": 139,
      "pool": "3_UE",
      "piid": "GS00Q14OADU316"
    },
    "model": "vendor.poolpiid",
    "pk": 297
  },
  {
    "fields": {
      "vendor": 170,
      "pool": "3_UE",
      "piid": "GS00Q14OADU317"
    },
    "model": "vendor.poolpiid",
    "pk": 298
  },
  {
    "fields": {
      "vendor": 141,
      "pool": "3_UE",
      "piid": "GS00Q14OADU318"
    },
    "model": "vendor.poolpiid",
    "pk": 299
  },
  {
    "fields": {
      "vendor": 142,
      "pool": "3_UE",
      "piid": "GS00Q14OADU319"
    },
    "model": "vendor.poolpiid",
    "pk": 300
  },
  {
    "fields": {
      "vendor": 143,
      "pool": "3_UE",
      "piid": "GS00Q14OADU342"
    },
    "model": "vendor.poolpiid",
    "pk": 301
  },
  {
    "fields": {
      "vendor": 144,
      "pool": "3_UE",
      "piid": "GS00Q14OADU320"
    },
    "model": "vendor.poolpiid",
    "pk": 302
  },
  {
    "fields": {
      "vendor": 145,
      "pool": "3_UE",
      "piid": "GS00Q14OADU321"
    },
    "model": "vendor.poolpiid",
    "pk": 303
  },
  {
    "fields": {
      "vendor": 146,
      "pool": "3_UE",
      "piid": "GS00Q14OADU322"
    },
    "model": "vendor.poolpiid",
    "pk": 304
  },
  {
    "fields": {
      "vendor": 147,
      "pool": "3_UE",
      "piid": "GS00Q14OADU323"
    },
    "model": "vendor.poolpiid",
    "pk": 305
  },
  {
    "fields": {
      "vendor": 148,
      "pool": "3_UE",
      "piid": "GS00Q14OADU324"
    },
    "model": "vendor.poolpiid",
    "pk": 306
  },
  {
    "fields": {
      "vendor": 150,
      "pool": "3_UE",
      "piid": "GS00Q14OADU325"
    },
    "model": "vendor.poolpiid",
    "pk": 307
  },
  {
    "fields": {
      "vendor": 152,
      "pool": "3_UE",
      "piid": "GS00Q14OADU326"
    },
    "model": "vendor.poolpiid",
    "pk": 308
  },
  {
    "fields": {
      "vendor": 153,
      "pool": "3_UE",
      "piid": "GS00Q14OADU327"
    },
    "model": "vendor.poolpiid",
    "pk": 309
  },
  {
    "fields": {
      "vendor": 154,
      "pool": "3_UE",
      "piid": "GS00Q14OADU328"
    },
    "model": "vendor.poolpiid",
    "pk": 310
  },
  {
    "fields": {
      "vendor": 155,
      "pool": "3_UE",
      "piid": "GS00Q14OADU329"
    },
    "model": "vendor.poolpiid",
    "pk": 311
  },
  {
    "fields": {
      "vendor": 123,
      "pool": "3_UE",
      "piid": "GS00Q14OADU330"
    },
    "model": "vendor.poolpiid",
    "pk": 312
  },
  {
    "fields": {
      "vendor": 156,
      "pool": "3_UE",
      "piid": "GS00Q14OADU331"
    },
    "model": "vendor.poolpiid",
    "pk": 313
  },
  {
    "fields": {
      "vendor": 157,
      "pool": "3_UE",
      "piid": "GS00Q14OADU332"
    },
    "model": "vendor.poolpiid",
    "pk": 314
  },
  {
    "fields": {
      "vendor": 158,
      "pool": "3_UE",
      "piid": "GS00Q14OADU333"
    },
    "model": "vendor.poolpiid",
    "pk": 315
  },
  {
    "fields": {
      "vendor": 159,
      "pool": "3_UE",
      "piid": "GS00Q14OADU334"
    },
    "model": "vendor.poolpiid",
    "pk": 316
  },
  {
    "fields": {
      "vendor": 160,
      "pool": "3_UE",
      "piid": "GS00Q14OADU335"
    },
    "model": "vendor.poolpiid",
    "pk": 317
  },
  {
    "fields": {
      "vendor": 161,
      "pool": "3_UE",
      "piid": "GS00Q14OADU336"
    },
    "model": "vendor.poolpiid",
    "pk": 318
  },
  {
    "fields": {
      "vendor": 162,
      "pool": "3_UE",
      "piid": "GS00Q14OADU337"
    },
    "model": "vendor.poolpiid",
    "pk": 319
  },
  {
    "fields": {
      "vendor": 163,
      "pool": "3_UE",
      "piid": "GS00Q14OADU338"
    },
    "model": "vendor.poolpiid",
    "pk": 320
  },
  {
    "fields": {
      "vendor": 165,
      "pool": "3_UE",
      "piid": "GS00Q14OADU339"
    },
    "model": "vendor.poolpiid",
    "pk": 321
  },
  {
    "fields": {
      "vendor": 166,
      "pool": "3_UE",
      "piid": "GS00Q14OADU340"
    },
    "model": "vendor.poolpiid",
    "pk": 322
  },
  {
    "fields": {
      "vendor": 167,
      "pool": "3_UE",
      "piid": "GS00Q14OADU341"
    },
    "model": "vendor.poolpiid",
    "pk": 323
  },
  {
    "fields": {
      "vendor": 127,
      "pool": "4_UR",
      "piid": "GS00Q14OADU401"
    },
    "model": "vendor.poolpiid",
    "pk": 324
  },
  {
    "fields": {
      "vendor": 181,
      "pool": "4_UR",
      "piid": "GS00Q14OADU442"
    },
    "model": "vendor.poolpiid",
    "pk": 325
  },
  {
    "fields": {
      "vendor": 116,
      "pool": "4_UR",
      "piid": "GS00Q14OADU404"
    },
    "model": "vendor.poolpiid",
    "pk": 326
  },
  {
    "fields": {
      "vendor": 129,
      "pool": "4_UR",
      "piid": "GS00Q14OADU403"
    },
    "model": "vendor.poolpiid",
    "pk": 327
  },
  {
    "fields": {
      "vendor": 130,
      "pool": "4_UR",
      "piid": "GS00Q14OADU402"
    },
    "model": "vendor.poolpiid",
    "pk": 328
  },
  {
    "fields": {
      "vendor": 131,
      "pool": "4_UR",
      "piid": "GS00Q14OADU405"
    },
    "model": "vendor.poolpiid",
    "pk": 329
  },
  {
    "fields": {
      "vendor": 132,
      "pool": "4_UR",
      "piid": "GS00Q14OADU406"
    },
    "model": "vendor.poolpiid",
    "pk": 330
  },
  {
    "fields": {
      "vendor": 182,
      "pool": "4_UR",
      "piid": "GS00Q14OADU407"
    },
    "model": "vendor.poolpiid",
    "pk": 331
  },
  {
    "fields": {
      "vendor": 133,
      "pool": "4_UR",
      "piid": "GS00Q14OADU408"
    },
    "model": "vendor.poolpiid",
    "pk": 332
  },
  {
    "fields": {
      "vendor": 134,
      "pool": "4_UR",
      "piid": "GS00Q14OADU409"
    },
    "model": "vendor.poolpiid",
    "pk": 333
  },
  {
    "fields": {
      "vendor": 135,
      "pool": "4_UR",
      "piid": "GS00Q14OADU410"
    },
    "model": "vendor.poolpiid",
    "pk": 334
  },
  {
    "fields": {
      "vendor": 136,
      "pool": "4_UR",
      "piid": "GS00Q14OADU411"
    },
    "model": "vendor.poolpiid",
    "pk": 335
  },
  {
    "fields": {
      "vendor": 119,
      "pool": "4_UR",
      "piid": "GS00Q14OADU412"
    },
    "model": "vendor.poolpiid",
    "pk": 336
  },
  {
    "fields": {
      "vendor": 138,
      "pool": "4_UR",
      "piid": "GS00Q14OADU413"
    },
    "model": "vendor.poolpiid",
    "pk": 337
  },
  {
    "fields": {
      "vendor": 170,
      "pool": "4_UR",
      "piid": "GS00Q14OADU414"
    },
    "model": "vendor.poolpiid",
    "pk": 338
  },
  {
    "fields": {
      "vendor": 140,
      "pool": "4_UR",
      "piid": "TBD"
    },
    "model": "vendor.poolpiid",
    "pk": 339
  },
  {
    "fields": {
      "vendor": 141,
      "pool": "4_UR",
      "piid": "GS00Q14OADU416"
    },
    "model": "vendor.poolpiid",
    "pk": 340
  },
  {
    "fields": {
      "vendor": 142,
      "pool": "4_UR",
      "piid": "GS00Q14OADU417"
    },
    "model": "vendor.poolpiid",
    "pk": 341
  },
  {
    "fields": {
      "vendor": 143,
      "pool": "4_UR",
      "piid": "GS00Q14OADU441"
    },
    "model": "vendor.poolpiid",
    "pk": 342
  },
  {
    "fields": {
      "vendor": 144,
      "pool": "4_UR",
      "piid": "GS00Q14OADU418"
    },
    "model": "vendor.poolpiid",
    "pk": 343
  },
  {
    "fields": {
      "vendor": 145,
      "pool": "4_UR",
      "piid": "GS00Q14OADU419"
    },
    "model": "vendor.poolpiid",
    "pk": 344
  },
  {
    "fields": {
      "vendor": 146,
      "pool": "4_UR",
      "piid": "GS00Q14OADU420"
    },
    "model": "vendor.poolpiid",
    "pk": 345
  },
  {
    "fields": {
      "vendor": 147,
      "pool": "4_UR",
      "piid": "GS00Q14OADU421"
    },
    "model": "vendor.poolpiid",
    "pk": 346
  },
  {
    "fields": {
      "vendor": 148,
      "pool": "4_UR",
      "piid": "GS00Q14OADU422"
    },
    "model": "vendor.poolpiid",
    "pk": 347
  },
  {
    "fields": {
      "vendor": 149,
      "pool": "4_UR",
      "piid": "GS00Q14OADU423"
    },
    "model": "vendor.poolpiid",
    "pk": 348
  },
  {
    "fields": {
      "vendor": 150,
      "pool": "4_UR",
      "piid": "GS00Q14OADU424"
    },
    "model": "vendor.poolpiid",
    "pk": 349
  },
  {
    "fields": {
      "vendor": 152,
      "pool": "4_UR",
      "piid": "GS00Q14OADU425"
    },
    "model": "vendor.poolpiid",
    "pk": 350
  },
  {
    "fields": {
      "vendor": 153,
      "pool": "4_UR",
      "piid": "GS00Q14OADU426"
    },
    "model": "vendor.poolpiid",
    "pk": 351
  },
  {
    "fields": {
      "vendor": 154,
      "pool": "4_UR",
      "piid": "GS00Q14OADU427"
    },
    "model": "vendor.poolpiid",
    "pk": 352
  },
  {
    "fields": {
      "vendor": 155,
      "pool": "4_UR",
      "piid": "GS00Q14OADU428"
    },
    "model": "vendor.poolpiid",
    "pk": 353
  },
  {
    "fields": {
      "vendor": 123,
      "pool": "4_UR",
      "piid": "GS00Q14OADU429"
    },
    "model": "vendor.poolpiid",
    "pk": 354
  },
  {
    "fields": {
      "vendor": 156,
      "pool": "4_UR",
      "piid": "GS00Q14OADU430"
    },
    "model": "vendor.poolpiid",
    "pk": 355
  },
  {
    "fields": {
      "vendor": 157,
      "pool": "4_UR",
      "piid": "GS00Q14OADU431"
    },
    "model": "vendor.poolpiid",
    "pk": 356
  },
  {
    "fields": {
      "vendor": 158,
      "pool": "4_UR",
      "piid": "GS00Q14OADU432"
    },
    "model": "vendor.poolpiid",
    "pk": 357
  },
  {
    "fields": {
      "vendor": 159,
      "pool": "4_UR",
      "piid": "GS00Q14OADU433"
    },
    "model": "vendor.poolpiid",
    "pk": 358
  },
  {
    "fields": {
      "vendor": 160,
      "pool": "4_UR",
      "piid": "GS00Q14OADU434"
    },
    "model": "vendor.poolpiid",
    "pk": 359
  },
  {
    "fields": {
      "vendor": 161,
      "pool": "4_UR",
      "piid": "GS00Q14OADU435"
    },
    "model": "vendor.poolpiid",
    "pk": 360
  },
  {
    "fields": {
      "vendor": 162,
      "pool": "4_UR",
      "piid": "GS00Q14OADU436"
    },
    "model": "vendor.poolpiid",
    "pk": 361
  },
  {
    "fields": {
      "vendor": 163,
      "pool": "4_UR",
      "piid": "GS00Q14OADU437"
    },
    "model": "vendor.poolpiid",
    "pk": 362
  },
  {
    "fields": {
      "vendor": 164,
      "pool": "4_UR",
      "piid": "GS00Q14OADU438"
    },
    "model": "vendor.poolpiid",
    "pk": 363
  },
  {
    "fields": {
      "vendor": 165,
      "pool": "4_UR",
      "piid": "GS00Q14OADU439"
    },
    "model": "vendor.poolpiid",
    "pk": 364
  },
  {
    "fields": {
      "vendor": 167,
      "pool": "4_UR",
      "piid": "GS00Q14OADU440"
    },
    "model": "vendor.poolpiid",
    "pk": 365
  },
  {
    "fields": {
      "vendor": 116,
      "pool": "5A_UR",
      "piid": "GS00Q14OADU501"
    },
    "model": "vendor.poolpiid",
    "pk": 366
  },
  {
    "fields": {
      "vendor": 129,
      "pool": "5A_UR",
      "piid": "GS00Q14OADU503"
    },
    "model": "vendor.poolpiid",
    "pk": 367
  },
  {
    "fields": {
      "vendor": 130,
      "pool": "5A_UR",
      "piid": "GS00Q14OADU502"
    },
    "model": "vendor.poolpiid",
    "pk": 368
  },
  {
    "fields": {
      "vendor": 131,
      "pool": "5A_UR",
      "piid": "GS00Q14OADU504"
    },
    "model": "vendor.poolpiid",
    "pk": 369
  },
  {
    "fields": {
      "vendor": 132,
      "pool": "5A_UR",
      "piid": "GS00Q14OADU505"
    },
    "model": "vendor.poolpiid",
    "pk": 370
  },
  {
    "fields": {
      "vendor": 134,
      "pool": "5A_UR",
      "piid": "GS00Q14OADU506"
    },
    "model": "vendor.poolpiid",
    "pk": 371
  },
  {
    "fields": {
      "vendor": 136,
      "pool": "5A_UR",
      "piid": "GS00Q14OADU507"
    },
    "model": "vendor.poolpiid",
    "pk": 372
  },
  {
    "fields": {
      "vendor": 141,
      "pool": "5A_UR",
      "piid": "GS00Q14OADU508"
    },
    "model": "vendor.poolpiid",
    "pk": 373
  },
  {
    "fields": {
      "vendor": 144,
      "pool": "5A_UR",
      "piid": "GS00Q14OADU509"
    },
    "model": "vendor.poolpiid",
    "pk": 374
  },
  {
    "fields": {
      "vendor": 145,
      "pool": "5A_UR",
      "piid": "GS00Q14OADU510"
    },
    "model": "vendor.poolpiid",
    "pk": 375
  },
  {
    "fields": {
      "vendor": 146,
      "pool": "5A_UR",
      "piid": "GS00Q14OADU511"
    },
    "model": "vendor.poolpiid",
    "pk": 376
  },
  {
    "fields": {
      "vendor": 147,
      "pool": "5A_UR",
      "piid": "GS00Q14OADU512"
    },
    "model": "vendor.poolpiid",
    "pk": 377
  },
  {
    "fields": {
      "vendor": 150,
      "pool": "5A_UR",
      "piid": "GS00Q14OADU513"
    },
    "model": "vendor.poolpiid",
    "pk": 378
  },
  {
    "fields": {
      "vendor": 153,
      "pool": "5A_UR",
      "piid": "GS00Q14OADU514"
    },
    "model": "vendor.poolpiid",
    "pk": 379
  },
  {
    "fields": {
      "vendor": 154,
      "pool": "5A_UR",
      "piid": "GS00Q14OADU515"
    },
    "model": "vendor.poolpiid",
    "pk": 380
  },
  {
    "fields": {
      "vendor": 155,
      "pool": "5A_UR",
      "piid": "GS00Q14OADU516"
    },
    "model": "vendor.poolpiid",
    "pk": 381
  },
  {
    "fields": {
      "vendor": 123,
      "pool": "5A_UR",
      "piid": "GS00Q14OADU517"
    },
    "model": "vendor.poolpiid",
    "pk": 382
  },
  {
    "fields": {
      "vendor": 157,
      "pool": "5A_UR",
      "piid": "GS00Q14OADU518"
    },
    "model": "vendor.poolpiid",
    "pk": 383
  },
  {
    "fields": {
      "vendor": 161,
      "pool": "5A_UR",
      "piid": "GS00Q14OADU519"
    },
    "model": "vendor.poolpiid",
    "pk": 384
  },
  {
    "fields": {
      "vendor": 167,
      "pool": "5A_UR",
      "piid": "GS00Q14OADU520"
    },
    "model": "vendor.poolpiid",
    "pk": 385
  },
  {
    "fields": {
      "vendor": 116,
      "pool": "5B_UR",
      "piid": "GS00Q14OADU601"
    },
    "model": "vendor.poolpiid",
    "pk": 386
  },
  {
    "fields": {
      "vendor": 130,
      "pool": "5B_UR",
      "piid": "GS00Q14OADU602"
    },
    "model": "vendor.poolpiid",
    "pk": 387
  },
  {
    "fields": {
      "vendor": 131,
      "pool": "5B_UR",
      "piid": "GS00Q14OADU603"
    },
    "model": "vendor.poolpiid",
    "pk": 388
  },
  {
    "fields": {
      "vendor": 132,
      "pool": "5B_UR",
      "piid": "GS00Q14OADU604"
    },
    "model": "vendor.poolpiid",
    "pk": 389
  },
  {
    "fields": {
      "vendor": 134,
      "pool": "5B_UR",
      "piid": "GS00Q14OADU605"
    },
    "model": "vendor.poolpiid",
    "pk": 390
  },
  {
    "fields": {
      "vendor": 135,
      "pool": "5B_UR",
      "piid": "GS00Q14OADU606"
    },
    "model": "vendor.poolpiid",
    "pk": 391
  },
  {
    "fields": {
      "vendor": 141,
      "pool": "5B_UR",
      "piid": "GS00Q14OADU607"
    },
    "model": "vendor.poolpiid",
    "pk": 392
  },
  {
    "fields": {
      "vendor": 144,
      "pool": "5B_UR",
      "piid": "GS00Q14OADU608"
    },
    "model": "vendor.poolpiid",
    "pk": 393
  },
  {
    "fields": {
      "vendor": 145,
      "pool": "5B_UR",
      "piid": "GS00Q14OADU609"
    },
    "model": "vendor.poolpiid",
    "pk": 394
  },
  {
    "fields": {
      "vendor": 146,
      "pool": "5B_UR",
      "piid": "GS00Q14OADU610"
    },
    "model": "vendor.poolpiid",
    "pk": 395
  },
  {
    "fields": {
      "vendor": 147,
      "pool": "5B_UR",
      "piid": "GS00Q14OADU611"
    },
    "model": "vendor.poolpiid",
    "pk": 396
  },
  {
    "fields": {
      "vendor": 148,
      "pool": "5B_UR",
      "piid": "GS00Q14OADU612"
    },
    "model": "vendor.poolpiid",
    "pk": 397
  },
  {
    "fields": {
      "vendor": 150,
      "pool": "5B_UR",
      "piid": "GS00Q14OADU613"
    },
    "model": "vendor.poolpiid",
    "pk": 398
  },
  {
    "fields": {
      "vendor": 152,
      "pool": "5B_UR",
      "piid": "GS00Q14OADU614"
    },
    "model": "vendor.poolpiid",
    "pk": 399
  },
  {
    "fields": {
      "vendor": 154,
      "pool": "5B_UR",
      "piid": "GS00Q14OADU615"
    },
    "model": "vendor.poolpiid",
    "pk": 400
  },
  {
    "fields": {
      "vendor": 155,
      "pool": "5B_UR",
      "piid": "GS00Q14OADU616"
    },
    "model": "vendor.poolpiid",
    "pk": 401
  },
  {
    "fields": {
      "vendor": 123,
      "pool": "5B_UR",
      "piid": "GS00Q14OADU617"
    },
    "model": "vendor.poolpiid",
    "pk": 402
  },
  {
    "fields": {
      "vendor": 157,
      "pool": "5B_UR",
      "piid": "GS00Q14OADU618"
    },
    "model": "vendor.poolpiid",
    "pk": 403
  },
  {
    "fields": {
      "vendor": 158,
      "pool": "5B_UR",
      "piid": "GS00Q14OADU619"
    },
    "model": "vendor.poolpiid",
    "pk": 404
  },
  {
    "fields": {
      "vendor": 161,
      "pool": "5B_UR",
      "piid": "GS00Q14OADU620"
    },
    "model": "vendor.poolpiid",
    "pk": 405
  },
  {
    "fields": {
      "vendor": 163,
      "pool": "5B_UR",
      "piid": "GS00Q14OADU621"
    },
    "model": "vendor.poolpiid",
    "pk": 406
  },
  {
    "fields": {
      "vendor": 116,
      "pool": "6_UR",
      "piid": "GS00Q14OADU701"
    },
    "model": "vendor.poolpiid",
    "pk": 407
  },
  {
    "fields": {
      "vendor": 129,
      "pool": "6_UR",
      "piid": "GS00Q14OADU703"
    },
    "model": "vendor.poolpiid",
    "pk": 408
  },
  {
    "fields": {
      "vendor": 130,
      "pool": "6_UR",
      "piid": "GS00Q14OADU702"
    },
    "model": "vendor.poolpiid",
    "pk": 409
  },
  {
    "fields": {
      "vendor": 131,
      "pool": "6_UR",
      "piid": "GS00Q14OADU704"
    },
    "model": "vendor.poolpiid",
    "pk": 410
  },
  {
    "fields": {
      "vendor": 132,
      "pool": "6_UR",
      "piid": "GS00Q14OADU705"
    },
    "model": "vendor.poolpiid",
    "pk": 411
  },
  {
    "fields": {
      "vendor": 107,
      "pool": "6_UR",
      "piid": "GS00Q14OADU706"
    },
    "model": "vendor.poolpiid",
    "pk": 412
  },
  {
    "fields": {
      "vendor": 118,
      "pool": "6_UR",
      "piid": "GS00Q14OADU707"
    },
    "model": "vendor.poolpiid",
    "pk": 413
  },
  {
    "fields": {
      "vendor": 168,
      "pool": "6_UR",
      "piid": "GS00Q14OADU708"
    },
    "model": "vendor.poolpiid",
    "pk": 414
  },
  {
    "fields": {
      "vendor": 119,
      "pool": "6_UR",
      "piid": "GS00Q14OADU709"
    },
    "model": "vendor.poolpiid",
    "pk": 415
  },
  {
    "fields": {
      "vendor": 170,
      "pool": "6_UR",
      "piid": "GS00Q14OADU710"
    },
    "model": "vendor.poolpiid",
    "pk": 416
  },
  {
    "fields": {
      "vendor": 184,
      "pool": "6_UR",
      "piid": "GS00Q14OADU711"
    },
    "model": "vendor.poolpiid",
    "pk": 417
  },
  {
    "fields": {
      "vendor": 141,
      "pool": "6_UR",
      "piid": "GS00Q14OADU712"
    },
    "model": "vendor.poolpiid",
    "pk": 418
  },
  {
    "fields": {
      "vendor": 108,
      "pool": "6_UR",
      "piid": "GS00Q14OADU713"
    },
    "model": "vendor.poolpiid",
    "pk": 419
  },
  {
    "fields": {
      "vendor": 144,
      "pool": "6_UR",
      "piid": "GS00Q14OADU714"
    },
    "model": "vendor.poolpiid",
    "pk": 420
  },
  {
    "fields": {
      "vendor": 145,
      "pool": "6_UR",
      "piid": "GS00Q14OADU715"
    },
    "model": "vendor.poolpiid",
    "pk": 421
  },
  {
    "fields": {
      "vendor": 146,
      "pool": "6_UR",
      "piid": "GS00Q14OADU716"
    },
    "model": "vendor.poolpiid",
    "pk": 422
  },
  {
    "fields": {
      "vendor": 147,
      "pool": "6_UR",
      "piid": "GS00Q14OADU717"
    },
    "model": "vendor.poolpiid",
    "pk": 423
  },
  {
    "fields": {
      "vendor": 185,
      "pool": "6_UR",
      "piid": "GS00Q14OADU718"
    },
    "model": "vendor.poolpiid",
    "pk": 424
  },
  {
    "fields": {
      "vendor": 186,
      "pool": "6_UR",
      "piid": "GS00Q14OADU719"
    },
    "model": "vendor.poolpiid",
    "pk": 425
  },
  {
    "fields": {
      "vendor": 109,
      "pool": "6_UR",
      "piid": "GS00Q14OADU720"
    },
    "model": "vendor.poolpiid",
    "pk": 426
  },
  {
    "fields": {
      "vendor": 91,
      "pool": "6_UR",
      "piid": "GS00Q14OADU721"
    },
    "model": "vendor.poolpiid",
    "pk": 427
  },
  {
    "fields": {
      "vendor": 150,
      "pool": "6_UR",
      "piid": "GS00Q14OADU722"
    },
    "model": "vendor.poolpiid",
    "pk": 428
  },
  {
    "fields": {
      "vendor": 95,
      "pool": "6_UR",
      "piid": "GS00Q14OADU723"
    },
    "model": "vendor.poolpiid",
    "pk": 429
  },
  {
    "fields": {
      "vendor": 153,
      "pool": "6_UR",
      "piid": "GS00Q14OADU724"
    },
    "model": "vendor.poolpiid",
    "pk": 430
  },
  {
    "fields": {
      "vendor": 34,
      "pool": "6_UR",
      "piid": "GS00Q14OADU725"
    },
    "model": "vendor.poolpiid",
    "pk": 431
  },
  {
    "fields": {
      "vendor": 99,
      "pool": "6_UR",
      "piid": "GS00Q14OADU726"
    },
    "model": "vendor.poolpiid",
    "pk": 432
  },
  {
    "fields": {
      "vendor": 154,
      "pool": "6_UR",
      "piid": "GS00Q14OADU727"
    },
    "model": "vendor.poolpiid",
    "pk": 433
  },
  {
    "fields": {
      "vendor": 155,
      "pool": "6_UR",
      "piid": "GS00Q14OADU728"
    },
    "model": "vendor.poolpiid",
    "pk": 434
  },
  {
    "fields": {
      "vendor": 123,
      "pool": "6_UR",
      "piid": "GS00Q14OADU729"
    },
    "model": "vendor.poolpiid",
    "pk": 435
  },
  {
    "fields": {
      "vendor": 157,
      "pool": "6_UR",
      "piid": "GS00Q14OADU730"
    },
    "model": "vendor.poolpiid",
    "pk": 436
  },
  {
    "fields": {
      "vendor": 101,
      "pool": "6_UR",
      "piid": "GS00Q14OADU731"
    },
    "model": "vendor.poolpiid",
    "pk": 437
  },
  {
    "fields": {
      "vendor": 68,
      "pool": "6_UR",
      "piid": "GS00Q14OADU732"
    },
    "model": "vendor.poolpiid",
    "pk": 438
  },
  {
    "fields": {
      "vendor": 161,
      "pool": "6_UR",
      "piid": "GS00Q14OADU733"
    },
    "model": "vendor.poolpiid",
    "pk": 439
  },
  {
    "fields": {
      "vendor": 105,
      "pool": "6_UR",
      "piid": "GS00Q14OADU734"
    },
    "model": "vendor.poolpiid",
    "pk": 440
  },
  {
    "fields": {
      "vendor": 165,
      "pool": "6_UR",
      "piid": "GS00Q14OADU735"
    },
    "model": "vendor.poolpiid",
    "pk": 441
  },
  {
    "fields": {
      "vendor": 125,
      "pool": "6_UR",
      "piid": "GS00Q14OADU736"
    },
    "model": "vendor.poolpiid",
    "pk": 442
  },
  {
    "fields": {
      "vendor": 167,
      "pool": "6_UR",
      "piid": "GS00Q14OADU737"
    },
    "model": "vendor.poolpiid",
    "pk": 443
  },
  {
    "fields": {
      "short_name": "Veteran Owned",
      "far_order": 5,
      "code": "A5",
      "abbreviation": "VO"
    },
    "model": "vendor.setaside",
    "pk": 1
  },
  {
    "fields": {
      "short_name": "Service Disabled Vet Owned",
      "far_order": 3,
      "code": "QF",
      "abbreviation": "SDVO"
    },
    "model": "vendor.setaside",
    "pk": 2
  },
  {
    "fields": {
      "short_name": "Woman Owned",
      "far_order": 4,
      "code": "A2",
      "abbreviation": "WO"
    },
    "model": "vendor.setaside",
    "pk": 3
  },
  {
    "fields": {
      "short_name": "Small Disadvantaged Business",
      "far_order": 6,
      "code": "27",
      "abbreviation": "SDB"
    },
    "model": "vendor.setaside",
    "pk": 15
  },
  {
    "fields": {
      "short_name": "8(A)",
      "far_order": 1,
      "code": "A6",
      "abbreviation": "8(A)"
    },
    "model": "vendor.setaside",
    "pk": 16
  },
  {
    "fields": {
      "short_name": "HUBZone",
      "far_order": 2,
      "code": "XX",
      "abbreviation": "HubZ"
    },
    "model": "vendor.setaside",
    "pk": 18
  },
  {
    "fields": {
      "short_code": "541330",
      "code": "541330",
      "description": "Engineering Services"
    },
    "model": "vendor.naics",
    "pk": 1
  },
  {
    "fields": {
      "short_code": "541360",
      "code": "541360",
      "description": "Geophysical Surveying and Mapping Services"
    },
    "model": "vendor.naics",
    "pk": 2
  },
  {
    "fields": {
      "short_code": "541370",
      "code": "541370",
      "description": "Surveying and Mapping (except Geophysical) Services"
    },
    "model": "vendor.naics",
    "pk": 3
  },
  {
    "fields": {
      "short_code": "541380",
      "code": "541380",
      "description": "Testing Laboratories"
    },
    "model": "vendor.naics",
    "pk": 4
  },
  {
    "fields": {
      "short_code": "541611",
      "code": "541611",
      "description": "Administrative Management and General Management Consulting Services"
    },
    "model": "vendor.naics",
    "pk": 5
  },
  {
    "fields": {
      "short_code": "541612",
      "code": "541612",
      "description": "Human Resources Consulting Services"
    },
    "model": "vendor.naics",
    "pk": 6
  },
  {
    "fields": {
      "short_code": "541613",
      "code": "541613",
      "description": "Marketing Consulting Services"
    },
    "model": "vendor.naics",
    "pk": 7
  },
  {
    "fields": {
      "short_code": "541614",
      "code": "541614",
      "description": "Process, Physical Distribution, and Logistics Consulting Services"
    },
    "model": "vendor.naics",
    "pk": 8
  },
  {
    "fields": {
      "short_code": "541618",
      "code": "541618",
      "description": "Other Management Consulting Services"
    },
    "model": "vendor.naics",
    "pk": 9
  },
  {
    "fields": {
      "short_code": "541620",
      "code": "541620",
      "description": "Environmental Consulting Services"
    },
    "model": "vendor.naics",
    "pk": 10
  },
  {
    "fields": {
      "short_code": "541690",
      "code": "541690",
      "description": "Other Scientific and Technical Consulting Services"
    },
    "model": "vendor.naics",
    "pk": 11
  },
  {
    "fields": {
      "short_code": "541810",
      "code": "541810",
      "description": "Advertising Agencies"
    },
    "model": "vendor.naics",
    "pk": 12
  },
  {
    "fields": {
      "short_code": "541820",
      "code": "541820",
      "description": "Public Relations Agencies"
    },
    "model": "vendor.naics",
    "pk": 13
  },
  {
    "fields": {
      "short_code": "541830",
      "code": "541830",
      "description": "Media Buying Agencies"
    },
    "model": "vendor.naics",
    "pk": 14
  },
  {
    "fields": {
      "short_code": "541840",
      "code": "541840",
      "description": "Media Representatives"
    },
    "model": "vendor.naics",
    "pk": 15
  },
  {
    "fields": {
      "short_code": "541850",
      "code": "541850",
      "description": "Outdoor Advertising"
    },
    "model": "vendor.naics",
    "pk": 16
  },
  {
    "fields": {
      "short_code": "541860",
      "code": "541860",
      "description": "Direct Mail Advertising"
    },
    "model": "vendor.naics",
    "pk": 17
  },
  {
    "fields": {
      "short_code": "541870",
      "code": "541870",
      "description": "Advertising Material Distribution Services"
    },
    "model": "vendor.naics",
    "pk": 18
  },
  {
    "fields": {
      "short_code": "541890",
      "code": "541890",
      "description": "Other Services Related to Advertising"
    },
    "model": "vendor.naics",
    "pk": 19
  },
  {
    "fields": {
      "short_code": "541910",
      "code": "541910",
      "description": "Marketing Research and Public Opinion Polling"
    },
    "model": "vendor.naics",
    "pk": 20
  },
  {
    "fields": {
      "short_code": "541990",
      "code": "541990",
      "description": "All Other Professional, Scientific, and Technical Services"
    },
    "model": "vendor.naics",
    "pk": 21
  },
  {
    "fields": {
      "short_code": "541211",
      "code": "541211",
      "description": "Offices of Certified Public Accountants"
    },
    "model": "vendor.naics",
    "pk": 22
  },
  {
    "fields": {
      "short_code": "541213",
      "code": "541213",
      "description": "Tax Preparation Services"
    },
    "model": "vendor.naics",
    "pk": 23
  },
  {
    "fields": {
      "short_code": "541214",
      "code": "541214",
      "description": "Payroll Services"
    },
    "model": "vendor.naics",
    "pk": 24
  },
  {
    "fields": {
      "short_code": "541219",
      "code": "541219",
      "description": "Other Accounting Services"
    },
    "model": "vendor.naics",
    "pk": 25
  },
  {
    "fields": {
      "short_code": "541720",
      "code": "541720",
      "description": "Research and Development in the Social Sciences and Humanities"
    },
    "model": "vendor.naics",
    "pk": 26
  },
  {
    "fields": {
      "short_code": "541330A",
      "code": "541330",
      "description": "Engineering for Military and Aerospace Equipment and Military Weapons"
    },
    "model": "vendor.naics",
    "pk": 27
  },
  {
    "fields": {
      "short_code": "541330B",
      "code": "541330",
      "description": "Engineering for Contracts and Subcontracts for Engineering Services Awarded Under the National Energy Policy Act of 1992"
    },
    "model": "vendor.naics",
    "pk": 28
  },
  {
    "fields": {
      "short_code": "541330C",
      "code": "541330",
      "description": "Engineering for Marine Engineering and Naval Architecture"
    },
    "model": "vendor.naics",
    "pk": 29
  },
  {
    "fields": {
      "short_code": "541711",
      "code": "541711",
      "description": "Research and Development in Biotechnology\r\n"
    },
    "model": "vendor.naics",
    "pk": 30
  },
  {
    "fields": {
      "short_code": "541712",
      "code": "541712",
      "description": "Research and Development in the Physical, Engineering, and Life Sciences (except Biotechnology)"
    },
    "model": "vendor.naics",
    "pk": 31
  },
  {
    "fields": {
      "short_code": "541712B",
      "code": "541712",
      "description": "Research and Development in Aircraft Parts, and Auxiliary Equipment, and Aircraft Engine Parts"
    },
    "model": "vendor.naics",
    "pk": 32
  },
  {
    "fields": {
      "short_code": "541712C",
      "code": "541712",
      "description": "Research and Development in Space Vehicles and Guided Missiles, their Propulsion Units, and their Auxiliary Equipment Parts"
    },
    "model": "vendor.naics",
    "pk": 33
  },
  {
    "fields": {
      "short_code": "541712A",
      "code": "541712",
      "description": "Research and Development in Aircraft"
    },
    "model": "vendor.naics",
    "pk": 34
  },
  {
    "fields": {
      "sam_load": "2014-09-30"
    },
    "model": "vendor.samload",
    "pk": 1
  },
  {
    "fields": {
      "sam_load": "2014-10-02"
    },
    "model": "vendor.samload",
    "pk": 2
  },
  {
    "fields": {
      "sam_load": "2014-10-02"
    },
    "model": "vendor.samload",
    "pk": 3
  },
  {
    "fields": {
      "sam_load": "2014-10-02"
    },
    "model": "vendor.samload",
    "pk": 4
  },
  {
    "fields": {
      "sam_load": "2014-10-02"
    },
    "model": "vendor.samload",
    "pk": 5
  }
]