[{"model": "vendor.vendor", "pk": 1, "fields": {"cm_name": "William Ward", "pm_phone": "703-418-0636", "pm_name": "Jeff Earley", "cm_phone": "254-776-9511", "sam_citystate": "WACO, TX 76710", "name": "Advanced Concepts and Technologies International, LLC", "duns": "008050242", "sam_expiration_date": "2015-08-14T08:22:34Z", "pm_email": "jearley@act-i.com", "cage": "1C2H1", "sam_activation_date": "2014-08-14T08:30:06Z", "sam_exclusion": false, "sam_address": "1105 WOODED ACRES STE 500", "sam_url": "http://www.act-i.com", "annual_revenue": "5400000", "number_of_employees": 55, "cm_email": "wward@act-i.com", "sam_status": "ACTIVE", "duns_4": "0080502420000", "setasides": []}}, {"model": "vendor.vendor", "pk": 2, "fields": {"cm_name": "Jen Kim", "pm_phone": "240-538-8357", "pm_name": "Gary Bell", "cm_phone": "703-821-0678", "sam_citystate": "VIENNA, VA 22182", "name": "Advanced Systems Technology and Management, Inc.", "duns": "049192649", "sam_expiration_date": "2015-02-24T16:14:08Z", "pm_email": "Gary.bell@adstm.com", "cage": "1NU65", "sam_activation_date": "2014-02-24T16:30:19Z", "sam_exclusion": false, "sam_address": "8229 BOONE BLVD STE 520", "sam_url": "http://www.astminc.com", "annual_revenue": "6000000", "number_of_employees": 95, "cm_email": "Jen.kim@adstm.com", "sam_status": "ACTIVE", "duns_4": "0491926490000", "setasides": []}}, {"model": "vendor.vendor", "pk": 3, "fields": {"cm_name": "Kristopher McKinley", "pm_phone": "703-373-1163", "pm_name": "Steven Frazier", "cm_phone": "703-373-1436", "sam_citystate": null, "name": "AMYX, Inc.", "duns": "136794802", "sam_expiration_date": null, "pm_email": "sfrazier@amyx.com", "cage": null, "sam_activation_date": null, "sam_exclusion": null, "sam_address": null, "sam_url": null, "annual_revenue": "10318853", "number_of_employees": 88, "cm_email": "kmckinley@amyx.com", "sam_status": null, "duns_4": "1367948020000", "setasides": []}}, {"model": "vendor.vendor", "pk": 4, "fields": {"cm_name": "David Rattay", "pm_phone": "571-248-7747", "pm_name": "Scott Conrad", "cm_phone": "571-248-7744", "sam_citystate": "VIENNA, VA 22182", "name": "Analytic Strategies", "duns": "623876096", "sam_expiration_date": "2014-11-15T18:01:03Z", "pm_email": "scott.conrad@analyticstrategies.com", "cage": "4DZW4", "sam_activation_date": "2013-11-15T18:15:05Z", "sam_exclusion": false, "sam_address": "1934 Old Gallows Rd Ste 502", "sam_url": "HTTP://WWW.ANALYTICSTRATEGIES.COM", "annual_revenue": "300000", "number_of_employees": 5, "cm_email": "david.rattay@analyticstrategies.com", "sam_status": "ACTIVE", "duns_4": "6238760960000", "setasides": [2, 1]}}, {"model": "vendor.vendor", "pk": 5, "fields": {"cm_name": "Kabir Dargan", "pm_phone": "925-790-0130 x 30", "pm_name": "Kabir Dargan", "cm_phone": "925-790-0130 x 30", "sam_citystate": "Northville, MI 48167", "name": "BB&E", "duns": "117755293", "sam_expiration_date": "2015-06-03T14:25:53Z", "pm_email": "kabir.dargan@barainfo.com", "cage": "3A3Q8", "sam_activation_date": "2014-06-03T14:47:05Z", "sam_exclusion": false, "sam_address": "235 East Main Street, Suite 107 ", "sam_url": "http://www.bbande.com", "annual_revenue": "3360000", "number_of_employees": 27, "cm_email": "kabir.dargan@barainfo.com", "sam_status": "ACTIVE", "duns_4": "1177552930000", "setasides": []}}, {"model": "vendor.vendor", "pk": 6, "fields": {"cm_name": "Doug Barber", "pm_phone": "248-489-9636 x 303", "pm_name": "Aaron Etnyre", "cm_phone": "248-489-9636 x 301", "sam_citystate": "SAN RAMON, CA 94583", "name": "Bara Infoware", "duns": "129988148", "sam_expiration_date": "2015-08-28T19:45:03Z", "pm_email": "aetnyre@bbande.com", "cage": "30KF8", "sam_activation_date": "2014-08-28T20:00:19Z", "sam_exclusion": false, "sam_address": "2678 BISHOP DR STE 116", "sam_url": "http://www.barainfo.com", "annual_revenue": "3000000", "number_of_employees": 6, "cm_email": "dbarber@bbande.com", "sam_status": "ACTIVE", "duns_4": "1299881480000", "setasides": [15]}}, {"model": "vendor.vendor", "pk": 7, "fields": {"cm_name": "Steve Cook", "pm_phone": "256-882-6229 x 102", "pm_name": "Andy Bevilacqua", "cm_phone": "256-882-6229 x 111", "sam_citystate": "HUNTSVILLE, AL 35805", "name": "Bevilacqua Research Corp", "duns": "806849303", "sam_expiration_date": "2015-09-09T12:12:10Z", "pm_email": "andyb@brc2.com", "cage": "0U9B6", "sam_activation_date": "2014-09-09T12:31:04Z", "sam_exclusion": false, "sam_address": "4901 CORPORATE DR NW STE B", "sam_url": "http://www.brc2.com", "annual_revenue": "0", "number_of_employees": 50, "cm_email": "stevec@brc2.com", "sam_status": "ACTIVE", "duns_4": "8068493030000", "setasides": [18, 2, 1]}}, {"model": "vendor.vendor", "pk": 8, "fields": {"cm_name": "Alfred Turner", "pm_phone": "703-621-7467", "pm_name": "Erich Mendez", "cm_phone": "703-621-7470", "sam_citystate": "Chantilly, VA 20151", "name": "Bluewater Federal Solutions", "duns": "832403948", "sam_expiration_date": "2015-06-27T13:38:09Z", "pm_email": "emendez@bwfed.com", "cage": "5T6A9", "sam_activation_date": "2014-07-01T12:01:10Z", "sam_exclusion": false, "sam_address": "14420 Albemarle Pointe Pl Ste 200 ", "sam_url": "http://www.bluewaterfederal.com", "annual_revenue": "24192008", "number_of_employees": 60, "cm_email": "aturner@bwfed.com", "sam_status": "ACTIVE", "duns_4": "8324039480000", "setasides": [3]}}, {"model": "vendor.vendor", "pk": 9, "fields": {"cm_name": "Janice K. Dearman", "pm_phone": "970-488-1057", "pm_name": "Keith Rounsaville", "cm_phone": "918-430-3409", "sam_citystate": "Catoosa, OK 74015", "name": "Cherokee Nation Technologies", "duns": "831891788", "sam_expiration_date": "2015-07-31T14:45:00Z", "pm_email": "keith.rounsaville@cnt-fc.com", "cage": "5QJT3", "sam_activation_date": "2014-07-31T15:25:02Z", "sam_exclusion": false, "sam_address": "777 W Cherokee St ", "sam_url": null, "annual_revenue": "5088848", "number_of_employees": 62, "cm_email": "janice.dearman@cn-bus.com", "sam_status": "ACTIVE", "duns_4": "8318917880000", "setasides": [16, 15]}}, {"model": "vendor.vendor", "pk": 10, "fields": {"cm_name": "Zaina Sahady", "pm_phone": "301-309-0040 x 230", "pm_name": "Phil Sahady", "cm_phone": "301-309-0040 x229", "sam_citystate": "ROCKVILLE, MD 20850", "name": "Chevo Consulting", "duns": "127222466", "sam_expiration_date": "2015-04-15T10:42:15Z", "pm_email": "psahady@chevoconsulting.com", "cage": "3DFS9", "sam_activation_date": "2014-04-15T11:01:17Z", "sam_exclusion": false, "sam_address": "2275 RESEARCH BLVD., STE 100", "sam_url": "http://www.chevoconsulting.com", "annual_revenue": "2600000", "number_of_employees": 37, "cm_email": "zsahady@chevoconsulting.com", "sam_status": "ACTIVE", "duns_4": "1272224660000", "setasides": [3]}}, {"model": "vendor.vendor", "pk": 11, "fields": {"cm_name": "Siddharta (Sid) Chowdhary", "pm_phone": "703-819-4158", "pm_name": "Prashant Gaur", "cm_phone": "703-819-6876", "sam_citystate": "HERNDON, VA 20171", "name": "Credence Management Solutions", "duns": "805875718", "sam_expiration_date": "2015-08-14T23:16:51Z", "pm_email": "Oasis@credence-llc.com", "cage": "4WPK2", "sam_activation_date": "2014-08-14T23:30:07Z", "sam_exclusion": false, "sam_address": "2201 COOPERATIVE WAY STE 600", "sam_url": "http://www.credence-llc.com", "annual_revenue": "4000000", "number_of_employees": 25, "cm_email": "Oasis@credence-llc.com", "sam_status": "ACTIVE", "duns_4": "8058757180000", "setasides": [16, 15]}}, {"model": "vendor.vendor", "pk": 12, "fields": {"cm_name": "Adam Hurlburt", "pm_phone": "240-645-0286", "pm_name": "Rakesh Gopal", "cm_phone": "240-645-0229", "sam_citystate": "Silver Spring, MD 20910", "name": "Dakota Consulting", "duns": "168926264", "sam_expiration_date": "2015-07-08T13:39:09Z", "pm_email": "rakesh.gopal@dakota-consulting.com", "cage": "33EX5", "sam_activation_date": "2014-07-08T14:01:01Z", "sam_exclusion": false, "sam_address": "1110 Bonifant St Ste 310", "sam_url": "http://www.dakota-consulting.com", "annual_revenue": "5477455", "number_of_employees": 52, "cm_email": "adam.hurlburt@dakota-consulting.com", "sam_status": "ACTIVE", "duns_4": "1689262640000", "setasides": [16, 3, 15]}}, {"model": "vendor.vendor", "pk": 13, "fields": {"cm_name": "Cheryl Cartwright", "pm_phone": "703-961-9637", "pm_name": "Thomas Willert", "cm_phone": "703-961-9637", "sam_citystate": "Chantilly, VA 20151", "name": "Eagle Ray Inc.", "duns": "111471350", "sam_expiration_date": "2015-08-14T10:44:06Z", "pm_email": "twillert@eaglerayinc.com", "cage": "3FGA6", "sam_activation_date": "2014-08-14T18:13:21Z", "sam_exclusion": false, "sam_address": "14425 Penrose Place Ste 110 ", "sam_url": "http://www.eaglerayinc.com", "annual_revenue": "13500000", "number_of_employees": 95, "cm_email": "ccartwright@eaglerayinc.com", "sam_status": "ACTIVE", "duns_4": "1114713500000", "setasides": [3]}}, {"model": "vendor.vendor", "pk": 14, "fields": {"cm_name": "Hubin Jiang", "pm_phone": "703-288-3382 x 2207", "pm_name": "John Bowler", "cm_phone": "703-288-3382 x 2205", "sam_citystate": "RESTON, VA 20191", "name": "Ecompex", "duns": "839665098", "sam_expiration_date": "2015-01-27T08:28:42Z", "pm_email": "john.bowler@ecompex.com", "cage": "1HND6", "sam_activation_date": "2014-01-27T08:45:12Z", "sam_exclusion": false, "sam_address": "1875 CAMPUS COMMONS DR STE 210", "sam_url": "http://www.ecompex.com", "annual_revenue": "2500000", "number_of_employees": 45, "cm_email": "hubin.jiang@ecompex.com", "sam_status": "ACTIVE", "duns_4": "8396650980000", "setasides": []}}, {"model": "vendor.vendor", "pk": 15, "fields": {"cm_name": "Billie Turmenne", "pm_phone": "256-533-4773", "pm_name": "Michael L. Lindsey", "cm_phone": "256-533-4773", "sam_citystate": "HUNTSVILLE, AL 35805", "name": "Eleit Technology", "duns": "160062311", "sam_expiration_date": "2015-08-18T14:37:09Z", "pm_email": "OASISSB@eleit-tech.com", "cage": "1DET1", "sam_activation_date": "2014-08-18T14:45:39Z", "sam_exclusion": false, "sam_address": "201 TRIANA BLVD NW", "sam_url": null, "annual_revenue": "0", "number_of_employees": 0, "cm_email": "OASISSB@eleit-tech.com", "sam_status": "ACTIVE", "duns_4": "1600623110000", "setasides": [18, 3, 15]}}, {"model": "vendor.vendor", "pk": 16, "fields": {"cm_name": "Ben Garthwaite", "pm_phone": "571-858-3799", "pm_name": "Ben Garthwaite", "cm_phone": "571-858-3799", "sam_citystate": "ARLINGTON, VA 22201", "name": "Fors Marsh Group", "duns": "129842667", "sam_expiration_date": "2015-05-13T14:57:41Z", "pm_email": "bgarthwaite@forsmarshgroup.com", "cage": "360C2", "sam_activation_date": "2014-05-13T15:18:01Z", "sam_exclusion": false, "sam_address": "1010 N. GLEBE RD, STE 510", "sam_url": "http://www.forsmarshgroup.com", "annual_revenue": "903989", "number_of_employees": 9, "cm_email": "bgarthwaite@forsmarshgroup.com", "sam_status": "ACTIVE", "duns_4": "1298426670000", "setasides": []}}, {"model": "vendor.vendor", "pk": 17, "fields": {"cm_name": "Sal Malgari", "pm_phone": "781-203-0100 x 120", "pm_name": "David DeNofrio", "cm_phone": "781-203-0100 x 104", "sam_citystate": "BURLINGTON, MA 01803", "name": "Gemini Industries", "duns": "197503212", "sam_expiration_date": "2015-01-23T19:19:34Z", "pm_email": "OASIS@gemini-ind.com", "cage": "0BAX9", "sam_activation_date": "2014-01-23T19:30:16Z", "sam_exclusion": false, "sam_address": "200 WHEELER RD STE 4", "sam_url": "http://www.gemini-ind.com", "annual_revenue": "14000000", "number_of_employees": 150, "cm_email": "OASIS@gemini-ind.com", "sam_status": "ACTIVE", "duns_4": "1975032120000", "setasides": [3]}}, {"model": "vendor.vendor", "pk": 18, "fields": {"cm_name": "Sanjeev Hirani", "pm_phone": "703-766-7714", "pm_name": "Paul Kwiatkowski", "cm_phone": "703-766-6260", "sam_citystate": "Herndon, VA 20171", "name": "Ikun", "duns": "786997739", "sam_expiration_date": "2015-07-25T11:06:01Z", "pm_email": "Paul.Kwiatkowski@Akima.com", "cage": "4UYY6", "sam_activation_date": "2014-07-25T11:42:00Z", "sam_exclusion": false, "sam_address": "13873 Park Center Rd Ste 400N", "sam_url": "http://www.ikun.com/", "annual_revenue": "983000", "number_of_employees": 2, "cm_email": "Sanjeev.Hirani@Akima.com", "sam_status": "ACTIVE", "duns_4": "7869977390000", "setasides": [16, 15]}}, {"model": "vendor.vendor", "pk": 19, "fields": {"cm_name": "Corinne Militz", "pm_phone": "571-765-4721", "pm_name": "LeRoy Burney", "cm_phone": "571-765-4722", "sam_citystate": "MCLEAN, VA 22102", "name": "Infinity Technology", "duns": "198024809", "sam_expiration_date": "2015-08-01T15:53:57Z", "pm_email": "oasis@itllc.com", "cage": "39AM6", "sam_activation_date": "2014-08-01T16:15:33Z", "sam_exclusion": false, "sam_address": "7930 JONES BRANCH DR STE 800", "sam_url": null, "annual_revenue": "14588397", "number_of_employees": 80, "cm_email": "cmilitz@itllc.com", "sam_status": "ACTIVE", "duns_4": "1980248090000", "setasides": [16, 2, 1, 15]}}, {"model": "vendor.vendor", "pk": 20, "fields": {"cm_name": "Erfan Kabir", "pm_phone": "703-749-0100 x 234", "pm_name": "Ajay S. Kalotra", "cm_phone": "703-749-0100 x 244", "sam_citystate": "VIENNA, VA 22182", "name": "International Business and Technical Consutants", "duns": "611390592", "sam_expiration_date": "2015-09-11T12:04:12Z", "pm_email": "akalotra@ibtci.com", "cage": "1UFC6", "sam_activation_date": "2014-09-11T12:15:51Z", "sam_exclusion": false, "sam_address": "8618 WESTWOOD CENTER DR STE 400 ", "sam_url": "http://www.ibtci.com", "annual_revenue": "6652696", "number_of_employees": 15, "cm_email": "ErfanK@ibtci.com", "sam_status": "ACTIVE", "duns_4": "6113905920000", "setasides": []}}, {"model": "vendor.vendor", "pk": 21, "fields": {"cm_name": "Michael Carlson", "pm_phone": "757-246-6781", "pm_name": "Fred Roitz", "cm_phone": "757-246-6781", "sam_citystate": "YORKTOWN, VA 23693", "name": "ITA International", "duns": "799582379", "sam_expiration_date": "2015-05-09T12:18:33Z", "pm_email": "froitz@ita-intl.com", "cage": "1TC80", "sam_activation_date": "2014-05-09T12:31:13Z", "sam_exclusion": false, "sam_address": "111 CYBERNETICS WAY STE 112", "sam_url": null, "annual_revenue": "400000", "number_of_employees": 10, "cm_email": "mcarlson@ita-intl.com", "sam_status": "ACTIVE", "duns_4": "7995823790000", "setasides": [16, 2, 1, 15]}}, {"model": "vendor.vendor", "pk": 22, "fields": {"cm_name": "Kevin Terrell", "pm_phone": "480-538-2668", "pm_name": "Kevin Terrell", "cm_phone": "480-538-2668", "sam_citystate": "TEMPE, AZ 85282", "name": "KT Consulting", "duns": "089072826", "sam_expiration_date": "2015-08-05T17:26:43Z", "pm_email": "kterrell@ktc-ops.com", "cage": "1X2F2", "sam_activation_date": "2014-08-21T11:25:01Z", "sam_exclusion": false, "sam_address": "2327 S HARDY DR ", "sam_url": "http://www.ktc-ops.com", "annual_revenue": "5950000", "number_of_employees": 125, "cm_email": "kterrell@ktc-ops.com", "sam_status": "ACTIVE", "duns_4": "0890728260000", "setasides": [2, 1]}}, {"model": "vendor.vendor", "pk": 23, "fields": {"cm_name": "Haydn Hislop", "pm_phone": "703-642-2380", "pm_name": "William A Davis", "cm_phone": "703-642-2380", "sam_citystate": "ALEXANDRIA, VA 22312", "name": "Loch Harbor Group", "duns": "009757188", "sam_expiration_date": "2015-09-10T15:27:07Z", "pm_email": "wdavis@lochharbour.com", "cage": "07QZ5", "sam_activation_date": "2014-09-10T16:00:41Z", "sam_exclusion": false, "sam_address": "6121 LINCOLNIA RD STE 400", "sam_url": "http://www.lochharbour.com/", "annual_revenue": "1000000", "number_of_employees": 20, "cm_email": "hhislop@lochharbour.com", "sam_status": "ACTIVE", "duns_4": "0097571880000", "setasides": [2, 1]}}, {"model": "vendor.vendor", "pk": 24, "fields": {"cm_name": "Monika Deja", "pm_phone": "703-850-2033", "pm_name": "Shelley Bond", "cm_phone": "301-728-2988", "sam_citystate": "KNOXVILLE, TN 37932", "name": "Management Solutions, Inc. (MSI Universal)", "duns": "123686912", "sam_expiration_date": "2015-08-14T11:00:44Z", "pm_email": "shelleyb@msiuniversal.com", "cage": "3CNF4", "sam_activation_date": "2014-08-14T18:13:19Z", "sam_exclusion": false, "sam_address": "2202 AWARD WINNING WAY STE 201", "sam_url": "http://www.managementsolutionsllc.com", "annual_revenue": "0", "number_of_employees": 0, "cm_email": "monikad@msiuniversal.com", "sam_status": "ACTIVE", "duns_4": "1236869120000", "setasides": [16, 3, 15]}}, {"model": "vendor.vendor", "pk": 25, "fields": {"cm_name": "Bill Carney", "pm_phone": "814-454-4000", "pm_name": "Daniel L. Shumate", "cm_phone": "814-454-4000", "sam_citystate": "Erie, PA 16507", "name": "McManis and Monsalve", "duns": "072637457", "sam_expiration_date": "2014-12-23T16:25:17Z", "pm_email": "OASIS@mcmanis-monsalve.com", "cage": "1VUT1", "sam_activation_date": "2013-12-23T16:45:04Z", "sam_exclusion": false, "sam_address": "100 State St Ste 103 ", "sam_url": "http://www.mcmanis-monsalve.com", "annual_revenue": "4900000", "number_of_employees": 52, "cm_email": "OASIS@mcmanis-monsalve.com", "sam_status": "ACTIVE", "duns_4": "0726374570000", "setasides": [18, 1]}}, {"model": "vendor.vendor", "pk": 26, "fields": {"cm_name": "Dave Scali", "pm_phone": "703-538-0807 x 107", "pm_name": "Ray Clift", "cm_phone": "617-680-2368", "sam_citystate": "FALLS CHURCH, VA 22043", "name": "Microsystems Automation Group", "duns": "608740957", "sam_expiration_date": "2015-04-07T14:08:41Z", "pm_email": "rclift@msag.net", "cage": "1JDJ9", "sam_activation_date": "2014-04-16T17:37:52Z", "sam_exclusion": false, "sam_address": "2785 Hartland Rd ", "sam_url": "http://www.msag.net", "annual_revenue": "4000000", "number_of_employees": 40, "cm_email": "dscali@msag.net", "sam_status": "ACTIVE", "duns_4": "6087409570000", "setasides": [2, 1]}}, {"model": "vendor.vendor", "pk": 27, "fields": {"cm_name": "Sandesh Sharda", "pm_phone": "571-331-1355", "pm_name": "Sandesh Sharda", "cm_phone": "571-331-1355", "sam_citystate": "ARLINGTON, VA 22202", "name": "Miracle Systems, LLC", "duns": "133239397", "sam_expiration_date": "2015-09-09T11:47:07Z", "pm_email": "ssharda@miraclesystems.net", "cage": "8ASY4", "sam_activation_date": "2014-09-09T12:01:00Z", "sam_exclusion": false, "sam_address": "1215 South Clark Street, Suite 400 ", "sam_url": "http://www.miraclesystems.net", "annual_revenue": "4500000", "number_of_employees": 40, "cm_email": "ssharda@miraclesystems.net", "sam_status": "ACTIVE", "duns_4": "1332393970000", "setasides": [16, 15]}}, {"model": "vendor.vendor", "pk": 28, "fields": {"cm_name": "Krystal L. Brown", "pm_phone": "301-725-0925 x 701", "pm_name": "Michael T. Grier", "cm_phone": "301-725-0925 x 747", "sam_citystate": "FULTON, MD 20759", "name": "MOSAIC Technologies Group", "duns": "182935002", "sam_expiration_date": "2015-06-20T07:28:06Z", "pm_email": "mgrier@mosaicsgroup.com", "cage": "357X1", "sam_activation_date": "2014-06-20T07:45:24Z", "sam_exclusion": false, "sam_address": "8161 MAPLE LAWN BLVD STE 430", "sam_url": "http://www.mosaicsgroup.com", "annual_revenue": "5750000", "number_of_employees": 80, "cm_email": "contracts@mosaicsgroup.com", "sam_status": "ACTIVE", "duns_4": "1829350020000", "setasides": [16, 1, 15]}}, {"model": "vendor.vendor", "pk": 29, "fields": {"cm_name": "Jon Cassady", "pm_phone": "703-435-2260", "pm_name": "Manesh Gupta", "cm_phone": "703-435-2260 x 203", "sam_citystate": "Reston, VA 20190", "name": "NikSoft", "duns": "071215037", "sam_expiration_date": "2015-06-30T10:12:38Z", "pm_email": "oasis@niksoft.com", "cage": "3RYX3", "sam_activation_date": "2014-06-30T11:15:51Z", "sam_exclusion": false, "sam_address": "1984 Issac Newton Sq W Ste 306A", "sam_url": "http://www.niksoft.com", "annual_revenue": "5351889", "number_of_employees": 30, "cm_email": "oasis@niksoft.com", "sam_status": "ACTIVE", "duns_4": "0712150370000", "setasides": [16, 15]}}, {"model": "vendor.vendor", "pk": 30, "fields": {"cm_name": "Jasmine Feeney", "pm_phone": "703-638-0841", "pm_name": "Dan Plourd", "cm_phone": "571-395-4542", "sam_citystate": "Tysons Corner, VA 22182", "name": "Obxtek Inc", "duns": "830341645", "sam_expiration_date": "2015-05-27T09:56:57Z", "pm_email": "DPlourd@obxtek.com", "cage": "5FBC3", "sam_activation_date": "2014-05-27T10:15:53Z", "sam_exclusion": false, "sam_address": "8300 Boone Blvd Ste 800 ", "sam_url": "http://www.obxtek.com", "annual_revenue": "3200000", "number_of_employees": 42, "cm_email": "oasis@obxtek.com", "sam_status": "ACTIVE", "duns_4": "8303416450000", "setasides": [2, 1]}}, {"model": "vendor.vendor", "pk": 31, "fields": {"cm_name": "Dhavidson Cayanan", "pm_phone": "301-470-2683", "pm_name": "Patricia Palmer", "cm_phone": "571-329-7991", "sam_citystate": "Bethesda, MD 20814", "name": "Panum Telecom", "duns": "017433348", "sam_expiration_date": "2015-04-17T10:32:40Z", "pm_email": "Patsy.palmer@panum.com", "cage": "35EU5", "sam_activation_date": "2014-04-21T13:05:34Z", "sam_exclusion": false, "sam_address": "7315 Wisconsin Ave 800 W ", "sam_url": "http://www.panum.com", "annual_revenue": "6244609", "number_of_employees": 43, "cm_email": "dhavid.cayanan@panum.com", "sam_status": "ACTIVE", "duns_4": "0174333480000", "setasides": [16, 3, 15]}}, {"model": "vendor.vendor", "pk": 32, "fields": {"cm_name": "Vic Trunzo", "pm_phone": "301-873-4009", "pm_name": "Diane Mentzer", "cm_phone": "202-257-4730", "sam_citystate": "Huntington Beach, CA 92648", "name": "Performance Excellence Partners", "duns": "062756759", "sam_expiration_date": "2015-04-23T15:20:30Z", "pm_email": "dmentzer@performexcel.com", "cage": "3GCN4", "sam_activation_date": "2014-04-23T15:39:47Z", "sam_exclusion": false, "sam_address": "2134 Main St Ste 220 ", "sam_url": "www.performexcel.com", "annual_revenue": "7120997", "number_of_employees": 40, "cm_email": "vtrunzo@performexcel.com", "sam_status": "ACTIVE", "duns_4": "0627567590000", "setasides": [3, 15]}}, {"model": "vendor.vendor", "pk": 33, "fields": {"cm_name": "Jeff Sopko", "pm_phone": "703-623-5166", "pm_name": "Jeff Sopko", "cm_phone": "703-623-5166", "sam_citystate": "ALEXANDRIA, VA 22314", "name": "PotomacWave Consulting", "duns": "809019180", "sam_expiration_date": "2015-02-20T12:46:52Z", "pm_email": "jeffsopko@potomacwave.com", "cage": "4YAG9", "sam_activation_date": "2014-02-20T13:00:14Z", "sam_exclusion": false, "sam_address": "214 PRINCE ST ", "sam_url": null, "annual_revenue": "2185660", "number_of_employees": 14, "cm_email": "jeffsopko@potomacwave.com", "sam_status": "ACTIVE", "duns_4": "8090191800000", "setasides": [3]}}, {"model": "vendor.vendor", "pk": 34, "fields": {"cm_name": "Robert H. Materna", "pm_phone": "781-457-0308", "pm_name": "Bob Paradiso", "cm_phone": "781-457-0330", "sam_citystate": "LEXINGTON, MA 02421", "name": "Quantech", "duns": "057644887", "sam_expiration_date": "2015-01-31T10:55:29Z", "pm_email": "Quantech-C-OASIS@quantechserv.com", "cage": "1KKR5", "sam_activation_date": "2014-01-31T11:15:06Z", "sam_exclusion": false, "sam_address": "91 HARTWELL AVE 3RD FL", "sam_url": "http://www.quantechserv.com", "annual_revenue": "14", "number_of_employees": 115, "cm_email": "Quantech-C-OASIS@quantechserv.com", "sam_status": "ACTIVE", "duns_4": "0576448870000", "setasides": []}}, {"model": "vendor.vendor", "pk": 35, "fields": {"cm_name": "James Liang", "pm_phone": "301-776-5000", "pm_name": "James Liang", "cm_phone": "301-776-5000", "sam_citystate": "JESSUP, MD 20794", "name": "Ruchman and Assoc", "duns": "101456903", "sam_expiration_date": "2014-10-18T17:43:00Z", "pm_email": "info@ruchman.com", "cage": "1JS86", "sam_activation_date": "2013-10-18T18:30:03Z", "sam_exclusion": false, "sam_address": "8221 PRESTON CT", "sam_url": null, "annual_revenue": "8923096", "number_of_employees": 310, "cm_email": "info@ruchman.com", "sam_status": "ACTIVE", "duns_4": "1014569030000", "setasides": []}}, {"model": "vendor.vendor", "pk": 36, "fields": {"cm_name": "Connie Sawdey", "pm_phone": "937-490-4060", "pm_name": "Beth Czanik", "cm_phone": "937-490-4060", "sam_citystate": "Beavercreek, OH 45430", "name": "Sawdey Solution Services", "duns": "020345075", "sam_expiration_date": "2015-01-16T11:36:08Z", "pm_email": "oasis@sawdeysolutionservices.com", "cage": "1TWX6", "sam_activation_date": "2014-01-16T12:00:14Z", "sam_exclusion": false, "sam_address": "1430 Oak Ct Ste 304 ", "sam_url": "http://www.sawdeysolutionservices.com", "annual_revenue": "4893922", "number_of_employees": 57, "cm_email": "oasis@sawdeysolutionservices.com", "sam_status": "ACTIVE", "duns_4": "0203450750000", "setasides": [2, 3, 1, 15]}}, {"model": "vendor.vendor", "pk": 37, "fields": {"cm_name": "Charles A. Colon,  III", "pm_phone": "937-431-0000", "pm_name": "Charles A. Colon,  III", "cm_phone": "937-431-0000", "sam_citystate": "FAIRBORN, OH 45324", "name": "Solutions Through Innovative Technologies Inc (STI)", "duns": "003592412", "sam_expiration_date": "2015-04-24T10:03:29Z", "pm_email": "Charles.colon@sti-tec.com", "cage": "3EMZ0", "sam_activation_date": "2014-04-24T10:15:38Z", "sam_exclusion": false, "sam_address": "3152 PRESIDENTIAL DR ", "sam_url": "http://www.sti-tec.com", "annual_revenue": "3364109", "number_of_employees": 43, "cm_email": "Charles.colon@sti-tec.com", "sam_status": "ACTIVE", "duns_4": "0035924120000", "setasides": [16, 15]}}, {"model": "vendor.vendor", "pk": 38, "fields": {"cm_name": "Earnie Leonard", "pm_phone": "858-271-4750", "pm_name": "Mark Cardenas", "cm_phone": "805-483-4800 x 101", "sam_citystate": "OXNARD, CA 93033", "name": "Synetic Solutions", "duns": "015958325", "sam_expiration_date": "2015-05-22T19:58:45Z", "pm_email": "mcardenas@synecticsolutions.com", "cage": "09WL9", "sam_activation_date": "2014-05-22T20:15:10Z", "sam_exclusion": false, "sam_address": "1701 PACIFIC AVE STE #260", "sam_url": "http://www.synecsolu.com", "annual_revenue": "10800000", "number_of_employees": 109, "cm_email": "OASISSB@synecticsolutions.com", "sam_status": "ACTIVE", "duns_4": "0159583250000", "setasides": [3]}}, {"model": "vendor.vendor", "pk": 39, "fields": {"cm_name": "Kevin Zhang", "pm_phone": "301-948-4232", "pm_name": "Lin Sai", "cm_phone": "301-948-4232", "sam_citystate": "Rockville, MD 20850", "name": "Systems Plus Inc", "duns": "611196890", "sam_expiration_date": "2015-08-26T11:01:48Z", "pm_email": "Lin.Sai2@sysplus.com", "cage": "0P8J0", "sam_activation_date": "2014-08-26T11:15:13Z", "sam_exclusion": false, "sam_address": "One Research Ct Ste 360 ", "sam_url": "http://www.sysplus.com/", "annual_revenue": "7100000", "number_of_employees": 110, "cm_email": "contract@sysplus.com", "sam_status": "ACTIVE", "duns_4": "6111968900000", "setasides": []}}, {"model": "vendor.vendor", "pk": 40, "fields": {"cm_name": "Debra West", "pm_phone": "619-298-0888", "pm_name": "Eric Cross", "cm_phone": "619-298-0888", "sam_citystate": "SAN DIEGO, CA 92110", "name": "T3W Business Solutions,", "duns": "600985738", "sam_expiration_date": "2015-04-15T01:17:55Z", "pm_email": "ecross@t3w.com", "cage": "42HP2", "sam_activation_date": "2014-04-16T17:00:40Z", "sam_exclusion": false, "sam_address": "3921 Ampudia St ", "sam_url": "http://www.T3W.com", "annual_revenue": "750000", "number_of_employees": 4, "cm_email": "dwest@t3w.com", "sam_status": "ACTIVE", "duns_4": "6009857380000", "setasides": [16, 3, 15]}}, {"model": "vendor.vendor", "pk": 41, "fields": {"cm_name": "Lydia Theunissen", "pm_phone": "703-933-7637 x 265", "pm_name": "Robert (Bob) McCambridge", "cm_phone": "571-451-0300", "sam_citystate": "ALEXANDRIA, VA 22311", "name": "Addx Corp.", "duns": "039872622", "sam_expiration_date": "2015-04-15T10:52:39Z", "pm_email": "bmccambridge@addx.corp.com", "cage": "1XPA3", "sam_activation_date": "2014-04-17T07:30:43Z", "sam_exclusion": false, "sam_address": "4900 SEMINARY RD STE 570", "sam_url": "http://www.addxcorp.com", "annual_revenue": "350000", "number_of_employees": 4, "cm_email": "ltheunissen@addxcorp.com", "sam_status": "ACTIVE", "duns_4": "0398726220000", "setasides": [2, 1]}}, {"model": "vendor.vendor", "pk": 42, "fields": {"cm_name": "Geoffrey McDermott", "pm_phone": "571-482-2510", "pm_name": "Michael Duffy", "cm_phone": "571-482-2502", "sam_citystate": "Arlington, VA 22203", "name": "DRT Strategies", "duns": "142428783", "sam_expiration_date": "2015-08-27T07:22:26Z", "pm_email": "mduffy@drtstrategies.com", "cage": "3PZT2", "sam_activation_date": "2014-08-27T08:12:26Z", "sam_exclusion": false, "sam_address": "4245 North Fairfax Dr Ste 800", "sam_url": "http://www.drtstrategies.com", "annual_revenue": "3800000", "number_of_employees": 38, "cm_email": "gmcdermott@drtstrategies.com", "sam_status": "ACTIVE", "duns_4": "1424287830000", "setasides": [16, 3, 15]}}, {"model": "vendor.vendor", "pk": 43, "fields": {"cm_name": "Allison Kirsch", "pm_phone": "571-255-6762", "pm_name": "Derek Davison", "cm_phone": "571-255-6771", "sam_citystate": "ARLINGTON, VA 22209", "name": "FI Consulting", "duns": "126150056", "sam_expiration_date": "2015-01-08T09:29:45Z", "pm_email": "davison@ficonsulting.com", "cage": "4MEL7", "sam_activation_date": "2014-01-08T09:45:14Z", "sam_exclusion": false, "sam_address": "1101 WILSON BLVD STE 1810", "sam_url": null, "annual_revenue": "1088784", "number_of_employees": 20, "cm_email": "kirsch@ficonsulting.com", "sam_status": "ACTIVE", "duns_4": "1261500560000", "setasides": []}}, {"model": "vendor.vendor", "pk": 44, "fields": {"cm_name": "Nazim Hamilton", "pm_phone": "202-204-2238", "pm_name": "Nazim Hamilton", "cm_phone": "202-204-2238", "sam_citystate": "WASHINGTON, DC 20006", "name": "Hamilton Enterprises", "duns": "825487130", "sam_expiration_date": "2015-03-06T10:49:35Z", "pm_email": "nazim.hamilton@usfti.com", "cage": "52DB6", "sam_activation_date": "2014-03-06T11:30:02Z", "sam_exclusion": false, "sam_address": "1629 K ST NW STE 300", "sam_url": "http://www.usfti.com", "annual_revenue": "265000", "number_of_employees": 10, "cm_email": "nazim.hamilton@usfti.com", "sam_status": "ACTIVE", "duns_4": "8254871300000", "setasides": [16, 15]}}, {"model": "vendor.vendor", "pk": 45, "fields": {"cm_name": "Anthony Darveaux", "pm_phone": "813-983-7445", "pm_name": "Billy Hogan", "cm_phone": "813-983-7463", "sam_citystate": "Tampa, FL 33614", "name": "Advanced C4 Solutions, Inc. (AC4S)", "duns": "118498067", "sam_expiration_date": "2015-07-17T11:03:32Z", "pm_email": "william.hogan@ac4s.com", "cage": "3BEH8", "sam_activation_date": "2014-07-17T11:37:03Z", "sam_exclusion": false, "sam_address": "4017 W Martin Luther King Jr Blvd ", "sam_url": "http://www.ac4s.com", "annual_revenue": "24661544", "number_of_employees": 200, "cm_email": "Anthony.darveaux@ac4s.com", "sam_status": "ACTIVE", "duns_4": "1184980670000", "setasides": [1, 15]}}, {"model": "vendor.vendor", "pk": 46, "fields": {"cm_name": "Dr. G. Balasubramanian", "pm_phone": "757-865-7093 x 306", "pm_name": "Dr. Jalaiah Unnam", "cm_phone": "757-865-7093 x 311", "sam_citystate": "HAMPTON, VA 23666", "name": "Analytical Services and Materials Inc.", "duns": "119069052", "sam_expiration_date": "2015-08-07T14:46:36Z", "pm_email": "junnam@asm-usa.com", "cage": "3Y798", "sam_activation_date": "2014-08-07T15:37:42Z", "sam_exclusion": false, "sam_address": "107 RESEARCH DR", "sam_url": "HTTP://WWW.ASM-USA.COM", "annual_revenue": "15000000", "number_of_employees": 210, "cm_email": "bala@asm-usa.com", "sam_status": "ACTIVE", "duns_4": "1190690520000", "setasides": [3, 15]}}, {"model": "vendor.vendor", "pk": 47, "fields": {"cm_name": "Rebecca Merrill", "pm_phone": "256-327-3382", "pm_name": "Clark Kilgore", "cm_phone": "256-327-4015", "sam_citystate": "Huntsville, AL 35805", "name": "A-P-T Research Inc", "duns": "791195167", "sam_expiration_date": "2015-08-05T17:42:14Z", "pm_email": "\u00a0OASIS@apt-research.com", "cage": "0S289", "sam_activation_date": "2014-08-05T18:00:15Z", "sam_exclusion": false, "sam_address": "4950 Research Dr", "sam_url": "www.aptresearch.com", "annual_revenue": "22164960", "number_of_employees": 130, "cm_email": "\u00a0contracts@apt-research.com", "sam_status": "ACTIVE", "duns_4": "7911951670000", "setasides": []}}, {"model": "vendor.vendor", "pk": 48, "fields": {"cm_name": "Tina Ridgeway", "pm_phone": "703-867-1364", "pm_name": "Jim Biskaduros", "cm_phone": "757-858-5303 x 204", "sam_citystate": "NORFOLK, VA 23513", "name": "Atlantic CommTech Corporation", "duns": "048870724", "sam_expiration_date": "2015-07-11T11:58:16Z", "pm_email": "oasis@act-corp.com", "cage": "1J0V2", "sam_activation_date": "2014-07-11T12:15:12Z", "sam_exclusion": false, "sam_address": "2509 WALMER AVE", "sam_url": "http://www.act-corp.com", "annual_revenue": "4350156", "number_of_employees": 40, "cm_email": "tridgeway@act-corp.com", "sam_status": "ACTIVE", "duns_4": "0488707240000", "setasides": [3]}}, {"model": "vendor.vendor", "pk": 49, "fields": {"cm_name": "Richard Hayes", "pm_phone": "843-725-2285", "pm_name": "Gary Jaffe", "cm_phone": "843-725-2270", "sam_citystate": "North Charleston, SC 29406", "name": "ATLAS TECHNOLOGIES, INC.", "duns": "799980859", "sam_expiration_date": "2015-04-16T14:20:07Z", "pm_email": "Atlas-contracts@atlas-tech.com", "cage": "1B7M7", "sam_activation_date": "2014-04-16T14:45:24Z", "sam_exclusion": false, "sam_address": "5416 A Rivers Ave Ste 105", "sam_url": "https://www.atlas-tech.com", "annual_revenue": "13378469", "number_of_employees": 94, "cm_email": "Atlas-contracts@atlas-tech.com", "sam_status": "ACTIVE", "duns_4": "7999808590000", "setasides": [1]}}, {"model": "vendor.vendor", "pk": 50, "fields": {"cm_name": "Kim Taylor", "pm_phone": "256-327-7152", "pm_name": "Jeff Blackmon", "cm_phone": "256-327-7133", "sam_citystate": "HUNTSVILLE, AL 35805", "name": "Avion", "duns": "804859841", "sam_expiration_date": "2015-07-16T08:53:27Z", "pm_email": "jeff.blackmon@avioninc.com", "cage": "1BFU7", "sam_activation_date": "2014-07-16T09:00:12Z", "sam_exclusion": false, "sam_address": "4905 RESEARCH DR", "sam_url": "http://www.avionsolutions.com", "annual_revenue": "6000000", "number_of_employees": 83, "cm_email": "kim.taylor@avioninc.com", "sam_status": "ACTIVE", "duns_4": "8048598410000", "setasides": []}}, {"model": "vendor.vendor", "pk": 51, "fields": {"cm_name": "Daniel Nielsen", "pm_phone": "301-424-8025 x 315", "pm_name": "James Bauer", "cm_phone": "301-424-8205 x 311", "sam_citystate": "Rockville, MD 20850", "name": "Caelum Research Corp", "duns": "196004394", "sam_expiration_date": "2015-09-05T14:21:10Z", "pm_email": "OASIS-SB@caelum.com", "cage": "0DLL1", "sam_activation_date": "2014-09-05T14:31:46Z", "sam_exclusion": false, "sam_address": "30 W Gude Dr Ste 200 ", "sam_url": "http://www.caelum.com", "annual_revenue": "23478704", "number_of_employees": 146, "cm_email": "OASIS-SB@caelum.com", "sam_status": "ACTIVE", "duns_4": "1960043940000", "setasides": [3, 15]}}, {"model": "vendor.vendor", "pk": 52, "fields": {"cm_name": "Kim Knudson", "pm_phone": "703-582-5074", "pm_name": "David Hickey", "cm_phone": "717-756-3598", "sam_citystate": "Mechanicsburg, PA 17055", "name": "Client Solution Architects (CSA)", "duns": "130196814", "sam_expiration_date": "2015-04-21T15:05:16Z", "pm_email": "CSA-GSA-OASIS@csaassociates.com", "cage": "3ESN1", "sam_activation_date": "2014-04-21T15:16:31Z", "sam_exclusion": false, "sam_address": "112 Chiltern Way ", "sam_url": "http://www.csaassociates.com", "annual_revenue": "0", "number_of_employees": 0, "cm_email": "CSA-GSA-OASIS@csaassociates.com", "sam_status": "ACTIVE", "duns_4": "1301968140000", "setasides": [16, 2, 1, 15]}}, {"model": "vendor.vendor", "pk": 53, "fields": {"cm_name": "Christopher Holtery", "pm_phone": "410-231-6023", "pm_name": "Christopher (Chris) Stone", "cm_phone": "301-459-8880 x 1011", "sam_citystate": "LANHAM, MD 20706", "name": "Constellation Software Engineering Corporation", "duns": "102061012", "sam_expiration_date": "2015-09-12T20:24:35Z", "pm_email": "chris.stone@cse-corp.com", "cage": "1XJD6", "sam_activation_date": "2014-09-15T07:01:11Z", "sam_exclusion": false, "sam_address": "4640 FORBES BLVD STE 201", "sam_url": "http://www.cse-corp.com", "annual_revenue": "6500000", "number_of_employees": 35, "cm_email": "chris.holtery@cse-corp.com", "sam_status": "ACTIVE", "duns_4": "1020610120000", "setasides": [16, 3]}}, {"model": "vendor.vendor", "pk": 54, "fields": {"cm_name": "Theodore (Ted) J. Thanos", "pm_phone": "703 918-4323", "pm_name": "Robert (Bob) W. Fritz", "cm_phone": "703 918-4336", "sam_citystate": "MC LEAN, VA 22102", "name": "DDL Omni Engineering", "duns": "081093775", "sam_expiration_date": "2014-12-05T13:42:22Z", "pm_email": "Bob.Fritz@ddlomni.com", "cage": "078S2", "sam_activation_date": "2013-12-05T14:01:45Z", "sam_exclusion": false, "sam_address": "8260 GREENSBORO DR STE 600", "sam_url": "http://www.ddlomni.com", "annual_revenue": "33346248", "number_of_employees": 227, "cm_email": "Ted.thanos@ddlomni.com", "sam_status": "ACTIVE", "duns_4": "0810937750000", "setasides": []}}, {"model": "vendor.vendor", "pk": 55, "fields": {"cm_name": "Waddy Stephenson", "pm_phone": "619-780-0171", "pm_name": "Richard Haas", "cm_phone": "619-780-0157", "sam_citystate": "San Diego, CA 92108", "name": "Forward Slope Inc", "duns": "038344953", "sam_expiration_date": "2015-09-05T14:27:19Z", "pm_email": "rhaas@forwardslope.com", "cage": "1KU93", "sam_activation_date": "2014-09-05T14:45:53Z", "sam_exclusion": false, "sam_address": "2020 Camino Del Rio N Ste 400", "sam_url": "http://www.forwardslope.com", "annual_revenue": "2000000", "number_of_employees": 20, "cm_email": "wstephenson@forwardslope.com", "sam_status": "ACTIVE", "duns_4": "0383449530000", "setasides": []}}, {"model": "vendor.vendor", "pk": 56, "fields": {"cm_name": "June Adams", "pm_phone": "571-402-3202", "pm_name": "Shakil Qureshi", "cm_phone": "571-402-3211", "sam_citystate": "WOODBRIDGE, VA 22193", "name": "Futron", "duns": "878896687", "sam_expiration_date": "2015-03-07T10:49:35Z", "pm_email": "oasis@futroninc.com", "cage": "062H2", "sam_activation_date": "2014-03-07T11:00:30Z", "sam_exclusion": false, "sam_address": "14073 CROWN CT", "sam_url": "http://www.futroninc.com", "annual_revenue": "33000000", "number_of_employees": 65, "cm_email": "oasis@futroninc.com", "sam_status": "ACTIVE", "duns_4": "8788966870000", "setasides": []}}, {"model": "vendor.vendor", "pk": 57, "fields": {"cm_name": "Michele Smith", "pm_phone": "703-429-4831", "pm_name": "Jim Dieterle", "cm_phone": "443-539-9062", "sam_citystate": "Morgantown, WV 26505", "name": "Key Logic Systems", "duns": "054303180", "sam_expiration_date": "2015-06-30T09:31:14Z", "pm_email": "jdieterle@keylogic.com", "cage": "1KWG7", "sam_activation_date": "2014-06-30T09:45:24Z", "sam_exclusion": false, "sam_address": "3168 Collins Ferry Rd ", "sam_url": "http://www.keylogic.com", "annual_revenue": "0", "number_of_employees": 0, "cm_email": "msmith@keylogic.com", "sam_status": "ACTIVE", "duns_4": "0543031800000", "setasides": []}}, {"model": "vendor.vendor", "pk": 58, "fields": {"cm_name": "Rebecca (Becky) D. Ridenour", "pm_phone": "801-593-5400 x 121", "pm_name": "Scot Merrihew", "cm_phone": "937-429-7744 x 111", "sam_citystate": "Springfield, VA 22151", "name": "Kihomac", "duns": "137768482", "sam_expiration_date": "2015-05-22T08:58:36Z", "pm_email": "scot.merrihew@kihomac.com", "cage": "3L2L3", "sam_activation_date": "2014-05-22T09:15:05Z", "sam_exclusion": false, "sam_address": "5501 Backlick Rd, Ste. 200 ", "sam_url": "http://www.kihomac.com", "annual_revenue": "12171475", "number_of_employees": 125, "cm_email": "becky.ridenour@kihomac.com", "sam_status": "ACTIVE", "duns_4": "1377684820000", "setasides": [16, 1, 15]}}, {"model": "vendor.vendor", "pk": 59, "fields": {"cm_name": "Vicky Hilton", "pm_phone": "405-622-2200 x 106", "pm_name": "Diana Petross", "cm_phone": "405-622-2200", "sam_citystate": "Oklahoma City, OK 73135", "name": "Leader Commumincations, Inc.", "duns": "046657412", "sam_expiration_date": "2015-01-13T15:54:22Z", "pm_email": "OASISPMO@lcibest.com", "cage": "1J7E8", "sam_activation_date": "2014-01-13T16:15:49Z", "sam_exclusion": false, "sam_address": "6421 S Air Depot Blvd Ste A ", "sam_url": "http://lcibest.com", "annual_revenue": "15806200", "number_of_employees": 254, "cm_email": "contract.administration@lcibest.com", "sam_status": "ACTIVE", "duns_4": "0466574120000", "setasides": [2, 1]}}, {"model": "vendor.vendor", "pk": 60, "fields": {"cm_name": "Michelle Rosalez", "pm_phone": "937-256-9464", "pm_name": "Ernest Osborn", "cm_phone": "915-772-4975", "sam_citystate": "EL PASO, TX 79925", "name": "Managment and Engineering Technologies (METI)", "duns": "074334264", "sam_expiration_date": "2015-04-16T11:31:55Z", "pm_email": "bd@meticorp.com", "cage": "1LX23", "sam_activation_date": "2014-04-16T11:45:17Z", "sam_exclusion": false, "sam_address": "8600 BOEING DR", "sam_url": "HTTP://WWW.METICORP.COM", "annual_revenue": "25000000", "number_of_employees": 100, "cm_email": "contracts@meticorp.com", "sam_status": "ACTIVE", "duns_4": "0743342640000", "setasides": [15]}}, {"model": "vendor.vendor", "pk": 61, "fields": {"cm_name": "Karl P. Farber", "pm_phone": "202-548-3110 x 346", "pm_name": "Charles Grabenstein", "cm_phone": "843-971-9390 x 226", "sam_citystate": "Mount Pleasant, SC 29464", "name": "Orbis Sibro", "duns": "872942706", "sam_expiration_date": "2015-05-20T14:39:36Z", "pm_email": "charliegrabenstein@orbisinc.net", "cage": "1SEL4", "sam_activation_date": "2014-05-20T15:01:59Z", "sam_exclusion": false, "sam_address": "268 W Coleman Blvd Ste 2A", "sam_url": "http://www.orbisinc.net", "annual_revenue": "19939411", "number_of_employees": 120, "cm_email": "kfarber1@orbisinc.net", "sam_status": "ACTIVE", "duns_4": "8729427060000", "setasides": [1]}}, {"model": "vendor.vendor", "pk": 62, "fields": {"cm_name": "Bob Urban", "pm_phone": "703-229-1110", "pm_name": "Thomas Hudon", "cm_phone": "703-229-1102", "sam_citystate": "ALEXANDRIA, VA 22314", "name": "PCCI", "duns": "016658080", "sam_expiration_date": "2015-09-18T14:07:35Z", "pm_email": "thudon@pccii.com", "cage": "3Y970", "sam_activation_date": "2014-09-18T14:15:59Z", "sam_exclusion": false, "sam_address": "300 N LEE ST STE 201", "sam_url": "http://www.pccii.com", "annual_revenue": "17500000", "number_of_employees": 42, "cm_email": "burban@pccii.com", "sam_status": "ACTIVE", "duns_4": "0166580800000", "setasides": []}}, {"model": "vendor.vendor", "pk": 63, "fields": {"cm_name": "Chrissy Hardin", "pm_phone": "937-490-5012", "pm_name": "Julie Jones", "cm_phone": "937-490-5006", "sam_citystate": "FAIRBORN, OH 45324", "name": "Peerless Technologies", "duns": "132729877", "sam_expiration_date": "2015-06-27T11:56:37Z", "pm_email": "OASIS-Contracts@epeerless.com", "cage": "1PST8", "sam_activation_date": "2014-06-27T12:15:59Z", "sam_exclusion": false, "sam_address": "2300 NATIONAL RD", "sam_url": "http://www.epeerless.com", "annual_revenue": "12500000", "number_of_employees": 80, "cm_email": "OASIS-Contracts@epeerless.com", "sam_status": "ACTIVE", "duns_4": "1327298770000", "setasides": [16, 15]}}, {"model": "vendor.vendor", "pk": 64, "fields": {"cm_name": "Elaine D. Jones", "pm_phone": "256-714-1111", "pm_name": "James (Jim) A. Roy", "cm_phone": "256-799-0669", "sam_citystate": "HUNTSVILLE, AL 35806", "name": "Quantitech", "duns": "618564116", "sam_expiration_date": "2015-04-16T16:36:23Z", "pm_email": "OASISSB@quantitech.com", "cage": "0S9B5", "sam_activation_date": "2014-04-16T17:00:27Z", "sam_exclusion": false, "sam_address": "7027 OLD MADISON PIKE NW STE 106", "sam_url": "HTTP://WWW.QUANTITECH.COM", "annual_revenue": "9649032", "number_of_employees": 39, "cm_email": "OASISSB@quantitech.com", "sam_status": "ACTIVE", "duns_4": "6185641160000", "setasides": [3]}}, {"model": "vendor.vendor", "pk": 65, "fields": {"cm_name": "Eduardo (Ed) Cardenas", "pm_phone": "832-474-0026", "pm_name": "Charles (Chuck) Muizers", "cm_phone": "281-787-7643", "sam_citystate": "HUMBLE, TX 77338", "name": "Skylla Engineering Ltd.", "duns": "169401895", "sam_expiration_date": "2015-09-11T15:13:02Z", "pm_email": "muizersc@skyllaeng.com", "cage": "32ZH5", "sam_activation_date": "2014-09-11T15:30:26Z", "sam_exclusion": false, "sam_address": "316 E MAIN ST STE H", "sam_url": "http://www.skyllaeng.com", "annual_revenue": "7558000", "number_of_employees": 145, "cm_email": "cardenase@skyllaeng.com", "sam_status": "ACTIVE", "duns_4": "1694018950000", "setasides": [16, 2, 1, 15]}}, {"model": "vendor.vendor", "pk": 66, "fields": {"cm_name": "Shellie Bowles", "pm_phone": "512-600-9437", "pm_name": "Kent Ek", "cm_phone": "301-695-5311", "sam_citystate": null, "name": "Southeastern Computer Consultants (SCCI)", "duns": "074418872", "sam_expiration_date": null, "pm_email": "kek@teamscci.com", "cage": null, "sam_activation_date": null, "sam_exclusion": null, "sam_address": null, "sam_url": null, "annual_revenue": "0", "number_of_employees": 0, "cm_email": "sbowles@teamscci.com", "sam_status": null, "duns_4": "0744188720000", "setasides": []}}, {"model": "vendor.vendor", "pk": 67, "fields": {"cm_name": "Steven H. Willenbucher", "pm_phone": "703-504-9817", "pm_name": "MaryAnn Hoadley", "cm_phone": "703-504-9794", "sam_citystate": "ARLINGTON, VA 22202", "name": "Subsystem Technologies", "duns": "185057460", "sam_expiration_date": "2015-06-02T10:36:32Z", "pm_email": "\u00a0oasis@subsystem.com", "cage": "0DP19", "sam_activation_date": "2014-06-02T12:30:22Z", "sam_exclusion": false, "sam_address": "2121 CRYSTAL DR STE 680", "sam_url": "HTTP://WWW.SUBSYSTEM.COM", "annual_revenue": "25000000", "number_of_employees": 160, "cm_email": "\u00a0oasis@subsystem.com", "sam_status": "ACTIVE", "duns_4": "1850574600000", "setasides": []}}, {"model": "vendor.vendor", "pk": 68, "fields": {"cm_name": "Franklin (Frank) H. Inman", "pm_phone": "937-429-6070 x 106", "pm_name": "Donald Kurtz", "cm_phone": "978-739-4200 x 1117", "sam_citystate": "DANVERS, MA 01923", "name": "Sumaria Systems", "duns": "146389622", "sam_expiration_date": "2015-04-15T13:07:20Z", "pm_email": "OASIS-SB@sumaria.com", "cage": "1DV75", "sam_activation_date": "2014-04-15T13:30:42Z", "sam_exclusion": false, "sam_address": "99 ROSEWOOD DR STE 140", "sam_url": "http://www.sumaria.com", "annual_revenue": "36000000", "number_of_employees": 200, "cm_email": "OASIS-SB@sumaria.com", "sam_status": "ACTIVE", "duns_4": "1463896220000", "setasides": []}}, {"model": "vendor.vendor", "pk": 69, "fields": {"cm_name": "John B. Hamilton", "pm_phone": "478-922-9987", "pm_name": "Mike Reynolds", "cm_phone": "321-724-5566 x 1297", "sam_citystate": "MELBOURNE, FL 32901", "name": "Support Systems Associates", "duns": "068013796", "sam_expiration_date": "2015-04-01T14:00:48Z", "pm_email": "mreynolds@ssai.org", "cage": "60877", "sam_activation_date": "2014-04-01T14:15:16Z", "sam_exclusion": false, "sam_address": "709 S HARBOR CITY BLVD STE 350", "sam_url": null, "annual_revenue": "0", "number_of_employees": 0, "cm_email": "jhamilton@ssai.org", "sam_status": "ACTIVE", "duns_4": "0680137960000", "setasides": []}}, {"model": "vendor.vendor", "pk": 70, "fields": {"cm_name": "Lucy R. Aguinaldo", "pm_phone": "703-563-4401", "pm_name": "R. Lee Plumb", "cm_phone": "703-563-4402", "sam_citystate": "FAIRFAX, VA 22030", "name": "Triumph Enterprises", "duns": "167251011", "sam_expiration_date": "2015-09-18T20:40:31Z", "pm_email": "Lee.Plumb@Triumph-Enterprises.com", "cage": "357V4", "sam_activation_date": "2014-09-18T21:00:08Z", "sam_exclusion": false, "sam_address": "11325 RANDOM HILLS RD STE 340", "sam_url": "http://www.triumph-enterprises.com", "annual_revenue": "6009484", "number_of_employees": 52, "cm_email": "Lucy.aguinaldo@triumph-enterprises.com", "sam_status": "ACTIVE", "duns_4": "1672510110000", "setasides": [16, 2, 1, 15]}}, {"model": "vendor.vendor", "pk": 71, "fields": {"cm_name": "Jane Ann Hejmanowski", "pm_phone": "410-768-5494", "pm_name": "Bob Burnett", "cm_phone": "252-338-2264", "sam_citystate": "ELIZABETH CITY, NC 27909", "name": "Vector CSP LLC", "duns": "110994303", "sam_expiration_date": "2015-09-16T11:26:51Z", "pm_email": "Bob.burnett@vectorcsp.com", "cage": "3CWE7", "sam_activation_date": "2014-09-16T11:35:16Z", "sam_exclusion": false, "sam_address": "405 E MAIN ST", "sam_url": "http://www.vectorcsp.com", "annual_revenue": "6000000", "number_of_employees": 50, "cm_email": "jahejmanowski@vectorcsp.com", "sam_status": "ACTIVE", "duns_4": "1109943030000", "setasides": []}}, {"model": "vendor.vendor", "pk": 72, "fields": {"cm_name": "Kay Zdon", "pm_phone": "210-822-8712 x 6028", "pm_name": "Robert Trevino", "cm_phone": "210-822-8712 x 6013", "sam_citystate": "San Antonio, TX 78216", "name": "X Technologies Inc", "duns": "044271547", "sam_expiration_date": "2015-06-26T11:09:23Z", "pm_email": "oasissb-xti@x-technologies.com\u00a0\u00a0", "cage": "1JDN2", "sam_activation_date": "2014-06-26T11:45:22Z", "sam_exclusion": false, "sam_address": "100 Sandau Ste 300", "sam_url": "http://www.x-technologies.com", "annual_revenue": "11041625", "number_of_employees": 46, "cm_email": "oasissb-xti@x-technologies.com\u00a0\u00a0", "sam_status": "ACTIVE", "duns_4": "0442715470000", "setasides": [15]}}, {"model": "vendor.vendor", "pk": 73, "fields": {"cm_name": "Susan Hughes", "pm_phone": "757-325-1270", "pm_name": "Chuck Mitchell", "cm_phone": "757-325-1331", "sam_citystate": "HAMPTON, VA 23669", "name": "Zel Technologies", "duns": "825732993", "sam_expiration_date": "2015-03-27T09:30:48Z", "pm_email": "\u00a0oasis@zeltech.com", "cage": "0NPX4", "sam_activation_date": "2014-03-27T10:00:01Z", "sam_exclusion": false, "sam_address": "54 OLD HAMPTON LN", "sam_url": "http://www.zeltech.com", "annual_revenue": "0", "number_of_employees": 0, "cm_email": "susan.hughes@zeltech.com", "sam_status": "ACTIVE", "duns_4": "8257329930000", "setasides": [1]}}, {"model": "vendor.vendor", "pk": 74, "fields": {"cm_name": "Yvonne Brennan", "pm_phone": "256-922-0802", "pm_name": "Jay Vaughan", "cm_phone": "256-922-0802", "sam_citystate": "HUNTSVILLE, AL 35806", "name": "AEgis Technologies Group", "duns": "625694500", "sam_expiration_date": "2015-07-23T09:12:25Z", "pm_email": "jvaughan@aegistg.com", "cage": "0EXA1", "sam_activation_date": "2014-07-23T09:30:05Z", "sam_exclusion": false, "sam_address": "410 JAN DAVIS DR NW", "sam_url": "http://www.aegistg.com", "annual_revenue": "27", "number_of_employees": 160, "cm_email": "ybrennan@aegistg.com", "sam_status": "ACTIVE", "duns_4": "6256945000000", "setasides": []}}, {"model": "vendor.vendor", "pk": 75, "fields": {"cm_name": null, "pm_phone": null, "pm_name": null, "cm_phone": null, "sam_citystate": "Beltsville, MD 20705", "name": "Arctic Slope Technical Services, Inc.", "duns": "968706106", "sam_expiration_date": "2015-06-11T17:24:31Z", "pm_email": null, "cage": "6HBK6", "sam_activation_date": "2014-06-11T17:45:21Z", "sam_exclusion": false, "sam_address": "7000 Muirkirk Meadows Dr ", "sam_url": "http://www.ascs-corp.com", "annual_revenue": "84000", "number_of_employees": 1, "cm_email": null, "sam_status": "ACTIVE", "duns_4": "9687061060000", "setasides": [15]}}, {"model": "vendor.vendor", "pk": 76, "fields": {"cm_name": "Maurice (Mo) Turcotte", "pm_phone": "703-765-6623", "pm_name": "Frank Magnuson", "cm_phone": "703-765-6623", "sam_citystate": "Carlisle, MA 01741", "name": "Assurance Technolgy Corporation", "duns": "069338820", "sam_expiration_date": "2015-01-16T11:15:37Z", "pm_email": "magnuson@assurtech.com", "cage": "8L918", "sam_activation_date": "2014-01-16T11:30:14Z", "sam_exclusion": false, "sam_address": "84 S St ", "sam_url": "http://www.assurtech.com/", "annual_revenue": "80160472", "number_of_employees": 218, "cm_email": "turcotte@assurtech.com", "sam_status": "ACTIVE", "duns_4": "0693388200000", "setasides": []}}, {"model": "vendor.vendor", "pk": 77, "fields": {"cm_name": null, "pm_phone": null, "pm_name": null, "cm_phone": null, "sam_citystate": "Alexandria, VA 22311", "name": "Bowhead Logistics Solutions, LLC", "duns": "626979228", "sam_expiration_date": "2015-09-22T08:01:22Z", "pm_email": null, "cage": "4NFX9", "sam_activation_date": "2014-09-22T08:15:04Z", "sam_exclusion": false, "sam_address": "4900 Seminary Rd Ste 1200 ", "sam_url": null, "annual_revenue": "246221", "number_of_employees": 1, "cm_email": null, "sam_status": "ACTIVE", "duns_4": "6269792280000", "setasides": [15]}}, {"model": "vendor.vendor", "pk": 78, "fields": {"cm_name": "Jerry T. Copes", "pm_phone": "937-431-9431 x 13", "pm_name": "George S. Vlahos", "cm_phone": "937-431-9431 x 23", "sam_citystate": "BEAVERCREEK, OH 45432", "name": "BTAS", "duns": "883504854", "sam_expiration_date": "2015-04-28T15:28:26Z", "pm_email": "BTASGSAOASIS@btas.com", "cage": "07GB6", "sam_activation_date": "2014-04-28T15:45:41Z", "sam_exclusion": false, "sam_address": "3572 DAYTON XENIA RD STE 210", "sam_url": "http://www.btas.com", "annual_revenue": "13608980", "number_of_employees": 165, "cm_email": "BTASGSAOASIS@btas.com", "sam_status": "ACTIVE", "duns_4": "8835048540000", "setasides": [3]}}, {"model": "vendor.vendor", "pk": 79, "fields": {"cm_name": "Roberta (Robbie) Comer", "pm_phone": "202-747-2430", "pm_name": "Jim Powell", "cm_phone": "202-863-3695", "sam_citystate": "WASHINGTON, DC 20024", "name": "CSSI", "duns": "621420991", "sam_expiration_date": "2015-07-28T22:37:00Z", "pm_email": "OASIS@cssiinc.com", "cage": "0YUD7", "sam_activation_date": "2014-07-28T22:45:12Z", "sam_exclusion": false, "sam_address": "400 VIRGINIA AVE SW STE 710", "sam_url": null, "annual_revenue": "0", "number_of_employees": 0, "cm_email": "contracts@cssiinc.com", "sam_status": "ACTIVE", "duns_4": "6214209910000", "setasides": [3]}}, {"model": "vendor.vendor", "pk": 80, "fields": {"cm_name": "April Lesho", "pm_phone": "703-682-0751", "pm_name": "Shawn Shanley", "cm_phone": "703-414-5004", "sam_citystate": "Arlington, VA 22202", "name": "Decisive Analytics", "duns": "036593457", "sam_expiration_date": "2015-04-16T11:50:35Z", "pm_email": "shawn.shanley@dac.us", "cage": "06CT8", "sam_activation_date": "2014-04-16T12:15:17Z", "sam_exclusion": false, "sam_address": "1400 Crystal Dr Suite 1400 ", "sam_url": "http://www.dac.us", "annual_revenue": "40000000", "number_of_employees": 160, "cm_email": "april.lesho@dac.us", "sam_status": "ACTIVE", "duns_4": "0365934570000", "setasides": [1]}}, {"model": "vendor.vendor", "pk": 81, "fields": {"cm_name": "Barbara J. Golder", "pm_phone": "703-261-6062", "pm_name": "Chris Lawrence", "cm_phone": "703-261-6032", "sam_citystate": "FEASTERVILLE TREVOSE, PA 19053", "name": "Data Systems Analyst, Inc.", "duns": "048620512", "sam_expiration_date": "2014-10-04T13:16:07Z", "pm_email": "Chris.lawrence@dsainc.com", "cage": "4D266", "sam_activation_date": "2013-10-04T13:30:12Z", "sam_exclusion": false, "sam_address": "8 NESHAMINY INTERPLEX DR STE 209", "sam_url": "http://www.dsainc.com", "annual_revenue": "0", "number_of_employees": 0, "cm_email": "Barbara.golder@dsainc.com", "sam_status": "ACTIVE", "duns_4": "0486205120000", "setasides": []}}, {"model": "vendor.vendor", "pk": 82, "fields": {"cm_name": "Kelly L Bain", "pm_phone": "719-475-0605 x 1001", "pm_name": "Kelly L Bain", "cm_phone": "719-475-0605 x 1001", "sam_citystate": "COLORADO SPRINGS, CO 80915", "name": "Delta Solutions and Strategies, LLC", "duns": "124651964", "sam_expiration_date": "2015-08-20T13:21:24Z", "pm_email": "Kbain@deltasands.com", "cage": "1RUU6", "sam_activation_date": "2014-08-20T13:32:15Z", "sam_exclusion": false, "sam_address": "565 SPACE CENTER DRIVE, SUITE 330", "sam_url": "http://www.deltasands.com", "annual_revenue": "14200000", "number_of_employees": 112, "cm_email": "Kbain@deltasands.com", "sam_status": "ACTIVE", "duns_4": "1246519640000", "setasides": [2, 1]}}, {"model": "vendor.vendor", "pk": 83, "fields": {"cm_name": "Benita Whitfield", "pm_phone": "314-738-9044", "pm_name": "George Putman", "cm_phone": "301-323-1435|", "sam_citystate": "Laurel, MD 20707", "name": "Earth Resources Technology Inc.", "duns": "090770967", "sam_expiration_date": "2015-02-26T14:25:31Z", "pm_email": "George.Putnam@ertcorp.com", "cage": "1TZ41", "sam_activation_date": "2014-02-26T14:46:00Z", "sam_exclusion": false, "sam_address": "14401 Sweitzer Ln Ste 300 ", "sam_url": "http://www.ertcorp.com/", "annual_revenue": "47672784", "number_of_employees": 471, "cm_email": "Benita.Whitfield@ertcorp.com", "sam_status": "ACTIVE", "duns_4": "0907709670000", "setasides": [3]}}, {"model": "vendor.vendor", "pk": 84, "fields": {"cm_name": "Kelly Loomis", "pm_phone": "703-633-1652", "pm_name": "Amanda Pedersen", "cm_phone": "703-633-1708", "sam_citystate": "LEXINGTON, MA 02421", "name": "Eastern Research Group (ERG)", "duns": "112947395", "sam_expiration_date": "2015-07-18T13:55:06Z", "pm_email": "Amanda.pedersen@erg.com", "cage": "00GP8", "sam_activation_date": "2014-07-18T14:15:07Z", "sam_exclusion": false, "sam_address": "110 HARTWELL AVE STE 1", "sam_url": "http://www.erg.com", "annual_revenue": "50705424", "number_of_employees": 380, "cm_email": "Kelly.Loomis@erg.com", "sam_status": "ACTIVE", "duns_4": "1129473950000", "setasides": []}}, {"model": "vendor.vendor", "pk": 85, "fields": {"cm_name": "Jim Janulis", "pm_phone": "703-543-2930", "pm_name": "Eric Vazquez", "cm_phone": "703-543-2911", "sam_citystate": "CENTREVILLE, VA 20120", "name": "Fulcrum IT Services", "duns": "048382386", "sam_expiration_date": "2015-05-14T09:27:32Z", "pm_email": "evazquez@fulcrumit.com", "cage": "0E1B6", "sam_activation_date": "2014-05-14T09:45:14Z", "sam_exclusion": false, "sam_address": "5870 TRINITY PARKWAY STE 400", "sam_url": "HTTP://WWW.FULCRUMCO.COM", "annual_revenue": "65", "number_of_employees": 98, "cm_email": "jjanulis@fulcrumit.com", "sam_status": "ACTIVE", "duns_4": "0483823860000", "setasides": []}}, {"model": "vendor.vendor", "pk": 86, "fields": {"cm_name": "Sandra Stewart", "pm_phone": "240-542-1128", "pm_name": "Chris Moren", "cm_phone": "304-534-3128 x 118", "sam_citystate": "GREENBELT, MD 20770", "name": "Global Science and Technology", "duns": "803721679", "sam_expiration_date": "2015-01-13T16:20:32Z", "pm_email": "chris.moren@gst.com", "cage": "0YST4", "sam_activation_date": "2014-01-13T16:47:53Z", "sam_exclusion": false, "sam_address": "7855 WALKER DR STE 200", "sam_url": "http://www.gst.com", "annual_revenue": "22350004", "number_of_employees": 160, "cm_email": "sandra.stewart@gst.com", "sam_status": "ACTIVE", "duns_4": "8037216790000", "setasides": [15]}}, {"model": "vendor.vendor", "pk": 87, "fields": {"cm_name": "Todd Burkhardt", "pm_phone": "850-362-6551", "pm_name": "Charlie Minter", "cm_phone": "850-362-6551", "sam_citystate": "Fort Walton Beach, FL 32548", "name": "HX5, LLC", "duns": "781841080", "sam_expiration_date": "2015-06-16T15:33:17Z", "pm_email": "Charlie.Minter@hxfive.com", "cage": "4VMT5", "sam_activation_date": "2014-06-16T16:00:36Z", "sam_exclusion": false, "sam_address": "212 Eglin Pkwy SE ", "sam_url": "www.hxfive.com", "annual_revenue": "18317947", "number_of_employees": 180, "cm_email": "Todd.Burkhardt@hxfive.com", "sam_status": "ACTIVE", "duns_4": "7818410800000", "setasides": [16, 2, 3, 1, 15]}}, {"model": "vendor.vendor", "pk": 88, "fields": {"cm_name": "Marsha Wells", "pm_phone": "850-496-1040", "pm_name": "Rocky Arrants", "cm_phone": "256-270-4872", "sam_citystate": "HUNTSVILLE, AL 35806", "name": "Integration Innovation Inc", "duns": "009699346", "sam_expiration_date": "2015-04-18T13:30:35Z", "pm_email": "rocky.arrants@i3-corps.com", "cage": "4ZSH3", "sam_activation_date": "2014-04-18T13:45:42Z", "sam_exclusion": false, "sam_address": "689 DISCOVERY DR BLDG 1 STE 500", "sam_url": null, "annual_revenue": "6000000", "number_of_employees": 83, "cm_email": "marsha.wells@i3-corps.com", "sam_status": "ACTIVE", "duns_4": "0096993460000", "setasides": []}}, {"model": "vendor.vendor", "pk": 89, "fields": {"cm_name": "Jane Northrop", "pm_phone": "256-705-6826", "pm_name": "Matthew Schmitz", "cm_phone": "256-705-6848", "sam_citystate": "Huntsville, AL 35806", "name": "Intrepid", "duns": "136578262", "sam_expiration_date": "2015-04-23T09:44:43Z", "pm_email": "matthew.schmitz@intrepidinc.com", "cage": "1VDA4", "sam_activation_date": "2014-04-23T10:01:11Z", "sam_exclusion": false, "sam_address": "360 B Quality Cir Nw", "sam_url": null, "annual_revenue": "225541664", "number_of_employees": 977, "cm_email": "jane.northrop@intrepidinc.com", "sam_status": "ACTIVE", "duns_4": "1365782620000", "setasides": []}}, {"model": "vendor.vendor", "pk": 90, "fields": {"cm_name": "Ellen Tunkelrott", "pm_phone": "719-358-5810", "pm_name": "Bruce Smith", "cm_phone": "323-924-1515", "sam_citystate": "LOS ANGELES, CA 90056", "name": "LinQuest Corporation", "duns": "140389763", "sam_expiration_date": "2015-05-07T10:58:54Z", "pm_email": "bruce.smith@linquest.com", "cage": "3MZU6", "sam_activation_date": "2014-05-07T11:15:12Z", "sam_exclusion": false, "sam_address": "5140 W GOLDLEAF CIR STE 400", "sam_url": "http://www.linquest.com/", "annual_revenue": "47711000", "number_of_employees": 284, "cm_email": "ellen.tunkelrott@linquest.com", "sam_status": "ACTIVE", "duns_4": "1403897630000", "setasides": []}}, {"model": "vendor.vendor", "pk": 91, "fields": {"cm_name": "Suzanne Carter", "pm_phone": "281-823-6223", "pm_name": "Ed Emig", "cm_phone": "281-823-6238", "sam_citystate": "Houston, TX 77058", "name": "MEI Technologies", "duns": "859145658", "sam_expiration_date": "2015-07-03T13:35:51Z", "pm_email": "oasis@meitechinc.com", "cage": "0XBY6", "sam_activation_date": "2014-07-03T15:01:05Z", "sam_exclusion": false, "sam_address": "18050 Saturn Lane Ste 300", "sam_url": "http://www.meitechinc.com", "annual_revenue": "0", "number_of_employees": 0, "cm_email": "oasis@meitechinc.com", "sam_status": "ACTIVE", "duns_4": "8591456580000", "setasides": [2, 1]}}, {"model": "vendor.vendor", "pk": 92, "fields": {"cm_name": "Laura Padilla", "pm_phone": "609-638-7000", "pm_name": "Brice Stone", "cm_phone": "210-248-8209", "sam_citystate": "San Antonio, TX 78216", "name": "Metrica Inc", "duns": "156753402", "sam_expiration_date": "2015-03-03T15:51:48Z", "pm_email": "Oasis@metricanet.com", "cage": "0UTY8", "sam_activation_date": "2014-03-03T16:15:04Z", "sam_exclusion": false, "sam_address": "100 NE Loop 410 Ste 520 ", "sam_url": "http://www.metricanet.com", "annual_revenue": "18000000", "number_of_employees": 85, "cm_email": "lpadilla@metricanet.com", "sam_status": "ACTIVE", "duns_4": "1567534020000", "setasides": [3]}}, {"model": "vendor.vendor", "pk": 93, "fields": {"cm_name": "Sandy Scott", "pm_phone": "571-327-2903", "pm_name": "Bill Edgar", "cm_phone": "571-327-2913", "sam_citystate": "VIENNA, VA 22182", "name": "MicroTech", "duns": "145454182", "sam_expiration_date": "2015-05-30T14:46:56Z", "pm_email": "bedgar@microtech.net", "cage": "3TSJ0", "sam_activation_date": "2014-05-30T15:00:10Z", "sam_exclusion": false, "sam_address": "8330 BOONE BLVD STE 600", "sam_url": "http://www.microtech.net", "annual_revenue": "93413992", "number_of_employees": 420, "cm_email": "sscott@microtech.net", "sam_status": "ACTIVE", "duns_4": "1454541820000", "setasides": [2, 1]}}, {"model": "vendor.vendor", "pk": 94, "fields": {"cm_name": "Dianne Thomas", "pm_phone": "703-413-7798", "pm_name": "Ken Baird", "cm_phone": "703-413-7765", "sam_citystate": "Arlington, VA 22202", "name": "Millennium Engineering and Integration", "duns": "011971939", "sam_expiration_date": "2015-07-22T09:59:32Z", "pm_email": "kbaird@meicompany.com", "cage": "1B5V4", "sam_activation_date": "2014-07-22T10:15:05Z", "sam_exclusion": false, "sam_address": "2231 Crystal Dr Ste 711 ", "sam_url": "http://www.meicompany.com/", "annual_revenue": "39155684", "number_of_employees": 300, "cm_email": "dthomas@meicompany.com", "sam_status": "ACTIVE", "duns_4": "0119719390000", "setasides": [1]}}, {"model": "vendor.vendor", "pk": 95, "fields": {"cm_name": "Mike Lubrano", "pm_phone": "781-676-7361", "pm_name": "Michael McElwain", "cm_phone": "781-879-1445", "sam_citystate": "LEXINGTON, MA 02421", "name": "OASIS Systems", "duns": "176018810", "sam_expiration_date": "2015-05-09T11:40:11Z", "pm_email": "MMcElwain@OasisSystems.com", "cage": "1EDN2", "sam_activation_date": "2014-05-09T12:00:46Z", "sam_exclusion": false, "sam_address": "24 HARTWELL AVE", "sam_url": "http://www.oasissystems.com/", "annual_revenue": "35118992", "number_of_employees": 270, "cm_email": "mlubrano@OasisSystems.com", "sam_status": "ACTIVE", "duns_4": "1760188100000", "setasides": []}}, {"model": "vendor.vendor", "pk": 96, "fields": {"cm_name": "Kathleen Munroe", "pm_phone": "781-245-0111 x 114", "pm_name": "Thomas Portlock", "cm_phone": "781-245-0111 x 112", "sam_citystate": "Wakefield, MA 01880", "name": "Odyssey Systems", "duns": "090739830", "sam_expiration_date": "2015-09-15T12:28:40Z", "pm_email": "thomasportlock@odysseyconsult.com", "cage": "09DF6", "sam_activation_date": "2014-09-15T12:45:51Z", "sam_exclusion": false, "sam_address": "201 Edgewater Dr Ste 270 ", "sam_url": "www.odysseyconsult.com", "annual_revenue": "69200000", "number_of_employees": 324, "cm_email": "kathleenmunroe@odysseyconsult.com", "sam_status": "ACTIVE", "duns_4": "0907398300000", "setasides": []}}, {"model": "vendor.vendor", "pk": 97, "fields": {"cm_name": "Kevin Dyson", "pm_phone": "703-246-9664", "pm_name": "David M. Zivich", "cm_phone": "703-246-9663", "sam_citystate": "FAIRFAX, VA 22030", "name": "PE Systems", "duns": "867796989", "sam_expiration_date": "2015-09-02T17:34:28Z", "pm_email": "OASIS@pesystems.com", "cage": "5H249", "sam_activation_date": "2014-09-02T17:45:10Z", "sam_exclusion": false, "sam_address": "10201 FAIRFAX BLVD STE 400", "sam_url": "http://www.pesystems.com", "annual_revenue": "73059232", "number_of_employees": 348, "cm_email": "OASIS@pesystems.com", "sam_status": "ACTIVE", "duns_4": "8677969890000", "setasides": [2, 1]}}, {"model": "vendor.vendor", "pk": 98, "fields": {"cm_name": "Kelly Davis", "pm_phone": "703-682-2046", "pm_name": "Jane Schaub", "cm_phone": "703-682-2053", "sam_citystate": "Alexandria, VA 22303", "name": "Praxis Inc", "duns": "939944146", "sam_expiration_date": "2015-08-12T15:21:43Z", "pm_email": "Jane.schaub@pxi.com", "cage": "0RK23", "sam_activation_date": "2014-08-12T15:30:24Z", "sam_exclusion": false, "sam_address": "5845 Richmond Hwy 7th Fl ", "sam_url": "http://www.pxi.com", "annual_revenue": "23400000", "number_of_employees": 100, "cm_email": "Kelly.davis@pxi.com", "sam_status": "ACTIVE", "duns_4": "9399441460000", "setasides": []}}, {"model": "vendor.vendor", "pk": 99, "fields": {"cm_name": "Victor D. Balch", "pm_phone": "256-325-7859", "pm_name": "David Diaddario", "cm_phone": "256-489-8966", "sam_citystate": "HUNTSVILLE, AL 35805", "name": "Radiance Technologies", "duns": "031994218", "sam_expiration_date": "2015-04-18T10:47:50Z", "pm_email": "ddiaddario@radiancetech.com", "cage": "1H1J5", "sam_activation_date": "2014-04-18T11:00:27Z", "sam_exclusion": false, "sam_address": "350 WYNN DR NW", "sam_url": "http://www.radiancetech.com", "annual_revenue": "45799720", "number_of_employees": 287, "cm_email": "vbalch@radiancetech.com", "sam_status": "ACTIVE", "duns_4": "0319942180000", "setasides": []}}, {"model": "vendor.vendor", "pk": 100, "fields": {"cm_name": "Douglas Greer", "pm_phone": "970-484-7573", "pm_name": "Brian Ashe", "cm_phone": "970-484-7573", "sam_citystate": "FORT COLLINS, CO 80528", "name": "Riverside Technologies, Inc.", "duns": "139725865", "sam_expiration_date": "2015-04-21T12:42:15Z", "pm_email": "Brian.Ashe@Riverside.com", "cage": "1FJF9", "sam_activation_date": "2014-04-21T13:15:15Z", "sam_exclusion": false, "sam_address": "2950 E HARMONY RD STE 390", "sam_url": "http://www.riverside.com", "annual_revenue": "17736916", "number_of_employees": 91, "cm_email": "Doug.greer@riverside.com", "sam_status": "ACTIVE", "duns_4": "1397258650000", "setasides": []}}, {"model": "vendor.vendor", "pk": 101, "fields": {"cm_name": "Debbie Gerrity", "pm_phone": "256-319-9283", "pm_name": "Mark Arn", "cm_phone": "256-319-9212", "sam_citystate": "HUNTSVILLE, AL 35805", "name": "Sigmatech, Inc.", "duns": "193460839", "sam_expiration_date": "2015-08-05T11:35:57Z", "pm_email": "oasismanagement@sigmatech.com", "cage": "69572", "sam_activation_date": "2014-08-05T11:45:27Z", "sam_exclusion": false, "sam_address": "4901 CORPORATE DR NW STE C", "sam_url": "http://www.sigmatech.com", "annual_revenue": "0", "number_of_employees": 0, "cm_email": "Debbie.gerrity@sigmatech.com", "sam_status": "ACTIVE", "duns_4": "1934608390000", "setasides": []}}, {"model": "vendor.vendor", "pk": 102, "fields": {"cm_name": "Crystal Clark", "pm_phone": "757-224-7500 x 5553", "pm_name": "Serdar Gokcen", "cm_phone": "757-224-7500 x 5537", "sam_citystate": "NEWPORT NEWS, VA 23606", "name": "Spectrum Comm, Inc", "duns": "799264531", "sam_expiration_date": "2015-05-08T10:56:11Z", "pm_email": "oasis@sptrm.com", "cage": "1LXY1", "sam_activation_date": "2014-05-08T11:15:59Z", "sam_exclusion": false, "sam_address": "1 COMPASS WAY STE 300", "sam_url": "http://www.sptrm.com", "annual_revenue": "6335620", "number_of_employees": 71, "cm_email": "oasis@sptrm.com", "sam_status": "ACTIVE", "duns_4": "7992645310000", "setasides": [1]}}, {"model": "vendor.vendor", "pk": 103, "fields": {"cm_name": "Judit Gates", "pm_phone": "703-276-2207", "pm_name": "Alice Burgess", "cm_phone": "703-797-2288", "sam_citystate": "ARLINGTON, VA 22203", "name": "Strategic Analysis Inc", "duns": "153878996", "sam_expiration_date": "2015-01-28T19:38:31Z", "pm_email": "burgea@sainc.com", "cage": "44609", "sam_activation_date": "2014-01-28T20:00:11Z", "sam_exclusion": false, "sam_address": "4075 WILSON BLVD STE 200", "sam_url": "http://www.sainc.com", "annual_revenue": "0", "number_of_employees": 0, "cm_email": "jgates@sainc.com", "sam_status": "ACTIVE", "duns_4": "1538789960000", "setasides": []}}, {"model": "vendor.vendor", "pk": 104, "fields": {"cm_name": "Liz Seaburn", "pm_phone": "410-273-7722 x 226", "pm_name": "Jordan Matthews", "cm_phone": "410-273-7722 x 207", "sam_citystate": "BELCAMP, MD 21017", "name": "Survice Engineering Company, LLC", "duns": "035414697", "sam_expiration_date": "2015-07-16T00:08:16Z", "pm_email": "jordan.matthews@survice.com", "cage": "7T988", "sam_activation_date": "2014-07-16T00:17:21Z", "sam_exclusion": false, "sam_address": "4695 MILLENNIUM DR", "sam_url": null, "annual_revenue": "50000000", "number_of_employees": 400, "cm_email": "liz.seaburn@survice.com", "sam_status": "ACTIVE", "duns_4": "0354146970000", "setasides": []}}, {"model": "vendor.vendor", "pk": 105, "fields": {"cm_name": "Kenneth W. Lones", "pm_phone": "256-319-6045", "pm_name": "Clay Hagan", "cm_phone": "256-319-6019", "sam_citystate": "HUNTSVILLE, AL 35802", "name": "Torch Technologies", "duns": "122515708", "sam_expiration_date": "2015-03-31T09:44:55Z", "pm_email": "clay.hagan@torchtechnologies.com", "cage": "3CBV3", "sam_activation_date": "2014-03-31T10:00:35Z", "sam_exclusion": false, "sam_address": "4035 CHRIS DR SW STE C", "sam_url": "http://www.torchtechnologies.com", "annual_revenue": "82843680", "number_of_employees": 270, "cm_email": "kenneth.lones@torchtechnologies.com", "sam_status": "ACTIVE", "duns_4": "1225157080000", "setasides": []}}, {"model": "vendor.vendor", "pk": 106, "fields": {"cm_name": "Donna L. Varner", "pm_phone": "937-426-2808", "pm_name": "William D. Hack", "cm_phone": "937-426-2808", "sam_citystate": "DAYTON, OH 45432", "name": "Universal Technology Corp.", "duns": "004475216", "sam_expiration_date": "2015-04-07T09:44:27Z", "pm_email": "bhack@utcdayton.com", "cage": "1B731", "sam_activation_date": "2014-04-07T10:01:08Z", "sam_exclusion": false, "sam_address": "1270 N FAIRFIELD RD", "sam_url": null, "annual_revenue": "36", "number_of_employees": 208, "cm_email": "dvarner@utcdayton.com", "sam_status": "ACTIVE", "duns_4": "0044752160000", "setasides": []}}, {"model": "vendor.vendor", "pk": 107, "fields": {"cm_name": "Charlotte Curry", "pm_phone": "719-638-7921 x 102", "pm_name": "Scott Gilson", "cm_phone": "256-964-5237", "sam_citystate": "Huntsville, AL 35806", "name": "Colsa", "duns": "102067378", "sam_expiration_date": "2015-07-21T19:19:31Z", "pm_email": "sgilson@colsa.com", "cage": "4U825", "sam_activation_date": "2014-07-21T19:30:05Z", "sam_exclusion": false, "sam_address": "6728 Odyssey Dr", "sam_url": "http://www.colsa.com", "annual_revenue": "140000000", "number_of_employees": 900, "cm_email": "ccurry@colsa.com", "sam_status": "ACTIVE", "duns_4": "1020673780000", "setasides": [2, 1]}}, {"model": "vendor.vendor", "pk": 108, "fields": {"cm_name": "Carrie Lewis", "pm_phone": "256-922-9300 x 120", "pm_name": "Donna Meadows", "cm_phone": "256-922-9300 x 133", "sam_citystate": "HUNTSVILLE, AL 35805", "name": "Intuitive Research and Technology", "duns": "034964945", "sam_expiration_date": "2015-05-30T17:48:32Z", "pm_email": "donna.meadows@irtc-hq.com", "cage": "1MQC1", "sam_activation_date": "2014-05-30T18:00:06Z", "sam_exclusion": false, "sam_address": "5030 BRADFORD DR NW STE 205", "sam_url": "http://www.irtc-hq.com", "annual_revenue": "13283818", "number_of_employees": 108, "cm_email": "oasis@irtc-hq.com", "sam_status": "ACTIVE", "duns_4": "0349649450000", "setasides": []}}, {"model": "vendor.vendor", "pk": 109, "fields": {"cm_name": "Debra Ferguson", "pm_phone": "703-740-2238", "pm_name": "Debra Lehman", "cm_phone": "703-740-2236", "sam_citystate": "MCLEAN, VA 22102", "name": "MCR Federal", "duns": "028509656", "sam_expiration_date": "2015-09-11T13:37:52Z", "pm_email": "OASIS.COPM@mcri.com", "cage": "0GYV7", "sam_activation_date": "2014-09-11T13:45:20Z", "sam_exclusion": false, "sam_address": "2010 CORPORATE RDG STE 350", "sam_url": null, "annual_revenue": "66558360", "number_of_employees": 510, "cm_email": "OASIS.COCM@mcri.com", "sam_status": "ACTIVE", "duns_4": "0285096560000", "setasides": []}}, {"model": "vendor.vendor", "pk": 110, "fields": {"cm_name": "Carol A. Maus", "pm_phone": "719-445-2590", "pm_name": "Mark Lester", "cm_phone": "937-426-9025 x 116", "sam_citystate": "ALEXANDRIA, VA 22312", "name": "MTSI", "duns": "807454640", "sam_expiration_date": "2015-04-21T19:34:24Z", "pm_email": "oasis@mtsi-va.com.", "cage": "0X988", "sam_activation_date": "2014-04-21T19:45:20Z", "sam_exclusion": false, "sam_address": "5285 SHAWNEE RD STE 400", "sam_url": "http://www.mtsi-va.com", "annual_revenue": "46831848", "number_of_employees": 371, "cm_email": "oasis@mtsi-va.com.", "sam_status": "ACTIVE", "duns_4": "8074546400000", "setasides": []}}, {"model": "vendor.vendor", "pk": 111, "fields": {"cm_name": "Jeffrey (Jeff) Sultzbaugh", "pm_phone": "408-807-4397", "pm_name": "Steve Kihara", "cm_phone": "419-499-9653 x 104", "sam_citystate": "Fremont, OH 43420", "name": "Sierra Lobo Inc", "duns": "928298983", "sam_expiration_date": "2015-09-12T11:56:36Z", "pm_email": "skihara@sierralobo.com", "cage": "01HY9", "sam_activation_date": "2014-09-12T12:16:27Z", "sam_exclusion": false, "sam_address": "102 Pinnacle Dr ", "sam_url": null, "annual_revenue": "8237350", "number_of_employees": 220, "cm_email": "jsultzbaugh@sierralobo.com", "sam_status": "ACTIVE", "duns_4": "9282989830000", "setasides": [15]}}, {"model": "vendor.vendor", "pk": 112, "fields": {"cm_name": "Elizabeth Hawes", "pm_phone": "310-640-4700 x 2651", "pm_name": "Blaine Webber", "cm_phone": "805-571-6366 x 126", "sam_citystate": "GOLETA, CA 93117", "name": "Tecolote Research Inc", "duns": "074108176", "sam_expiration_date": "2015-09-12T21:05:56Z", "pm_email": "bwebber@tecolote.com", "cage": "0BMB0", "sam_activation_date": "2014-09-12T21:15:04Z", "sam_exclusion": false, "sam_address": "420 S FAIRVIEW AVE STE 201", "sam_url": "http://www.tecolote.com", "annual_revenue": "111879712", "number_of_employees": 609, "cm_email": "ehawes@tecolote.com", "sam_status": "ACTIVE", "duns_4": "0741081760000", "setasides": []}}, {"model": "vendor.vendor", "pk": 113, "fields": {"cm_name": "Dr. G. Balasubramanian", "pm_phone": "757-865-7093 x 306", "pm_name": "Dr. Jalaiah Unnam", "cm_phone": "757-865-7093 x 311", "sam_citystate": null, "name": "Analytical Services and Materials Inc.", "duns": "119069502", "sam_expiration_date": null, "pm_email": "junnam@asm-usa.com", "cage": null, "sam_activation_date": null, "sam_exclusion": null, "sam_address": null, "sam_url": null, "annual_revenue": null, "number_of_employees": null, "cm_email": "bala@asm-usa.com", "sam_status": null, "duns_4": "1190695020000", "setasides": []}}, {"model": "vendor.vendor", "pk": 114, "fields": {"cm_name": "Hannah Froe", "pm_phone": "757-951-1932", "pm_name": "Robert Valli", "cm_phone": "301-867-6281", "sam_citystate": "Lanham, MD 20706", "name": "Science Systems and Applications, Inc.", "duns": "087694808", "sam_expiration_date": "2014-11-05T10:42:10Z", "pm_email": "Robert.Valli@ssaihq.com", "cage": "5S009", "sam_activation_date": "2013-11-05T11:00:21Z", "sam_exclusion": false, "sam_address": "10210 Greenbelt Rd Ste 400", "sam_url": "http://www.ssaihq.com", "annual_revenue": "73887240", "number_of_employees": 553, "cm_email": "gwac_pmo@ssaihq.com", "sam_status": "ACTIVE", "duns_4": "0876948080000", "setasides": [3]}}, {"model": "vendor.vendor", "pk": 115, "fields": {"cm_name": "Gary Wittlinger", "pm_phone": "937-239-0024", "pm_name": "Gary Wittlinger", "cm_phone": "937-239-0024", "sam_citystate": "New York, NY 10038", "name": "Applied Research Solutions", "duns": "807990382", "sam_expiration_date": "2015-06-23T10:39:29Z", "pm_email": "gwittlinger@appliedres.com", "cage": "4YHD4", "sam_activation_date": "2014-06-23T11:31:58Z", "sam_exclusion": false, "sam_address": "156 William St 9th Fl ", "sam_url": null, "annual_revenue": null, "number_of_employees": null, "cm_email": "gwittlinger@appliedres.com", "sam_status": "ACTIVE", "duns_4": "8079903820000", "setasides": []}}, {"model": "vendor.vendor", "pk": 116, "fields": {"cm_name": "Marissa Otero", "pm_phone": "505-883-3636", "pm_name": "Bryan Milligan", "cm_phone": "505-881-8074", "sam_citystate": "Albuquerque, NM 87110", "name": "Applied Research Associates, Inc.", "duns": "097967608", "sam_expiration_date": "2015-07-28T15:51:11Z", "pm_email": "ARA_OASIS_SB@ara.com", "cage": "9R446", "sam_activation_date": "2014-07-28T16:00:58Z", "sam_exclusion": false, "sam_address": "4300 San Mateo Blvd Ne Ste A220 ", "sam_url": "http://www.ara.com", "annual_revenue": "232751232", "number_of_employees": 1147, "cm_email": "ARA_OASIS_SB@ara.com", "sam_status": "ACTIVE", "duns_4": "0979676080000", "setasides": []}}, {"model": "vendor.vendor", "pk": 117, "fields": {"cm_name": "Jack Duchesne", "pm_phone": "\u00a0301-737-4640", "pm_name": "Ray Rose", "cm_phone": "301-737-4640 x 335", "sam_citystate": "LEXINGTON PARK, MD 20653", "name": "Compass Systems Inc", "duns": "177985561", "sam_expiration_date": "2015-09-19T13:59:17Z", "pm_email": "\u00a0ray.rose@compass-sys-inc.com", "cage": "08AL5", "sam_activation_date": "2014-09-19T14:16:29Z", "sam_exclusion": false, "sam_address": "21471 GREAT MILLS RD", "sam_url": "http://www.compass-sys-inc.com/", "annual_revenue": "7400000", "number_of_employees": 49, "cm_email": "jack.duchesne@compass-sys-inc.com", "sam_status": "ACTIVE", "duns_4": "1779855610000", "setasides": []}}, {"model": "vendor.vendor", "pk": 118, "fields": {"cm_name": "Thomas Sgroi", "pm_phone": "240-237-4824", "pm_name": "Lance Alsheimer", "cm_phone": "571-227-6138", "sam_citystate": "ALEXANDRIA, VA 22310", "name": "DCS Corp", "duns": "083662916", "sam_expiration_date": "2015-08-06T13:02:11Z", "pm_email": "DCS_OASIS_SB@dcscorp.com", "cage": "1P418", "sam_activation_date": "2014-08-06T13:15:24Z", "sam_exclusion": false, "sam_address": "6909 METRO PARK DR STE 500", "sam_url": "http://www.dcscorp.com", "annual_revenue": "0", "number_of_employees": 0, "cm_email": "DCS_OASIS_SB@dcscorp.com", "sam_status": "ACTIVE", "duns_4": "0836629160000", "setasides": []}}, {"model": "vendor.vendor", "pk": 119, "fields": {"cm_name": "Rosie Maul", "pm_phone": "256-964-4259", "pm_name": "Cindy Griner", "cm_phone": "256-964-4567", "sam_citystate": "HUNTSVILLE, AL 35806", "name": "Dynetics", "duns": "075458455", "sam_expiration_date": "2015-07-17T14:14:44Z", "pm_email": "cindy.griner@dynetics.com", "cage": "7L855", "sam_activation_date": "2014-07-17T14:30:50Z", "sam_exclusion": false, "sam_address": "1002 EXPLORER BLVD", "sam_url": "www.dynetics.com", "annual_revenue": "96392576", "number_of_employees": 658, "cm_email": "rosie.maul@dynetics.com", "sam_status": "ACTIVE", "duns_4": "0754584550000", "setasides": []}}, {"model": "vendor.vendor", "pk": 120, "fields": {"cm_name": "Kenneth Lyles", "pm_phone": "256-327-9168", "pm_name": "Randy Stevens", "cm_phone": "256-327-9170", "sam_citystate": "Huntsville, AL 35806", "name": "Engineering Research and Consulting", "duns": "095673521", "sam_expiration_date": "2015-04-15T15:35:11Z", "pm_email": "rstevens@erc-incorporated.com", "cage": "0VYZ2", "sam_activation_date": "2014-04-15T15:46:27Z", "sam_exclusion": false, "sam_address": "308 Voyager Way, Suite 200 ", "sam_url": null, "annual_revenue": "108592912", "number_of_employees": 915, "cm_email": "klyles@erc-incorporated.com", "sam_status": "ACTIVE", "duns_4": "0956735210000", "setasides": []}}, {"model": "vendor.vendor", "pk": 121, "fields": {"cm_name": "Shawn Irish", "pm_phone": "937-252-2145 x 142", "pm_name": "Carl Canter", "cm_phone": "937-252-2145 x 115", "sam_citystate": "DAYTON, OH 45432", "name": "Innovative Technologies Corp", "duns": "361317902", "sam_expiration_date": "2015-08-21T08:51:01Z", "pm_email": "canterc@itc-1.com", "cage": "0EBK0", "sam_activation_date": "2014-08-21T09:00:11Z", "sam_exclusion": false, "sam_address": "1020 WOODMAN DR STE 100", "sam_url": "http://www.itc-1.com/", "annual_revenue": "17000000", "number_of_employees": 125, "cm_email": "irishs@itc-1.com", "sam_status": "ACTIVE", "duns_4": "3613179020000", "setasides": [3]}}, {"model": "vendor.vendor", "pk": 122, "fields": {"cm_name": "Mike Cave", "pm_phone": "703-378-8672 x 3535", "pm_name": "Peter Kimes", "cm_phone": "703-674-3162", "sam_citystate": "CHANTILLY, VA 20151", "name": "Integrity Applications", "duns": "047939504", "sam_expiration_date": "2015-07-02T14:55:54Z", "pm_email": "pkimes@integrity-apps.com", "cage": "1JSR9", "sam_activation_date": "2014-07-02T15:15:17Z", "sam_exclusion": false, "sam_address": "15020 CONFERENCE CENTER DRIVE, SUITE 100", "sam_url": "http://www.integrity-apps.com", "annual_revenue": "25", "number_of_employees": 161, "cm_email": "mcave@integrity-apps.com", "sam_status": "ACTIVE", "duns_4": "0479395040000", "setasides": [1]}}, {"model": "vendor.vendor", "pk": 123, "fields": {"cm_name": "Jerry Godbaugh", "pm_phone": "801-821-7466", "pm_name": "Jeffry M. Bringslid", "cm_phone": "770-989-9408", "sam_citystate": "Atlanta, GA 30339", "name": "Scientific Research Corp (SRC)", "duns": "197138274", "sam_expiration_date": "2015-04-02T13:11:10Z", "pm_email": "oasis@scires.com", "cage": "0D5A6", "sam_activation_date": "2014-04-02T13:30:40Z", "sam_exclusion": false, "sam_address": "2300 Windy Rge Pwy Ste 400S", "sam_url": "http://www.scires.com", "annual_revenue": "274644384", "number_of_employees": 1340, "cm_email": "jgoldbau@scires.com", "sam_status": "ACTIVE", "duns_4": "1971382740000", "setasides": []}}, {"model": "vendor.vendor", "pk": 124, "fields": {"cm_name": "Mickey Fisher", "pm_phone": "407-873-1456", "pm_name": "Tom Wilson", "cm_phone": "732-241-6026", "sam_citystate": "MORRISVILLE, NC 27560", "name": "US Falcon", "duns": "829288856", "sam_expiration_date": "2015-05-29T10:43:09Z", "pm_email": "thomas.wilson@usfalcon.com", "cage": "4CWP6", "sam_activation_date": "2014-05-29T11:15:31Z", "sam_exclusion": false, "sam_address": "1 COPLEY PKWY STE 200", "sam_url": "http://www.usfalcon.com", "annual_revenue": "77996928", "number_of_employees": 113, "cm_email": "mickey.fisher@usfalcon.com", "sam_status": "ACTIVE", "duns_4": "8292888560000", "setasides": [2, 1, 15]}}, {"model": "vendor.vendor", "pk": 125, "fields": {"cm_name": "Jerome Martin", "pm_phone": "850-792-1143 x 183", "pm_name": "Richard Justice", "cm_phone": "703-448-6081 x 148", "sam_citystate": "Reston, VA 20191", "name": "WB&B", "duns": "131873457", "sam_expiration_date": "2015-06-30T09:11:02Z", "pm_email": "rjustice@wbbinc.com", "cage": "8Z634", "sam_activation_date": "2014-06-30T09:49:00Z", "sam_exclusion": false, "sam_address": "11790 Sunrise Valley Dr ", "sam_url": null, "annual_revenue": "74000000", "number_of_employees": 350, "cm_email": "jmartin@wbbinc.com", "sam_status": "ACTIVE", "duns_4": "1318734570000", "setasides": []}}, {"model": "vendor.pool", "pk": "1_SB", "fields": {"number": "1", "vehicle": "OASISSB", "name": "Management, Scientific, and Technical Services", "naics": [1, 2, 3, 4, 5, 6, 7, 8, 9, 10, 11, 12, 13, 14, 15, 16, 17, 18, 19, 20, 21], "threshold": "$14 million"}}, {"model": "vendor.pool", "pk": "2_SB", "fields": {"number": "2", "vehicle": "OASISSB", "name": "Financial and Accounting Services", "naics": [22, 23, 24, 25, 26], "threshold": "$19 million"}}, {"model": "vendor.pool", "pk": "3_SB", "fields": {"number": "3", "vehicle": "OASISSB", "name": "Military, Marine, and Energy Engineering", "naics": [27, 28, 29], "threshold": "$35.5 million"}}, {"model": "vendor.pool", "pk": "4_SB", "fields": {"number": "4", "vehicle": "OASISSB", "name": "Scientific Research and Development", "naics": [30, 31], "threshold": "500 Employee"}}, {"model": "vendor.pool", "pk": "5A_SB", "fields": {"number": "5A", "vehicle": "OASISSB", "name": "Aircraft Parts and Engines Research and Development", "naics": [32], "threshold": "1000 Employee"}}, {"model": "vendor.pool", "pk": "5B_SB", "fields": {"number": "5B", "vehicle": "OASISSB", "name": "Space and Missiles Research and Development", "naics": [33], "threshold": "1000 Employee"}}, {"model": "vendor.pool", "pk": "6_SB", "fields": {"number": "6", "vehicle": "OASISSB", "name": "Aircraft Research and Development", "naics": [34], "threshold": "1500 Employee "}}, {"model": "vendor.poolpiid", "pk": 1, "fields": {"vendor": 1, "piid": "GS00Q14OADS101", "pool": "1_SB"}}, {"model": "vendor.poolpiid", "pk": 2, "fields": {"vendor": 2, "piid": "GS00Q14OADS102", "pool": "1_SB"}}, {"model": "vendor.poolpiid", "pk": 3, "fields": {"vendor": 3, "piid": "GS00Q14OADS103", "pool": "1_SB"}}, {"model": "vendor.poolpiid", "pk": 4, "fields": {"vendor": 4, "piid": "GS00Q14OADS104", "pool": "1_SB"}}, {"model": "vendor.poolpiid", "pk": 5, "fields": {"vendor": 5, "piid": "GS00Q14OADS144", "pool": "1_SB"}}, {"model": "vendor.poolpiid", "pk": 6, "fields": {"vendor": 6, "piid": "GS00Q14OADS106", "pool": "1_SB"}}, {"model": "vendor.poolpiid", "pk": 7, "fields": {"vendor": 7, "piid": "GS00Q14OADS107", "pool": "1_SB"}}, {"model": "vendor.poolpiid", "pk": 8, "fields": {"vendor": 8, "piid": "GS00Q14OADS108", "pool": "1_SB"}}, {"model": "vendor.poolpiid", "pk": 9, "fields": {"vendor": 9, "piid": "GS00Q14OADS110", "pool": "1_SB"}}, {"model": "vendor.poolpiid", "pk": 10, "fields": {"vendor": 10, "piid": "GS00Q14OADS111", "pool": "1_SB"}}, {"model": "vendor.poolpiid", "pk": 11, "fields": {"vendor": 11, "piid": "GS00Q14OADS112", "pool": "1_SB"}}, {"model": "vendor.poolpiid", "pk": 12, "fields": {"vendor": 12, "piid": "GS00Q14OADS113", "pool": "1_SB"}}, {"model": "vendor.poolpiid", "pk": 13, "fields": {"vendor": 13, "piid": "GS00Q14OADS114", "pool": "1_SB"}}, {"model": "vendor.poolpiid", "pk": 14, "fields": {"vendor": 14, "piid": "GS00Q14OADS115", "pool": "1_SB"}}, {"model": "vendor.poolpiid", "pk": 15, "fields": {"vendor": 15, "piid": "GS00Q14OADS116", "pool": "1_SB"}}, {"model": "vendor.poolpiid", "pk": 16, "fields": {"vendor": 16, "piid": "GS00Q14OADS117", "pool": "1_SB"}}, {"model": "vendor.poolpiid", "pk": 17, "fields": {"vendor": 17, "piid": "GS00Q14OADS118", "pool": "1_SB"}}, {"model": "vendor.poolpiid", "pk": 18, "fields": {"vendor": 18, "piid": "GS00Q14OADS119", "pool": "1_SB"}}, {"model": "vendor.poolpiid", "pk": 19, "fields": {"vendor": 19, "piid": "GS00Q14OADS120", "pool": "1_SB"}}, {"model": "vendor.poolpiid", "pk": 20, "fields": {"vendor": 20, "piid": "GS00Q14OADS121", "pool": "1_SB"}}, {"model": "vendor.poolpiid", "pk": 21, "fields": {"vendor": 21, "piid": "GS00Q14OADS122", "pool": "1_SB"}}, {"model": "vendor.poolpiid", "pk": 22, "fields": {"vendor": 22, "piid": "GS00Q14OADS123", "pool": "1_SB"}}, {"model": "vendor.poolpiid", "pk": 23, "fields": {"vendor": 23, "piid": "GS00Q14OADS124", "pool": "1_SB"}}, {"model": "vendor.poolpiid", "pk": 24, "fields": {"vendor": 24, "piid": "GS00Q14OADS125", "pool": "1_SB"}}, {"model": "vendor.poolpiid", "pk": 25, "fields": {"vendor": 25, "piid": "GS00Q14OADS126", "pool": "1_SB"}}, {"model": "vendor.poolpiid", "pk": 26, "fields": {"vendor": 26, "piid": "GS00Q14OADS127", "pool": "1_SB"}}, {"model": "vendor.poolpiid", "pk": 27, "fields": {"vendor": 27, "piid": "GS00Q14OADS128", "pool": "1_SB"}}, {"model": "vendor.poolpiid", "pk": 28, "fields": {"vendor": 28, "piid": "GS00Q14OADS129", "pool": "1_SB"}}, {"model": "vendor.poolpiid", "pk": 29, "fields": {"vendor": 29, "piid": "GS00Q14OADS130", "pool": "1_SB"}}, {"model": "vendor.poolpiid", "pk": 30, "fields": {"vendor": 30, "piid": "GS00Q14OADS131", "pool": "1_SB"}}, {"model": "vendor.poolpiid", "pk": 31, "fields": {"vendor": 31, "piid": "GS00Q14OADS132", "pool": "1_SB"}}, {"model": "vendor.poolpiid", "pk": 32, "fields": {"vendor": 32, "piid": "GS00Q14OADS133", "pool": "1_SB"}}, {"model": "vendor.poolpiid", "pk": 33, "fields": {"vendor": 33, "piid": "GS00Q14OADS134", "pool": "1_SB"}}, {"model": "vendor.poolpiid", "pk": 34, "fields": {"vendor": 34, "piid": "GS00Q14OADS135", "pool": "1_SB"}}, {"model": "vendor.poolpiid", "pk": 35, "fields": {"vendor": 35, "piid": "GS00Q14OADS137", "pool": "1_SB"}}, {"model": "vendor.poolpiid", "pk": 36, "fields": {"vendor": 36, "piid": "GS00Q14OADS138", "pool": "1_SB"}}, {"model": "vendor.poolpiid", "pk": 37, "fields": {"vendor": 37, "piid": "GS00Q14OADS139", "pool": "1_SB"}}, {"model": "vendor.poolpiid", "pk": 38, "fields": {"vendor": 38, "piid": "GS00Q14OADS141", "pool": "1_SB"}}, {"model": "vendor.poolpiid", "pk": 39, "fields": {"vendor": 39, "piid": "GS00Q14OADS142", "pool": "1_SB"}}, {"model": "vendor.poolpiid", "pk": 40, "fields": {"vendor": 40, "piid": "GS00Q14OADS143", "pool": "1_SB"}}, {"model": "vendor.poolpiid", "pk": 41, "fields": {"vendor": 41, "piid": "GS00Q14OADS201", "pool": "2_SB"}}, {"model": "vendor.poolpiid", "pk": 42, "fields": {"vendor": 42, "piid": "GS00Q14OADS203", "pool": "2_SB"}}, {"model": "vendor.poolpiid", "pk": 43, "fields": {"vendor": 43, "piid": "GS00Q14OADS204", "pool": "2_SB"}}, {"model": "vendor.poolpiid", "pk": 44, "fields": {"vendor": 16, "piid": "GS00Q14OADS205", "pool": "2_SB"}}, {"model": "vendor.poolpiid", "pk": 45, "fields": {"vendor": 44, "piid": "GS00Q14OADS206", "pool": "2_SB"}}, {"model": "vendor.poolpiid", "pk": 46, "fields": {"vendor": 27, "piid": "GS00Q14OADS207", "pool": "2_SB"}}, {"model": "vendor.poolpiid", "pk": 47, "fields": {"vendor": 35, "piid": "GS00Q14OADS209", "pool": "2_SB"}}, {"model": "vendor.poolpiid", "pk": 48, "fields": {"vendor": 41, "piid": "GS00Q14OADS301", "pool": "3_SB"}}, {"model": "vendor.poolpiid", "pk": 49, "fields": {"vendor": 45, "piid": "GS00Q14OADS302", "pool": "3_SB"}}, {"model": "vendor.poolpiid", "pk": 50, "fields": {"vendor": 2, "piid": "GS00Q14OADS303", "pool": "3_SB"}}, {"model": "vendor.poolpiid", "pk": 51, "fields": {"vendor": 46, "piid": "GS00Q14OADS304", "pool": "3_SB"}}, {"model": "vendor.poolpiid", "pk": 52, "fields": {"vendor": 47, "piid": "GS00Q14OADS305", "pool": "3_SB"}}, {"model": "vendor.poolpiid", "pk": 53, "fields": {"vendor": 48, "piid": "GS00Q14OADS307", "pool": "3_SB"}}, {"model": "vendor.poolpiid", "pk": 54, "fields": {"vendor": 49, "piid": "GS00Q14OADS308", "pool": "3_SB"}}, {"model": "vendor.poolpiid", "pk": 55, "fields": {"vendor": 50, "piid": "GS00Q14OADS309", "pool": "3_SB"}}, {"model": "vendor.poolpiid", "pk": 56, "fields": {"vendor": 7, "piid": "GS00Q14OADS310", "pool": "3_SB"}}, {"model": "vendor.poolpiid", "pk": 57, "fields": {"vendor": 51, "piid": "GS00Q14OADS312", "pool": "3_SB"}}, {"model": "vendor.poolpiid", "pk": 58, "fields": {"vendor": 52, "piid": "GS00Q14OADS313", "pool": "3_SB"}}, {"model": "vendor.poolpiid", "pk": 59, "fields": {"vendor": 53, "piid": "GS00Q14OADS314", "pool": "3_SB"}}, {"model": "vendor.poolpiid", "pk": 60, "fields": {"vendor": 11, "piid": "GS00Q14OADS315", "pool": "3_SB"}}, {"model": "vendor.poolpiid", "pk": 61, "fields": {"vendor": 54, "piid": "GS00Q14OADS316", "pool": "3_SB"}}, {"model": "vendor.poolpiid", "pk": 62, "fields": {"vendor": 42, "piid": "GS00Q14OADS317", "pool": "3_SB"}}, {"model": "vendor.poolpiid", "pk": 63, "fields": {"vendor": 55, "piid": "GS00Q14OADS318", "pool": "3_SB"}}, {"model": "vendor.poolpiid", "pk": 64, "fields": {"vendor": 56, "piid": "GS00Q14OADS344", "pool": "3_SB"}}, {"model": "vendor.poolpiid", "pk": 65, "fields": {"vendor": 17, "piid": "GS00Q14OADS319", "pool": "3_SB"}}, {"model": "vendor.poolpiid", "pk": 66, "fields": {"vendor": 57, "piid": "GS00Q14OADS320", "pool": "3_SB"}}, {"model": "vendor.poolpiid", "pk": 67, "fields": {"vendor": 58, "piid": "GS00Q14OADS321", "pool": "3_SB"}}, {"model": "vendor.poolpiid", "pk": 68, "fields": {"vendor": 22, "piid": "GS00Q14OADS322", "pool": "3_SB"}}, {"model": "vendor.poolpiid", "pk": 69, "fields": {"vendor": 59, "piid": "GS00Q14OADS323", "pool": "3_SB"}}, {"model": "vendor.poolpiid", "pk": 70, "fields": {"vendor": 60, "piid": "GS00Q14OADS324", "pool": "3_SB"}}, {"model": "vendor.poolpiid", "pk": 71, "fields": {"vendor": 29, "piid": "GS00Q14OADS326", "pool": "3_SB"}}, {"model": "vendor.poolpiid", "pk": 72, "fields": {"vendor": 61, "piid": "GS00Q14OADS343", "pool": "3_SB"}}, {"model": "vendor.poolpiid", "pk": 73, "fields": {"vendor": 62, "piid": "GS00Q14OADS327", "pool": "3_SB"}}, {"model": "vendor.poolpiid", "pk": 74, "fields": {"vendor": 63, "piid": "GS00Q14OADS328", "pool": "3_SB"}}, {"model": "vendor.poolpiid", "pk": 75, "fields": {"vendor": 64, "piid": "GS00Q14OADS329", "pool": "3_SB"}}, {"model": "vendor.poolpiid", "pk": 76, "fields": {"vendor": 36, "piid": "GS00Q14OADS331", "pool": "3_SB"}}, {"model": "vendor.poolpiid", "pk": 77, "fields": {"vendor": 65, "piid": "GS00Q14OADS332", "pool": "3_SB"}}, {"model": "vendor.poolpiid", "pk": 78, "fields": {"vendor": 66, "piid": "GS00Q14OADS333", "pool": "3_SB"}}, {"model": "vendor.poolpiid", "pk": 79, "fields": {"vendor": 67, "piid": "GS00Q14OADS334", "pool": "3_SB"}}, {"model": "vendor.poolpiid", "pk": 80, "fields": {"vendor": 68, "piid": "GS00Q14OADS335", "pool": "3_SB"}}, {"model": "vendor.poolpiid", "pk": 81, "fields": {"vendor": 69, "piid": "GS00Q14OADS336", "pool": "3_SB"}}, {"model": "vendor.poolpiid", "pk": 82, "fields": {"vendor": 38, "piid": "GS00Q14OADS337", "pool": "3_SB"}}, {"model": "vendor.poolpiid", "pk": 83, "fields": {"vendor": 70, "piid": "GS00Q14OADS339", "pool": "3_SB"}}, {"model": "vendor.poolpiid", "pk": 84, "fields": {"vendor": 71, "piid": "GS00Q14OADS340", "pool": "3_SB"}}, {"model": "vendor.poolpiid", "pk": 85, "fields": {"vendor": 72, "piid": "GS00Q14OADS341", "pool": "3_SB"}}, {"model": "vendor.poolpiid", "pk": 86, "fields": {"vendor": 73, "piid": "GS00Q14OADS342", "pool": "3_SB"}}, {"model": "vendor.poolpiid", "pk": 87, "fields": {"vendor": 74, "piid": "GS00Q14OADS438", "pool": "4_SB"}}, {"model": "vendor.poolpiid", "pk": 88, "fields": {"vendor": 75, "piid": "GS00Q14OADS401", "pool": "4_SB"}}, {"model": "vendor.poolpiid", "pk": 89, "fields": {"vendor": 76, "piid": "GS00Q14OADS402", "pool": "4_SB"}}, {"model": "vendor.poolpiid", "pk": 90, "fields": {"vendor": 50, "piid": "GS00Q14OADS403", "pool": "4_SB"}}, {"model": "vendor.poolpiid", "pk": 91, "fields": {"vendor": 77, "piid": "GS00Q14OADS404", "pool": "4_SB"}}, {"model": "vendor.poolpiid", "pk": 92, "fields": {"vendor": 78, "piid": "GS00Q14OADS405", "pool": "4_SB"}}, {"model": "vendor.poolpiid", "pk": 93, "fields": {"vendor": 79, "piid": "GS00Q14OADS406", "pool": "4_SB"}}, {"model": "vendor.poolpiid", "pk": 94, "fields": {"vendor": 80, "piid": "GS00Q14OADS407", "pool": "4_SB"}}, {"model": "vendor.poolpiid", "pk": 95, "fields": {"vendor": 81, "piid": "GS00Q14OADS409", "pool": "4_SB"}}, {"model": "vendor.poolpiid", "pk": 96, "fields": {"vendor": 82, "piid": "GS00Q14OADS408", "pool": "4_SB"}}, {"model": "vendor.poolpiid", "pk": 97, "fields": {"vendor": 83, "piid": "GS00Q14OADS410", "pool": "4_SB"}}, {"model": "vendor.poolpiid", "pk": 98, "fields": {"vendor": 84, "piid": "GS00Q14OADS411", "pool": "4_SB"}}, {"model": "vendor.poolpiid", "pk": 99, "fields": {"vendor": 85, "piid": "GS00Q14OADS412", "pool": "4_SB"}}, {"model": "vendor.poolpiid", "pk": 100, "fields": {"vendor": 86, "piid": "GS00Q14OADS413", "pool": "4_SB"}}, {"model": "vendor.poolpiid", "pk": 101, "fields": {"vendor": 87, "piid": "GS00Q14OADS414", "pool": "4_SB"}}, {"model": "vendor.poolpiid", "pk": 102, "fields": {"vendor": 18, "piid": "GS00Q14OADS415", "pool": "4_SB"}}, {"model": "vendor.poolpiid", "pk": 103, "fields": {"vendor": 88, "piid": "GS00Q14OADS416", "pool": "4_SB"}}, {"model": "vendor.poolpiid", "pk": 104, "fields": {"vendor": 89, "piid": "GS00Q14OADS417", "pool": "4_SB"}}, {"model": "vendor.poolpiid", "pk": 105, "fields": {"vendor": 22, "piid": "GS00Q14OADS418", "pool": "4_SB"}}, {"model": "vendor.poolpiid", "pk": 106, "fields": {"vendor": 90, "piid": "GS00Q14OADS419", "pool": "4_SB"}}, {"model": "vendor.poolpiid", "pk": 107, "fields": {"vendor": 60, "piid": "GS00Q14OADS420", "pool": "4_SB"}}, {"model": "vendor.poolpiid", "pk": 108, "fields": {"vendor": 91, "piid": "GS00Q14OADS421", "pool": "4_SB"}}, {"model": "vendor.poolpiid", "pk": 109, "fields": {"vendor": 92, "piid": "GS00Q14OADS422", "pool": "4_SB"}}, {"model": "vendor.poolpiid", "pk": 110, "fields": {"vendor": 93, "piid": "GS00Q14OADS423", "pool": "4_SB"}}, {"model": "vendor.poolpiid", "pk": 111, "fields": {"vendor": 94, "piid": "GS00Q14OADS424", "pool": "4_SB"}}, {"model": "vendor.poolpiid", "pk": 112, "fields": {"vendor": 95, "piid": "GS00Q14OADS425", "pool": "4_SB"}}, {"model": "vendor.poolpiid", "pk": 113, "fields": {"vendor": 96, "piid": "GS00Q14OADS426", "pool": "4_SB"}}, {"model": "vendor.poolpiid", "pk": 114, "fields": {"vendor": 97, "piid": "GS00Q14OADS427", "pool": "4_SB"}}, {"model": "vendor.poolpiid", "pk": 115, "fields": {"vendor": 98, "piid": "GS00Q14OADS428", "pool": "4_SB"}}, {"model": "vendor.poolpiid", "pk": 116, "fields": {"vendor": 34, "piid": "GS00Q14OADS429", "pool": "4_SB"}}, {"model": "vendor.poolpiid", "pk": 117, "fields": {"vendor": 99, "piid": "GS00Q14OADS430", "pool": "4_SB"}}, {"model": "vendor.poolpiid", "pk": 118, "fields": {"vendor": 100, "piid": "GS00Q14OADS431", "pool": "4_SB"}}, {"model": "vendor.poolpiid", "pk": 119, "fields": {"vendor": 101, "piid": "GS00Q14OADS432", "pool": "4_SB"}}, {"model": "vendor.poolpiid", "pk": 120, "fields": {"vendor": 102, "piid": "GS00Q14OADS433", "pool": "4_SB"}}, {"model": "vendor.poolpiid", "pk": 121, "fields": {"vendor": 103, "piid": "GS00Q14OADS434", "pool": "4_SB"}}, {"model": "vendor.poolpiid", "pk": 122, "fields": {"vendor": 67, "piid": "GS00Q14OADS435", "pool": "4_SB"}}, {"model": "vendor.poolpiid", "pk": 123, "fields": {"vendor": 68, "piid": "GS00Q14OADS436", "pool": "4_SB"}}, {"model": "vendor.poolpiid", "pk": 124, "fields": {"vendor": 104, "piid": "GS00Q14OADS437", "pool": "4_SB"}}, {"model": "vendor.poolpiid", "pk": 125, "fields": {"vendor": 105, "piid": "GS00Q14OADS439", "pool": "4_SB"}}, {"model": "vendor.poolpiid", "pk": 126, "fields": {"vendor": 106, "piid": "GS00Q14OADS440", "pool": "4_SB"}}, {"model": "vendor.poolpiid", "pk": 127, "fields": {"vendor": 73, "piid": "GS00Q14OADS441", "pool": "4_SB"}}, {"model": "vendor.poolpiid", "pk": 128, "fields": {"vendor": 46, "piid": "GS00Q14OADS501", "pool": "5A_SB"}}, {"model": "vendor.poolpiid", "pk": 129, "fields": {"vendor": 107, "piid": "GS00Q14OADS503", "pool": "5A_SB"}}, {"model": "vendor.poolpiid", "pk": 130, "fields": {"vendor": 80, "piid": "GS00Q14OADS504", "pool": "5A_SB"}}, {"model": "vendor.poolpiid", "pk": 131, "fields": {"vendor": 85, "piid": "GS00Q14OADS505", "pool": "5A_SB"}}, {"model": "vendor.poolpiid", "pk": 132, "fields": {"vendor": 87, "piid": "GS00Q14OADS506", "pool": "5A_SB"}}, {"model": "vendor.poolpiid", "pk": 133, "fields": {"vendor": 89, "piid": "GS00Q14OADS507", "pool": "5A_SB"}}, {"model": "vendor.poolpiid", "pk": 134, "fields": {"vendor": 108, "piid": "GS00Q14OADS508", "pool": "5A_SB"}}, {"model": "vendor.poolpiid", "pk": 135, "fields": {"vendor": 109, "piid": "GS00Q14OADS509", "pool": "5A_SB"}}, {"model": "vendor.poolpiid", "pk": 136, "fields": {"vendor": 91, "piid": "GS00Q14OADS510", "pool": "5A_SB"}}, {"model": "vendor.poolpiid", "pk": 137, "fields": {"vendor": 110, "piid": "GS00Q14OADS511", "pool": "5A_SB"}}, {"model": "vendor.poolpiid", "pk": 138, "fields": {"vendor": 97, "piid": "GS00Q14OADS512", "pool": "5A_SB"}}, {"model": "vendor.poolpiid", "pk": 139, "fields": {"vendor": 34, "piid": "GS00Q14OADS513", "pool": "5A_SB"}}, {"model": "vendor.poolpiid", "pk": 140, "fields": {"vendor": 64, "piid": "GS00Q14OADS514", "pool": "5A_SB"}}, {"model": "vendor.poolpiid", "pk": 141, "fields": {"vendor": 99, "piid": "GS00Q14OADS515", "pool": "5A_SB"}}, {"model": "vendor.poolpiid", "pk": 142, "fields": {"vendor": 111, "piid": "GS00Q14OADS516", "pool": "5A_SB"}}, {"model": "vendor.poolpiid", "pk": 143, "fields": {"vendor": 101, "piid": "GS00Q14OADS517", "pool": "5A_SB"}}, {"model": "vendor.poolpiid", "pk": 144, "fields": {"vendor": 102, "piid": "GS00Q14OADS518", "pool": "5A_SB"}}, {"model": "vendor.poolpiid", "pk": 145, "fields": {"vendor": 104, "piid": "GS00Q14OADS519", "pool": "5A_SB"}}, {"model": "vendor.poolpiid", "pk": 146, "fields": {"vendor": 112, "piid": "GS00Q14OADS520", "pool": "5A_SB"}}, {"model": "vendor.poolpiid", "pk": 147, "fields": {"vendor": 105, "piid": "GS00Q14OADS521", "pool": "5A_SB"}}, {"model": "vendor.poolpiid", "pk": 148, "fields": {"vendor": 106, "piid": "GS00Q14OADS522", "pool": "5A_SB"}}, {"model": "vendor.poolpiid", "pk": 149, "fields": {"vendor": 113, "piid": "GS00Q14OADS601", "pool": "5B_SB"}}, {"model": "vendor.poolpiid", "pk": 150, "fields": {"vendor": 78, "piid": "GS00Q14OADS603", "pool": "5B_SB"}}, {"model": "vendor.poolpiid", "pk": 151, "fields": {"vendor": 107, "piid": "GS00Q14OADS604", "pool": "5B_SB"}}, {"model": "vendor.poolpiid", "pk": 152, "fields": {"vendor": 87, "piid": "GS00Q14OADS605", "pool": "5B_SB"}}, {"model": "vendor.poolpiid", "pk": 153, "fields": {"vendor": 108, "piid": "GS00Q14OADS606", "pool": "5B_SB"}}, {"model": "vendor.poolpiid", "pk": 154, "fields": {"vendor": 90, "piid": "GS00Q14OADS607", "pool": "5B_SB"}}, {"model": "vendor.poolpiid", "pk": 155, "fields": {"vendor": 109, "piid": "GS00Q14OADS608", "pool": "5B_SB"}}, {"model": "vendor.poolpiid", "pk": 156, "fields": {"vendor": 94, "piid": "GS00Q14OADS609", "pool": "5B_SB"}}, {"model": "vendor.poolpiid", "pk": 157, "fields": {"vendor": 110, "piid": "GS00Q14OADS610", "pool": "5B_SB"}}, {"model": "vendor.poolpiid", "pk": 158, "fields": {"vendor": 96, "piid": "GS00Q14OADS611", "pool": "5B_SB"}}, {"model": "vendor.poolpiid", "pk": 159, "fields": {"vendor": 97, "piid": "GS00Q14OADS612", "pool": "5B_SB"}}, {"model": "vendor.poolpiid", "pk": 160, "fields": {"vendor": 34, "piid": "GS00Q14OADS613", "pool": "5B_SB"}}, {"model": "vendor.poolpiid", "pk": 161, "fields": {"vendor": 99, "piid": "GS00Q14OADS614", "pool": "5B_SB"}}, {"model": "vendor.poolpiid", "pk": 162, "fields": {"vendor": 114, "piid": "GS00Q14OADS615", "pool": "5B_SB"}}, {"model": "vendor.poolpiid", "pk": 163, "fields": {"vendor": 111, "piid": "GS00Q14OADS616", "pool": "5B_SB"}}, {"model": "vendor.poolpiid", "pk": 164, "fields": {"vendor": 101, "piid": "GS00Q14OADS617", "pool": "5B_SB"}}, {"model": "vendor.poolpiid", "pk": 165, "fields": {"vendor": 102, "piid": "GS00Q14OADS618", "pool": "5B_SB"}}, {"model": "vendor.poolpiid", "pk": 166, "fields": {"vendor": 112, "piid": "GS00Q14OADS619", "pool": "5B_SB"}}, {"model": "vendor.poolpiid", "pk": 167, "fields": {"vendor": 74, "piid": "GS00Q14OADS620", "pool": "5B_SB"}}, {"model": "vendor.poolpiid", "pk": 168, "fields": {"vendor": 105, "piid": "GS00Q14OADS621", "pool": "5B_SB"}}, {"model": "vendor.poolpiid", "pk": 169, "fields": {"vendor": 106, "piid": "GS00Q14OADS622", "pool": "5B_SB"}}, {"model": "vendor.poolpiid", "pk": 170, "fields": {"vendor": 115, "piid": "GS00Q14OADS623", "pool": "5B_SB"}}, {"model": "vendor.poolpiid", "pk": 171, "fields": {"vendor": 74, "piid": "GS00Q14OADS736", "pool": "6_SB"}}, {"model": "vendor.poolpiid", "pk": 172, "fields": {"vendor": 113, "piid": "GS00Q14OADS701", "pool": "6_SB"}}, {"model": "vendor.poolpiid", "pk": 173, "fields": {"vendor": 116, "piid": "GS00Q14OADS702", "pool": "6_SB"}}, {"model": "vendor.poolpiid", "pk": 174, "fields": {"vendor": 50, "piid": "GS00Q14OADS703", "pool": "6_SB"}}, {"model": "vendor.poolpiid", "pk": 175, "fields": {"vendor": 78, "piid": "GS00Q14OADS704", "pool": "6_SB"}}, {"model": "vendor.poolpiid", "pk": 176, "fields": {"vendor": 107, "piid": "GS00Q14OADS705", "pool": "6_SB"}}, {"model": "vendor.poolpiid", "pk": 177, "fields": {"vendor": 117, "piid": "GS00Q14OADS706", "pool": "6_SB"}}, {"model": "vendor.poolpiid", "pk": 178, "fields": {"vendor": 79, "piid": "GS00Q14OADS707", "pool": "6_SB"}}, {"model": "vendor.poolpiid", "pk": 179, "fields": {"vendor": 118, "piid": "GS00Q14OADS708", "pool": "6_SB"}}, {"model": "vendor.poolpiid", "pk": 180, "fields": {"vendor": 80, "piid": "GS00Q14OADS709", "pool": "6_SB"}}, {"model": "vendor.poolpiid", "pk": 181, "fields": {"vendor": 119, "piid": "GS00Q14OADS710", "pool": "6_SB"}}, {"model": "vendor.poolpiid", "pk": 182, "fields": {"vendor": 120, "piid": "GS00Q14OADS741", "pool": "6_SB"}}, {"model": "vendor.poolpiid", "pk": 183, "fields": {"vendor": 85, "piid": "GS00Q14OADS711", "pool": "6_SB"}}, {"model": "vendor.poolpiid", "pk": 184, "fields": {"vendor": 87, "piid": "GS00Q14OADS712", "pool": "6_SB"}}, {"model": "vendor.poolpiid", "pk": 185, "fields": {"vendor": 121, "piid": "GS00Q14OADS713", "pool": "6_SB"}}, {"model": "vendor.poolpiid", "pk": 186, "fields": {"vendor": 122, "piid": "GS00Q14OADS714", "pool": "6_SB"}}, {"model": "vendor.poolpiid", "pk": 187, "fields": {"vendor": 89, "piid": "GS00Q14OADS715", "pool": "6_SB"}}, {"model": "vendor.poolpiid", "pk": 188, "fields": {"vendor": 108, "piid": "GS00Q14OADS716", "pool": "6_SB"}}, {"model": "vendor.poolpiid", "pk": 189, "fields": {"vendor": 90, "piid": "GS00Q14OADS717", "pool": "6_SB"}}, {"model": "vendor.poolpiid", "pk": 190, "fields": {"vendor": 109, "piid": "GS00Q14OADS718", "pool": "6_SB"}}, {"model": "vendor.poolpiid", "pk": 191, "fields": {"vendor": 91, "piid": "GS00Q14OADS719", "pool": "6_SB"}}, {"model": "vendor.poolpiid", "pk": 192, "fields": {"vendor": 94, "piid": "GS00Q14OADS720", "pool": "6_SB"}}, {"model": "vendor.poolpiid", "pk": 193, "fields": {"vendor": 110, "piid": "GS00Q14OADS721", "pool": "6_SB"}}, {"model": "vendor.poolpiid", "pk": 194, "fields": {"vendor": 95, "piid": "GS00Q14OADS722", "pool": "6_SB"}}, {"model": "vendor.poolpiid", "pk": 195, "fields": {"vendor": 96, "piid": "GS00Q14OADS723", "pool": "6_SB"}}, {"model": "vendor.poolpiid", "pk": 196, "fields": {"vendor": 97, "piid": "GS00Q14OADS724", "pool": "6_SB"}}, {"model": "vendor.poolpiid", "pk": 197, "fields": {"vendor": 63, "piid": "GS00Q14OADS725", "pool": "6_SB"}}, {"model": "vendor.poolpiid", "pk": 198, "fields": {"vendor": 34, "piid": "GS00Q14OADS726", "pool": "6_SB"}}, {"model": "vendor.poolpiid", "pk": 199, "fields": {"vendor": 99, "piid": "GS00Q14OADS727", "pool": "6_SB"}}, {"model": "vendor.poolpiid", "pk": 200, "fields": {"vendor": 123, "piid": "GS00Q14OADS728", "pool": "6_SB"}}, {"model": "vendor.poolpiid", "pk": 201, "fields": {"vendor": 111, "piid": "GS00Q14OADS729", "pool": "6_SB"}}, {"model": "vendor.poolpiid", "pk": 202, "fields": {"vendor": 101, "piid": "GS00Q14OADS730", "pool": "6_SB"}}, {"model": "vendor.poolpiid", "pk": 203, "fields": {"vendor": 102, "piid": "GS00Q14OADS731", "pool": "6_SB"}}, {"model": "vendor.poolpiid", "pk": 204, "fields": {"vendor": 68, "piid": "GS00Q14OADS732", "pool": "6_SB"}}, {"model": "vendor.poolpiid", "pk": 205, "fields": {"vendor": 69, "piid": "GS00Q14OADS733", "pool": "6_SB"}}, {"model": "vendor.poolpiid", "pk": 206, "fields": {"vendor": 104, "piid": "GS00Q14OADS734", "pool": "6_SB"}}, {"model": "vendor.poolpiid", "pk": 207, "fields": {"vendor": 112, "piid": "GS00Q14OADS735", "pool": "6_SB"}}, {"model": "vendor.poolpiid", "pk": 208, "fields": {"vendor": 105, "piid": "GS00Q14OADS737", "pool": "6_SB"}}, {"model": "vendor.poolpiid", "pk": 209, "fields": {"vendor": 106, "piid": "GS00Q14OADS738", "pool": "6_SB"}}, {"model": "vendor.poolpiid", "pk": 210, "fields": {"vendor": 124, "piid": "GS00Q14OADS739", "pool": "6_SB"}}, {"model": "vendor.poolpiid", "pk": 211, "fields": {"vendor": 125, "piid": "GS00Q14OADS740", "pool": "6_SB"}}, {"model": "vendor.setaside", "pk": 1, "fields": {"description": "Veteran Owned Business", "short_name": "Vet", "code": "A5", "far_order": 5}}, {"model": "vendor.setaside", "pk": 2, "fields": {"description": "Service Disabled Veteran Owned Business", "short_name": "Disabled Vet Owned", "code": "QF", "far_order": 3}}, {"model": "vendor.setaside", "pk": 3, "fields": {"description": "Woman Owned Business", "short_name": "Woman Owned", "code": "A2", "far_order": 4}}, {"model": "vendor.setaside", "pk": 15, "fields": {"description": "Self Certified Small Disadvantaged Business", "short_name": "Small Disadvantaged Business", "code": "27", "far_order": 6}}, {"model": "vendor.setaside", "pk": 16, "fields": {"description": "SBA Certified 8A Program Participant ", "short_name": "8A", "code": "A6", "far_order": 1}}, {"model": "vendor.setaside", "pk": 18, "fields": {"description": "SBA Certified Hub Zone Firm", "short_name": "HUBZone", "code": "XX", "far_order": 2}}, {"model": "vendor.naics", "pk": 1, "fields": {"description": "Engineering Services", "short_code": "541330", "code": "541330"}}, {"model": "vendor.naics", "pk": 2, "fields": {"description": "Geophysical Surveying and Mapping Services", "short_code": "541360", "code": "541360"}}, {"model": "vendor.naics", "pk": 3, "fields": {"description": "Surveying and Mapping (except Geophysical) Services", "short_code": "541370", "code": "541370"}}, {"model": "vendor.naics", "pk": 4, "fields": {"description": "Testing Laboratories", "short_code": "541380", "code": "541380"}}, {"model": "vendor.naics", "pk": 5, "fields": {"description": "Administrative Management and General Management Consulting Services", "short_code": "541611", "code": "541611"}}, {"model": "vendor.naics", "pk": 6, "fields": {"description": "Human Resources Consulting Services", "short_code": "541612", "code": "541612"}}, {"model": "vendor.naics", "pk": 7, "fields": {"description": "Marketing Consulting Services", "short_code": "541613", "code": "541613"}}, {"model": "vendor.naics", "pk": 8, "fields": {"description": "Process, Physical Distribution, and Logistics Consulting Services", "short_code": "541614", "code": "541614"}}, {"model": "vendor.naics", "pk": 9, "fields": {"description": "Other Management Consulting Services", "short_code": "541618", "code": "541618"}}, {"model": "vendor.naics", "pk": 10, "fields": {"description": "Environmental Consulting Services", "short_code": "541620", "code": "541620"}}, {"model": "vendor.naics", "pk": 11, "fields": {"description": "Other Scientific and Technical Consulting Services", "short_code": "541690", "code": "541690"}}, {"model": "vendor.naics", "pk": 12, "fields": {"description": "Advertising Agencies", "short_code": "541810", "code": "541810"}}, {"model": "vendor.naics", "pk": 13, "fields": {"description": "Public Relations Agencies", "short_code": "541820", "code": "541820"}}, {"model": "vendor.naics", "pk": 14, "fields": {"description": "Media Buying Agencies", "short_code": "541830", "code": "541830"}}, {"model": "vendor.naics", "pk": 15, "fields": {"description": "Media Representatives", "short_code": "541840", "code": "541840"}}, {"model": "vendor.naics", "pk": 16, "fields": {"description": "Outdoor Advertising", "short_code": "541850", "code": "541850"}}, {"model": "vendor.naics", "pk": 17, "fields": {"description": "Direct Mail Advertising", "short_code": "541860", "code": "541860"}}, {"model": "vendor.naics", "pk": 18, "fields": {"description": "Advertising Material Distribution Services", "short_code": "541870", "code": "541870"}}, {"model": "vendor.naics", "pk": 19, "fields": {"description": "Other Services Related to Advertising", "short_code": "541890", "code": "541890"}}, {"model": "vendor.naics", "pk": 20, "fields": {"description": "Marketing Research and Public Opinion Polling", "short_code": "541910", "code": "541910"}}, {"model": "vendor.naics", "pk": 21, "fields": {"description": "All Other Professional, Scientific, and Technical Services", "short_code": "541990", "code": "541990"}}, {"model": "vendor.naics", "pk": 22, "fields": {"description": "Offices of Certified Public Accountants", "short_code": "541211", "code": "541211"}}, {"model": "vendor.naics", "pk": 23, "fields": {"description": "Tax Preparation Services", "short_code": "541213", "code": "541213"}}, {"model": "vendor.naics", "pk": 24, "fields": {"description": "Payroll Services", "short_code": "541214", "code": "541214"}}, {"model": "vendor.naics", "pk": 25, "fields": {"description": "Other Accounting Services", "short_code": "541219", "code": "541219"}}, {"model": "vendor.naics", "pk": 26, "fields": {"description": "Research and Development in the Social Sciences and Humanities", "short_code": "541720", "code": "541720"}}, {"model": "vendor.naics", "pk": 27, "fields": {"description": "Engineering for Military and Aerospace Equipment and Military Weapons", "short_code": "541330A", "code": "541330"}}, {"model": "vendor.naics", "pk": 28, "fields": {"description": "Engineering for Contracts and Subcontracts for Engineering Services Awarded Under the National Energy Policy Act of 1992", "short_code": "541330B", "code": "541330"}}, {"model": "vendor.naics", "pk": 29, "fields": {"description": "Engineering for Marine Engineering and Naval Architecture", "short_code": "541330C", "code": "541330"}}, {"model": "vendor.naics", "pk": 30, "fields": {"description": "Research and Development in Biotechnology\r\n", "short_code": "541711", "code": "541711"}}, {"model": "vendor.naics", "pk": 31, "fields": {"description": "Research and Development in the Physical, Engineering, and Life Sciences (except Biotechnology)", "short_code": "541712", "code": "541712"}}, {"model": "vendor.naics", "pk": 32, "fields": {"description": "Research and Development in Aircraft Parts, and Auxiliary Equipment, and Aircraft Engine Parts", "short_code": "541712B", "code": "541712"}}, {"model": "vendor.naics", "pk": 33, "fields": {"description": "Research and Development in Space Vehicles and Guided Missiles, their Propulsion Units, and their Auxiliary Equipment Parts", "short_code": "541712C", "code": "541712"}}, {"model": "vendor.naics", "pk": 34, "fields": {"description": "Research and Development in Aircraft", "short_code": "541712A", "code": "541712"}}, {"model": "vendor.samload", "pk": 10, "fields": {"sam_load": "2014-09-22"}}]