[{"model": "vendor.vendor", "fields": {"sam_address": "1105 WOODED ACRES STE 500", "pm_phone": "703-418-0636", "annual_revenue": "5400000", "pm_name": "Jeff Earley", "number_of_employees": 55, "pm_email": "jearley@act-i.com", "setasides": [], "duns_4": "0080502420000", "cm_phone": "254-776-9511", "sam_expiration_date": "2015-08-14T08:22:34Z", "cage": "1C2H1", "sam_status": "ACTIVE", "cm_name": "William Ward", "sam_activation_date": "2014-08-14T08:30:06Z", "sam_url": "http://www.act-i.com", "cm_email": "wward@act-i.com", "sam_exclusion": false, "sam_citystate": "WACO, TX 76710", "duns": "008050242", "name": "Advanced Concepts and Technologies International, LLC"}, "pk": 1}, {"model": "vendor.vendor", "fields": {"sam_address": "8229 BOONE BLVD STE 520", "pm_phone": "240-538-8357", "annual_revenue": "6000000", "pm_name": "Gary Bell", "number_of_employees": 95, "pm_email": "Gary.bell@adstm.com", "setasides": [4, 5], "duns_4": "0491926490000", "cm_phone": "703-821-0678", "sam_expiration_date": "2015-02-24T16:14:08Z", "cage": "1NU65", "sam_status": "ACTIVE", "cm_name": "Jen Kim", "sam_activation_date": "2014-02-24T16:30:19Z", "sam_url": "http://www.astminc.com", "cm_email": "Jen.kim@adstm.com", "sam_exclusion": false, "sam_citystate": "VIENNA, VA 22182", "duns": "049192649", "name": "Advanced Systems Technology and Management, Inc."}, "pk": 2}, {"model": "vendor.vendor", "fields": {"sam_address": null, "pm_phone": "703-373-1163", "annual_revenue": "10318853", "pm_name": "Steven Frazier", "number_of_employees": 88, "pm_email": "sfrazier@amyx.com", "setasides": [], "duns_4": "1367948020000", "cm_phone": "703-373-1436", "sam_expiration_date": null, "cage": null, "sam_status": null, "cm_name": "Kristopher McKinley", "sam_activation_date": null, "sam_url": null, "cm_email": "kmckinley@amyx.com", "sam_exclusion": null, "sam_citystate": null, "duns": "136794802", "name": "AMYX, Inc."}, "pk": 3}, {"model": "vendor.vendor", "fields": {"sam_address": "1934 Old Gallows Rd Ste 502", "pm_phone": "571-248-7747", "annual_revenue": "300000", "pm_name": "Scott Conrad", "number_of_employees": 5, "pm_email": "scott.conrad@analyticstrategies.com", "setasides": [1, 2], "duns_4": "6238760960000", "cm_phone": "571-248-7744", "sam_expiration_date": "2014-11-15T18:01:03Z", "cage": "4DZW4", "sam_status": "ACTIVE", "cm_name": "David Rattay", "sam_activation_date": "2013-11-15T18:15:05Z", "sam_url": "HTTP://WWW.ANALYTICSTRATEGIES.COM", "cm_email": "david.rattay@analyticstrategies.com", "sam_exclusion": false, "sam_citystate": "VIENNA, VA 22182", "duns": "623876096", "name": "Analytic Strategies"}, "pk": 4}, {"model": "vendor.vendor", "fields": {"sam_address": "235 East Main Street, Suite 107 ", "pm_phone": "925-790-0130 x 30", "annual_revenue": "0", "pm_name": "Kabir Dargan", "number_of_employees": 0, "pm_email": "kabir.dargan@barainfo.com", "setasides": [], "duns_4": "1177552930000", "cm_phone": "925-790-0130 x 30", "sam_expiration_date": "2015-06-03T14:25:53Z", "cage": "3A3Q8", "sam_status": "ACTIVE", "cm_name": "Kabir Dargan", "sam_activation_date": "2014-06-03T14:47:05Z", "sam_url": "http://www.bbande.com", "cm_email": "kabir.dargan@barainfo.com", "sam_exclusion": false, "sam_citystate": "Northville, MI 48167", "duns": "117755293", "name": "BB&E"}, "pk": 5}, {"model": "vendor.vendor", "fields": {"sam_address": "2678 BISHOP DR STE 116", "pm_phone": "248-489-9636 x 303", "annual_revenue": "3000000", "pm_name": "Aaron Etnyre", "number_of_employees": 2, "pm_email": "aetnyre@bbande.com", "setasides": [4, 6, 11], "duns_4": "1299881480000", "cm_phone": "248-489-9636 x 301", "sam_expiration_date": "2015-08-28T19:45:03Z", "cage": "30KF8", "sam_status": "ACTIVE", "cm_name": "Doug Barber", "sam_activation_date": "2014-08-28T20:00:19Z", "sam_url": "http://www.barainfo.com", "cm_email": "dbarber@bbande.com", "sam_exclusion": false, "sam_citystate": "SAN RAMON, CA 94583", "duns": "129988148", "name": "Bara Infoware"}, "pk": 6}, {"model": "vendor.vendor", "fields": {"sam_address": "4901 CORPORATE DR NW STE B", "pm_phone": "256-882-6229 x 102", "annual_revenue": "0", "pm_name": "Andy Bevilacqua", "number_of_employees": 50, "pm_email": "andyb@brc2.com", "setasides": [1, 2, 18], "duns_4": "8068493030000", "cm_phone": "256-882-6229 x 111", "sam_expiration_date": "2015-07-24T16:19:50Z", "cage": "0U9B6", "sam_status": "ACTIVE", "cm_name": "Steve Cook", "sam_activation_date": "2014-07-24T18:15:20Z", "sam_url": "http://www.brc2.com", "cm_email": "stevec@brc2.com", "sam_exclusion": false, "sam_citystate": "HUNTSVILLE, AL 35805", "duns": "806849303", "name": "Bevilacqua Research Corp"}, "pk": 7}, {"model": "vendor.vendor", "fields": {"sam_address": "14420 Albemarle Pointe Pl Ste 200 ", "pm_phone": "703-621-7467", "annual_revenue": "24192008", "pm_name": "Erich Mendez", "number_of_employees": 60, "pm_email": "emendez@bwfed.com", "setasides": [3, 10], "duns_4": "8324039480000", "cm_phone": "703-621-7470", "sam_expiration_date": "2015-06-27T13:38:09Z", "cage": "5T6A9", "sam_status": "ACTIVE", "cm_name": "Alfred Turner", "sam_activation_date": "2014-07-01T12:01:10Z", "sam_url": "http://www.bluewaterfederal.com", "cm_email": "aturner@bwfed.com", "sam_exclusion": false, "sam_citystate": "Chantilly, VA 20151", "duns": "832403948", "name": "Bluewater Federal Solutions"}, "pk": 8}, {"model": "vendor.vendor", "fields": {"sam_address": "777 W Cherokee St ", "pm_phone": "970-488-1057", "annual_revenue": "6797801", "pm_name": "Keith Rounsaville", "number_of_employees": 84, "pm_email": "keith.rounsaville@cnt-fc.com", "setasides": [4, 9, 11, 16], "duns_4": "8318917880000", "cm_phone": "918-430-3409", "sam_expiration_date": "2015-07-31T14:45:00Z", "cage": "5QJT3", "sam_status": "ACTIVE", "cm_name": "Janice K. Dearman", "sam_activation_date": "2014-07-31T15:25:02Z", "sam_url": null, "cm_email": "janice.dearman@cn-bus.com", "sam_exclusion": false, "sam_citystate": "Catoosa, OK 74015", "duns": "831891788", "name": "Cherokee Nation Technologies"}, "pk": 9}, {"model": "vendor.vendor", "fields": {"sam_address": "2275 RESEARCH BLVD., STE 100", "pm_phone": "301-309-0040 x 230", "annual_revenue": "2600000", "pm_name": "Phil Sahady", "number_of_employees": 37, "pm_email": "psahady@chevoconsulting.com", "setasides": [3, 10], "duns_4": "1272224660000", "cm_phone": "301-309-0040 x229", "sam_expiration_date": "2015-04-15T10:42:15Z", "cage": "3DFS9", "sam_status": "ACTIVE", "cm_name": "Zaina Sahady", "sam_activation_date": "2014-04-15T11:01:17Z", "sam_url": "http://www.chevoconsulting.com", "cm_email": "zsahady@chevoconsulting.com", "sam_exclusion": false, "sam_citystate": "ROCKVILLE, MD 20850", "duns": "127222466", "name": "Chevo Consulting"}, "pk": 10}, {"model": "vendor.vendor", "fields": {"sam_address": "2201 COOPERATIVE WAY STE 600", "pm_phone": "703-819-4158", "annual_revenue": "4000000", "pm_name": "Prashant Gaur", "number_of_employees": 25, "pm_email": "Oasis@credence-llc.com", "setasides": [4, 6, 11, 16], "duns_4": "8058757180000", "cm_phone": "703-819-6876", "sam_expiration_date": "2015-08-14T23:16:51Z", "cage": "4WPK2", "sam_status": "ACTIVE", "cm_name": "Siddharta (Sid) Chowdhary", "sam_activation_date": "2014-08-14T23:30:07Z", "sam_url": "http://www.credence-llc.com", "cm_email": "Oasis@credence-llc.com", "sam_exclusion": false, "sam_citystate": "HERNDON, VA 20171", "duns": "805875718", "name": "Credence Management Solutions"}, "pk": 11}, {"model": "vendor.vendor", "fields": {"sam_address": "1110 Bonifant St Ste 310", "pm_phone": "240-645-0286", "annual_revenue": "5477455", "pm_name": "Rakesh Gopal", "number_of_employees": 52, "pm_email": "rakesh.gopal@dakota-consulting.com", "setasides": [3, 10, 11, 4, 16], "duns_4": "1689262640000", "cm_phone": "240-645-0229", "sam_expiration_date": "2015-07-08T13:39:09Z", "cage": "33EX5", "sam_status": "ACTIVE", "cm_name": "Adam Hurlburt", "sam_activation_date": "2014-07-08T14:01:01Z", "sam_url": "http://www.dakota-consulting.com", "cm_email": "adam.hurlburt@dakota-consulting.com", "sam_exclusion": false, "sam_citystate": "Silver Spring, MD 20910", "duns": "168926264", "name": "Dakota Consulting"}, "pk": 12}, {"model": "vendor.vendor", "fields": {"sam_address": "14425 Penrose Place Ste 110 ", "pm_phone": "703-961-9637", "annual_revenue": "13500000", "pm_name": "Thomas Willert", "number_of_employees": 95, "pm_email": "twillert@eaglerayinc.com", "setasides": [3], "duns_4": "1114713500000", "cm_phone": "703-961-9637", "sam_expiration_date": "2015-08-14T10:44:06Z", "cage": "3FGA6", "sam_status": "ACTIVE", "cm_name": "Cheryl Cartwright", "sam_activation_date": "2014-08-14T18:13:21Z", "sam_url": "http://www.eaglerayinc.com", "cm_email": "ccartwright@eaglerayinc.com", "sam_exclusion": false, "sam_citystate": "Chantilly, VA 20151", "duns": "111471350", "name": "Eagle Ray Inc."}, "pk": 13}, {"model": "vendor.vendor", "fields": {"sam_address": "1875 CAMPUS COMMONS DR STE 210", "pm_phone": "703-288-3382 x 2207", "annual_revenue": "2500000", "pm_name": "John Bowler", "number_of_employees": 45, "pm_email": "john.bowler@ecompex.com", "setasides": [4, 5], "duns_4": "8396650980000", "cm_phone": "703-288-3382 x 2205", "sam_expiration_date": "2015-01-27T08:28:42Z", "cage": "1HND6", "sam_status": "ACTIVE", "cm_name": "Hubin Jiang", "sam_activation_date": "2014-01-27T08:45:12Z", "sam_url": "http://www.ecompex.com", "cm_email": "hubin.jiang@ecompex.com", "sam_exclusion": false, "sam_citystate": "RESTON, VA 20191", "duns": "839665098", "name": "Ecompex"}, "pk": 14}, {"model": "vendor.vendor", "fields": {"sam_address": "201 TRIANA BLVD NW", "pm_phone": "256-533-4773", "annual_revenue": "0", "pm_name": "Michael L. Lindsey", "number_of_employees": 0, "pm_email": "OASISSB@eleit-tech.com", "setasides": [3, 9, 10, 11, 4, 18], "duns_4": "1600623110000", "cm_phone": "256-533-4773", "sam_expiration_date": "2015-08-18T14:37:09Z", "cage": "1DET1", "sam_status": "ACTIVE", "cm_name": "Billie Turmenne", "sam_activation_date": "2014-08-18T14:45:39Z", "sam_url": null, "cm_email": "OASISSB@eleit-tech.com", "sam_exclusion": false, "sam_citystate": "HUNTSVILLE, AL 35805", "duns": "160062311", "name": "Eleit Technology"}, "pk": 15}, {"model": "vendor.vendor", "fields": {"sam_address": "1010 N. GLEBE RD, STE 510", "pm_phone": "571-858-3799", "annual_revenue": "903989", "pm_name": "Ben Garthwaite", "number_of_employees": 9, "pm_email": "bgarthwaite@forsmarshgroup.com", "setasides": [], "duns_4": "1298426670000", "cm_phone": "571-858-3799", "sam_expiration_date": "2015-05-13T14:57:41Z", "cage": "360C2", "sam_status": "ACTIVE", "cm_name": "Ben Garthwaite", "sam_activation_date": "2014-05-13T15:18:01Z", "sam_url": "http://www.forsmarshgroup.com", "cm_email": "bgarthwaite@forsmarshgroup.com", "sam_exclusion": false, "sam_citystate": "ARLINGTON, VA 22201", "duns": "129842667", "name": "Fors Marsh Group"}, "pk": 16}, {"model": "vendor.vendor", "fields": {"sam_address": "200 WHEELER RD STE 4", "pm_phone": "781-203-0100 x 120", "annual_revenue": "0", "pm_name": "David DeNofrio", "number_of_employees": 0, "pm_email": "OASIS@gemini-ind.com", "setasides": [3, 4, 5], "duns_4": "1975032120000", "cm_phone": "781-203-0100 x 104", "sam_expiration_date": "2015-01-23T19:19:34Z", "cage": "0BAX9", "sam_status": "ACTIVE", "cm_name": "Sal Malgari", "sam_activation_date": "2014-01-23T19:30:16Z", "sam_url": "http://www.gemini-ind.com", "cm_email": "OASIS@gemini-ind.com", "sam_exclusion": false, "sam_citystate": "BURLINGTON, MA 01803", "duns": "197503212", "name": "Gemini Industries"}, "pk": 17}, {"model": "vendor.vendor", "fields": {"sam_address": "13873 Park Center Rd Ste 400N", "pm_phone": "703-766-7714", "annual_revenue": "983000", "pm_name": "Paul Kwiatkowski", "number_of_employees": 2, "pm_email": "Paul.Kwiatkowski@Akima.com", "setasides": [9, 11, 16], "duns_4": "7869977390000", "cm_phone": "703-766-6260", "sam_expiration_date": "2015-07-25T11:06:01Z", "cage": "4UYY6", "sam_status": "ACTIVE", "cm_name": "Sanjeev Hirani", "sam_activation_date": "2014-07-25T11:42:00Z", "sam_url": "http://www.ikun.com/", "cm_email": "Sanjeev.Hirani@Akima.com", "sam_exclusion": false, "sam_citystate": "Herndon, VA 20171", "duns": "786997739", "name": "Ikun"}, "pk": 18}, {"model": "vendor.vendor", "fields": {"sam_address": "7930 JONES BRANCH DR STE 800", "pm_phone": "571-765-4721", "annual_revenue": "12921727", "pm_name": "LeRoy Burney", "number_of_employees": 80, "pm_email": "oasis@itllc.com", "setasides": [1, 2, 7, 11, 4, 16], "duns_4": "1980248090000", "cm_phone": "571-765-4722", "sam_expiration_date": "2015-08-01T15:53:57Z", "cage": "39AM6", "sam_status": "ACTIVE", "cm_name": "Corinne Militz", "sam_activation_date": "2014-08-01T16:15:33Z", "sam_url": null, "cm_email": "cmilitz@itllc.com", "sam_exclusion": false, "sam_citystate": "MCLEAN, VA 22102", "duns": "198024809", "name": "Infinity Technology"}, "pk": 19}, {"model": "vendor.vendor", "fields": {"sam_address": "8618 WESTWOOD CENTER DR STE 400 ", "pm_phone": "703-749-0100 x 234", "annual_revenue": "6652696", "pm_name": "Ajay S. Kalotra", "number_of_employees": 15, "pm_email": "akalotra@ibtci.com", "setasides": [6], "duns_4": "6113905920000", "cm_phone": "703-749-0100 x 244", "sam_expiration_date": "2015-08-04T18:03:49Z", "cage": "1UFC6", "sam_status": "ACTIVE", "cm_name": "Erfan Kabir", "sam_activation_date": "2014-08-04T18:37:02Z", "sam_url": "http://www.ibtci.com", "cm_email": "ErfanK@ibtci.com", "sam_exclusion": false, "sam_citystate": "VIENNA, VA 22182", "duns": "611390592", "name": "International Business and Technical Consutants"}, "pk": 20}, {"model": "vendor.vendor", "fields": {"sam_address": "111 CYBERNETICS WAY STE 112", "pm_phone": "757-246-6781", "annual_revenue": "400000", "pm_name": "Fred Roitz", "number_of_employees": 10, "pm_email": "froitz@ita-intl.com", "setasides": [1, 2, 11, 8, 4, 16], "duns_4": "7995823790000", "cm_phone": "757-246-6781", "sam_expiration_date": "2015-05-09T12:18:33Z", "cage": "1TC80", "sam_status": "ACTIVE", "cm_name": "Michael Carlson", "sam_activation_date": "2014-05-09T12:31:13Z", "sam_url": null, "cm_email": "mcarlson@ita-intl.com", "sam_exclusion": false, "sam_citystate": "YORKTOWN, VA 23693", "duns": "799582379", "name": "ITA International"}, "pk": 21}, {"model": "vendor.vendor", "fields": {"sam_address": "2327 S HARDY DR ", "pm_phone": "480-538-2668", "annual_revenue": "5950000", "pm_name": "Kevin Terrell", "number_of_employees": 125, "pm_email": "kterrell@ktc-ops.com", "setasides": [1, 7, 2, 4], "duns_4": "0890728260000", "cm_phone": "480-538-2668", "sam_expiration_date": "2015-08-05T17:26:43Z", "cage": "1X2F2", "sam_status": "ACTIVE", "cm_name": "Kevin Terrell", "sam_activation_date": "2014-08-21T11:25:01Z", "sam_url": "http://www.ktc-ops.com", "cm_email": "kterrell@ktc-ops.com", "sam_exclusion": false, "sam_citystate": "TEMPE, AZ 85282", "duns": "089072826", "name": "KT Consulting"}, "pk": 22}, {"model": "vendor.vendor", "fields": {"sam_address": "6121 LINCOLNIA RD STE 400", "pm_phone": "703-642-2380", "annual_revenue": "1000000", "pm_name": "William A Davis", "number_of_employees": 20, "pm_email": "wdavis@lochharbour.com", "setasides": [1, 2], "duns_4": "0097571880000", "cm_phone": "703-642-2380", "sam_expiration_date": "2015-07-09T13:05:18Z", "cage": "07QZ5", "sam_status": "ACTIVE", "cm_name": "Haydn Hislop", "sam_activation_date": "2014-07-09T13:15:17Z", "sam_url": "http://www.lochharbour.com/", "cm_email": "hhislop@lochharbour.com", "sam_exclusion": false, "sam_citystate": "ALEXANDRIA, VA 22312", "duns": "009757188", "name": "Loch Harbor Group"}, "pk": 23}, {"model": "vendor.vendor", "fields": {"sam_address": "2202 AWARD WINNING WAY STE 201", "pm_phone": "703-850-2033", "annual_revenue": "0", "pm_name": "Shelley Bond", "number_of_employees": 0, "pm_email": "shelleyb@msiuniversal.com", "setasides": [3, 11, 16], "duns_4": "1236869120000", "cm_phone": "301-728-2988", "sam_expiration_date": "2015-08-14T11:00:44Z", "cage": "3CNF4", "sam_status": "ACTIVE", "cm_name": "Monika Deja", "sam_activation_date": "2014-08-14T18:13:19Z", "sam_url": "http://www.managementsolutionsllc.com", "cm_email": "monikad@msiuniversal.com", "sam_exclusion": false, "sam_citystate": "KNOXVILLE, TN 37932", "duns": "123686912", "name": "Management Solutions, Inc. (MSI Universal)"}, "pk": 24}, {"model": "vendor.vendor", "fields": {"sam_address": "100 State St Ste 103 ", "pm_phone": "814-454-4000", "annual_revenue": "4900000", "pm_name": "Daniel L. Shumate", "number_of_employees": 52, "pm_email": "OASIS@mcmanis-monsalve.com", "setasides": [1, 4, 8, 18], "duns_4": "0726374570000", "cm_phone": "814-454-4000", "sam_expiration_date": "2014-12-23T16:25:17Z", "cage": "1VUT1", "sam_status": "ACTIVE", "cm_name": "Bill Carney", "sam_activation_date": "2013-12-23T16:45:04Z", "sam_url": "http://www.mcmanis-monsalve.com", "cm_email": "OASIS@mcmanis-monsalve.com", "sam_exclusion": false, "sam_citystate": "Erie, PA 16507", "duns": "072637457", "name": "McManis and Monsalve"}, "pk": 25}, {"model": "vendor.vendor", "fields": {"sam_address": "2785 Hartland Rd ", "pm_phone": "703-538-0807 x 107", "annual_revenue": "4000000", "pm_name": "Ray Clift", "number_of_employees": 40, "pm_email": "rclift@msag.net", "setasides": [1, 2], "duns_4": "6087409570000", "cm_phone": "617-680-2368", "sam_expiration_date": "2015-04-07T14:08:41Z", "cage": "1JDJ9", "sam_status": "ACTIVE", "cm_name": "Dave Scali", "sam_activation_date": "2014-04-16T17:37:52Z", "sam_url": "http://www.msag.net", "cm_email": "dscali@msag.net", "sam_exclusion": false, "sam_citystate": "FALLS CHURCH, VA 22043", "duns": "608740957", "name": "Microsystems Automation Group"}, "pk": 26}, {"model": "vendor.vendor", "fields": {"sam_address": "1215 South Clark Street, Suite 400 ", "pm_phone": "571-331-1355", "annual_revenue": "4500000", "pm_name": "Sandesh Sharda", "number_of_employees": 40, "pm_email": "ssharda@miraclesystems.net", "setasides": [4, 6, 11, 16], "duns_4": "1332393970000", "cm_phone": "571-331-1355", "sam_expiration_date": "2015-08-08T08:58:41Z", "cage": "8ASY4", "sam_status": "ACTIVE", "cm_name": "Sandesh Sharda", "sam_activation_date": "2014-08-08T09:15:08Z", "sam_url": "http://www.miraclesystems.net", "cm_email": "ssharda@miraclesystems.net", "sam_exclusion": false, "sam_citystate": "ARLINGTON, VA 22202", "duns": "133239397", "name": "Miracle Systems, LLC"}, "pk": 27}, {"model": "vendor.vendor", "fields": {"sam_address": "8161 MAPLE LAWN BLVD STE 430", "pm_phone": "301-725-0925 x 701", "annual_revenue": "5750000", "pm_name": "Michael T. Grier", "number_of_employees": 80, "pm_email": "mgrier@mosaicsgroup.com", "setasides": [1, 7, 11, 4, 16], "duns_4": "1829350020000", "cm_phone": "301-725-0925 x 747", "sam_expiration_date": "2015-06-20T07:28:06Z", "cage": "357X1", "sam_status": "ACTIVE", "cm_name": "Krystal L. Brown", "sam_activation_date": "2014-06-20T07:45:24Z", "sam_url": "http://www.mosaicsgroup.com", "cm_email": "contracts@mosaicsgroup.com", "sam_exclusion": false, "sam_citystate": "FULTON, MD 20759", "duns": "182935002", "name": "MOSAIC Technologies Group"}, "pk": 28}, {"model": "vendor.vendor", "fields": {"sam_address": "1984 Issac Newton Sq W Ste 306A", "pm_phone": "703-435-2260", "annual_revenue": "5351889", "pm_name": "Manesh Gupta", "number_of_employees": 30, "pm_email": "oasis@niksoft.com", "setasides": [4, 6, 11, 16], "duns_4": "0712150370000", "cm_phone": "703-435-2260 x 203", "sam_expiration_date": "2015-06-30T10:12:38Z", "cage": "3RYX3", "sam_status": "ACTIVE", "cm_name": "Jon Cassady", "sam_activation_date": "2014-06-30T11:15:51Z", "sam_url": "http://www.niksoft.com", "cm_email": "oasis@niksoft.com", "sam_exclusion": false, "sam_citystate": "Reston, VA 20190", "duns": "071215037", "name": "NikSoft"}, "pk": 29}, {"model": "vendor.vendor", "fields": {"sam_address": "8300 Boone Blvd Ste 800 ", "pm_phone": "703-638-0841", "annual_revenue": "3200000", "pm_name": "Dan Plourd", "number_of_employees": 42, "pm_email": "DPlourd@obxtek.com", "setasides": [1, 2], "duns_4": "8303416450000", "cm_phone": "571-395-4542", "sam_expiration_date": "2015-05-27T09:56:57Z", "cage": "5FBC3", "sam_status": "ACTIVE", "cm_name": "Jasmine Feeney", "sam_activation_date": "2014-05-27T10:15:53Z", "sam_url": "http://www.obxtek.com", "cm_email": "oasis@obxtek.com", "sam_exclusion": false, "sam_citystate": "Tysons Corner, VA 22182", "duns": "830341645", "name": "Obxtek Inc"}, "pk": 30}, {"model": "vendor.vendor", "fields": {"sam_address": "7315 Wisconsin Ave 800 W ", "pm_phone": "301-470-2683", "annual_revenue": "4066680", "pm_name": "Patricia Palmer", "number_of_employees": 43, "pm_email": "Patsy.palmer@panum.com", "setasides": [3, 6, 12, 10, 11, 4, 16], "duns_4": "0174333480000", "cm_phone": "571-329-7991", "sam_expiration_date": "2015-04-17T10:32:40Z", "cage": "35EU5", "sam_status": "ACTIVE", "cm_name": "Dhavidson Cayanan", "sam_activation_date": "2014-04-21T13:05:34Z", "sam_url": "http://www.panum.com", "cm_email": "dhavid.cayanan@panum.com", "sam_exclusion": false, "sam_citystate": "Bethesda, MD 20814", "duns": "017433348", "name": "Panum Telecom"}, "pk": 31}, {"model": "vendor.vendor", "fields": {"sam_address": "2134 Main St Ste 220 ", "pm_phone": "301-873-4009", "annual_revenue": "7120997", "pm_name": "Diane Mentzer", "number_of_employees": 40, "pm_email": "dmentzer@performexcel.com", "setasides": [3, 12, 10, 11, 8, 4], "duns_4": "0627567590000", "cm_phone": "202-257-4730", "sam_expiration_date": "2015-04-23T15:20:30Z", "cage": "3GCN4", "sam_status": "ACTIVE", "cm_name": "Vic Trunzo", "sam_activation_date": "2014-04-23T15:39:47Z", "sam_url": "www.performexcel.com", "cm_email": "vtrunzo@performexcel.com", "sam_exclusion": false, "sam_citystate": "Huntington Beach, CA 92648", "duns": "062756759", "name": "Performance Excellence Partners"}, "pk": 32}, {"model": "vendor.vendor", "fields": {"sam_address": "214 PRINCE ST ", "pm_phone": "703-623-5166", "annual_revenue": "2185660", "pm_name": "Jeff Sopko", "number_of_employees": 14, "pm_email": "jeffsopko@potomacwave.com", "setasides": [3, 10, 12], "duns_4": "8090191800000", "cm_phone": "703-623-5166", "sam_expiration_date": "2015-02-20T12:46:52Z", "cage": "4YAG9", "sam_status": "ACTIVE", "cm_name": "Jeff Sopko", "sam_activation_date": "2014-02-20T13:00:14Z", "sam_url": null, "cm_email": "jeffsopko@potomacwave.com", "sam_exclusion": false, "sam_citystate": "ALEXANDRIA, VA 22314", "duns": "809019180", "name": "PotomacWave Consulting"}, "pk": 33}, {"model": "vendor.vendor", "fields": {"sam_address": "91 HARTWELL AVE 3RD FL", "pm_phone": "781-457-0308", "annual_revenue": "77528392", "pm_name": "Bob Paradiso", "number_of_employees": 400, "pm_email": "Quantech-C-OASIS@quantechserv.com", "setasides": [], "duns_4": "0576448870000", "cm_phone": "781-457-0330", "sam_expiration_date": "2015-01-31T10:55:29Z", "cage": "1KKR5", "sam_status": "ACTIVE", "cm_name": "Robert H. Materna", "sam_activation_date": "2014-01-31T11:15:06Z", "sam_url": "http://www.quantechserv.com", "cm_email": "Quantech-C-OASIS@quantechserv.com", "sam_exclusion": false, "sam_citystate": "LEXINGTON, MA 02421", "duns": "057644887", "name": "Quantech"}, "pk": 34}, {"model": "vendor.vendor", "fields": {"sam_address": "8221 PRESTON CT", "pm_phone": "301-776-5000", "annual_revenue": "3701740", "pm_name": "James Liang", "number_of_employees": 144, "pm_email": "info@ruchman.com", "setasides": [], "duns_4": "1014569030000", "cm_phone": "301-776-5000", "sam_expiration_date": "2014-10-18T17:43:00Z", "cage": "1JS86", "sam_status": "ACTIVE", "cm_name": "James Liang", "sam_activation_date": "2013-10-18T18:30:03Z", "sam_url": null, "cm_email": "info@ruchman.com", "sam_exclusion": false, "sam_citystate": "JESSUP, MD 20794", "duns": "101456903", "name": "Ruchman and Assoc"}, "pk": 35}, {"model": "vendor.vendor", "fields": {"sam_address": "1430 Oak Ct Ste 304 ", "pm_phone": "937-490-4060", "annual_revenue": "4772269", "pm_name": "Beth Czanik", "number_of_employees": 40, "pm_email": "oasis@sawdeysolutionservices.com", "setasides": [3, 1, 10, 12, 2, 11], "duns_4": "0203450750000", "cm_phone": "937-490-4060", "sam_expiration_date": "2015-01-16T11:36:08Z", "cage": "1TWX6", "sam_status": "ACTIVE", "cm_name": "Connie Sawdey", "sam_activation_date": "2014-01-16T12:00:14Z", "sam_url": "http://www.sawdeysolutionservices.com", "cm_email": "oasis@sawdeysolutionservices.com", "sam_exclusion": false, "sam_citystate": "Beavercreek, OH 45430", "duns": "020345075", "name": "Sawdey Solution Services"}, "pk": 36}, {"model": "vendor.vendor", "fields": {"sam_address": "3152 PRESIDENTIAL DR ", "pm_phone": "937-431-0000", "annual_revenue": "3364109", "pm_name": "Charles A. Colon,  III", "number_of_employees": 43, "pm_email": "Charles.colon@sti-tec.com", "setasides": [4, 7, 11, 16], "duns_4": "0035924120000", "cm_phone": "937-431-0000", "sam_expiration_date": "2015-04-24T10:03:29Z", "cage": "3EMZ0", "sam_status": "ACTIVE", "cm_name": "Charles A. Colon,  III", "sam_activation_date": "2014-04-24T10:15:38Z", "sam_url": "http://www.sti-tec.com", "cm_email": "Charles.colon@sti-tec.com", "sam_exclusion": false, "sam_citystate": "FAIRBORN, OH 45324", "duns": "003592412", "name": "Solutions Through Innovative Technologies Inc (STI)"}, "pk": 37}, {"model": "vendor.vendor", "fields": {"sam_address": "1701 PACIFIC AVE STE #260", "pm_phone": "858-271-4750", "annual_revenue": "10800000", "pm_name": "Mark Cardenas", "number_of_employees": 109, "pm_email": "mcardenas@synecticsolutions.com", "setasides": [3], "duns_4": "0159583250000", "cm_phone": "805-483-4800 x 101", "sam_expiration_date": "2015-05-22T19:58:45Z", "cage": "09WL9", "sam_status": "ACTIVE", "cm_name": "Earnie Leonard", "sam_activation_date": "2014-05-22T20:15:10Z", "sam_url": "http://www.synecsolu.com", "cm_email": "OASISSB@synecticsolutions.com", "sam_exclusion": false, "sam_citystate": "OXNARD, CA 93033", "duns": "015958325", "name": "Synetic Solutions"}, "pk": 38}, {"model": "vendor.vendor", "fields": {"sam_address": "One Research Ct Ste 360 ", "pm_phone": "301-948-4232", "annual_revenue": "7100000", "pm_name": "Lin Sai", "number_of_employees": 110, "pm_email": "Lin.Sai2@sysplus.com", "setasides": [], "duns_4": "6111968900000", "cm_phone": "301-948-4232", "sam_expiration_date": "2015-08-26T11:01:48Z", "cage": "0P8J0", "sam_status": "ACTIVE", "cm_name": "Kevin Zhang", "sam_activation_date": "2014-08-26T11:15:13Z", "sam_url": "http://www.sysplus.com/", "cm_email": "contract@sysplus.com", "sam_exclusion": false, "sam_citystate": "Rockville, MD 20850", "duns": "611196890", "name": "Systems Plus Inc"}, "pk": 39}, {"model": "vendor.vendor", "fields": {"sam_address": "3921 Ampudia St ", "pm_phone": "619-298-0888", "annual_revenue": "750000", "pm_name": "Eric Cross", "number_of_employees": 4, "pm_email": "ecross@t3w.com", "setasides": [3, 10, 12, 11, 16], "duns_4": "6009857380000", "cm_phone": "619-298-0888", "sam_expiration_date": "2015-04-15T01:17:55Z", "cage": "42HP2", "sam_status": "ACTIVE", "cm_name": "Debra West", "sam_activation_date": "2014-04-16T17:00:40Z", "sam_url": "http://www.T3W.com", "cm_email": "dwest@t3w.com", "sam_exclusion": false, "sam_citystate": "SAN DIEGO, CA 92110", "duns": "600985738", "name": "T3W Business Solutions,"}, "pk": 40}, {"model": "vendor.vendor", "fields": {"sam_address": "4900 SEMINARY RD STE 570", "pm_phone": "703-933-7637 x 265", "annual_revenue": "14812719", "pm_name": "Robert (Bob) McCambridge", "number_of_employees": 57, "pm_email": "bmccambridge@addx.corp.com", "setasides": [1, 2], "duns_4": "0398726220000", "cm_phone": "571-451-0300", "sam_expiration_date": "2015-04-15T10:52:39Z", "cage": "1XPA3", "sam_status": "ACTIVE", "cm_name": "Lydia Theunissen", "sam_activation_date": "2014-04-17T07:30:43Z", "sam_url": "http://www.addxcorp.com", "cm_email": "ltheunissen@addxcorp.com", "sam_exclusion": false, "sam_citystate": "ALEXANDRIA, VA 22311", "duns": "039872622", "name": "Addx Corp."}, "pk": 41}, {"model": "vendor.vendor", "fields": {"sam_address": "4245 North Fairfax Dr Ste 800", "pm_phone": "571-482-2510", "annual_revenue": "3800000", "pm_name": "Michael Duffy", "number_of_employees": 38, "pm_email": "mduffy@drtstrategies.com", "setasides": [3, 5, 11, 4, 16], "duns_4": "1424287830000", "cm_phone": "571-482-2502", "sam_expiration_date": "2015-08-27T07:22:26Z", "cage": "3PZT2", "sam_status": "ACTIVE", "cm_name": "Geoffrey McDermott", "sam_activation_date": "2014-08-27T08:12:26Z", "sam_url": "http://www.drtstrategies.com", "cm_email": "gmcdermott@drtstrategies.com", "sam_exclusion": false, "sam_citystate": "Arlington, VA 22203", "duns": "142428783", "name": "DRT Strategies"}, "pk": 42}, {"model": "vendor.vendor", "fields": {"sam_address": "1101 WILSON BLVD STE 1810", "pm_phone": "571-255-6762", "annual_revenue": "1088784", "pm_name": "Derek Davison", "number_of_employees": 20, "pm_email": "davison@ficonsulting.com", "setasides": [], "duns_4": "1261500560000", "cm_phone": "571-255-6771", "sam_expiration_date": "2015-01-08T09:29:45Z", "cage": "4MEL7", "sam_status": "ACTIVE", "cm_name": "Allison Kirsch", "sam_activation_date": "2014-01-08T09:45:14Z", "sam_url": null, "cm_email": "kirsch@ficonsulting.com", "sam_exclusion": false, "sam_citystate": "ARLINGTON, VA 22209", "duns": "126150056", "name": "FI Consulting"}, "pk": 43}, {"model": "vendor.vendor", "fields": {"sam_address": "1629 K ST NW STE 300", "pm_phone": "202-204-2238", "annual_revenue": "265000", "pm_name": "Nazim Hamilton", "number_of_employees": 10, "pm_email": "nazim.hamilton@usfti.com", "setasides": [4, 7, 11, 16], "duns_4": "8254871300000", "cm_phone": "202-204-2238", "sam_expiration_date": "2015-03-06T10:49:35Z", "cage": "52DB6", "sam_status": "ACTIVE", "cm_name": "Nazim Hamilton", "sam_activation_date": "2014-03-06T11:30:02Z", "sam_url": "http://www.usfti.com", "cm_email": "nazim.hamilton@usfti.com", "sam_exclusion": false, "sam_citystate": "WASHINGTON, DC 20006", "duns": "825487130", "name": "Hamilton Enterprises"}, "pk": 44}, {"model": "vendor.vendor", "fields": {"sam_address": "4017 W Martin Luther King Jr Blvd ", "pm_phone": "813-983-7445", "annual_revenue": "24661544", "pm_name": "Billy Hogan", "number_of_employees": 200, "pm_email": "william.hogan@ac4s.com", "setasides": [1, 7, 11, 4], "duns_4": "1184980670000", "cm_phone": "813-983-7463", "sam_expiration_date": "2015-07-17T11:03:32Z", "cage": "3BEH8", "sam_status": "ACTIVE", "cm_name": "Anthony Darveaux", "sam_activation_date": "2014-07-17T11:37:03Z", "sam_url": "http://www.ac4s.com", "cm_email": "Anthony.darveaux@ac4s.com", "sam_exclusion": false, "sam_citystate": "Tampa, FL 33614", "duns": "118498067", "name": "Advanced C4 Solutions, Inc. (AC4S)"}, "pk": 45}, {"model": "vendor.vendor", "fields": {"sam_address": "107 RESEARCH DR", "pm_phone": "757-865-7093 x 306", "annual_revenue": "15000000", "pm_name": "Dr. Jalaiah Unnam", "number_of_employees": 210, "pm_email": "junnam@asm-usa.com", "setasides": [3, 6, 11, 4], "duns_4": "1190690520000", "cm_phone": "757-865-7093 x 311", "sam_expiration_date": "2015-08-07T14:46:36Z", "cage": "3Y798", "sam_status": "ACTIVE", "cm_name": "Dr. G. Balasubramanian", "sam_activation_date": "2014-08-07T15:37:42Z", "sam_url": "HTTP://WWW.ASM-USA.COM", "cm_email": "bala@asm-usa.com", "sam_exclusion": false, "sam_citystate": "HAMPTON, VA 23666", "duns": "119069052", "name": "Analytical Services and Materials Inc."}, "pk": 46}, {"model": "vendor.vendor", "fields": {"sam_address": "4950 Research Dr", "pm_phone": "256-327-3382", "annual_revenue": "22164960", "pm_name": "Clark Kilgore", "number_of_employees": 130, "pm_email": "\u00a0OASIS@apt-research.com", "setasides": [], "duns_4": "7911951670000", "cm_phone": "256-327-4015", "sam_expiration_date": "2015-08-05T17:42:14Z", "cage": "0S289", "sam_status": "ACTIVE", "cm_name": "Rebecca Merrill", "sam_activation_date": "2014-08-05T18:00:15Z", "sam_url": "www.aptresearch.com", "cm_email": "\u00a0contracts@apt-research.com", "sam_exclusion": false, "sam_citystate": "Huntsville, AL 35805", "duns": "791195167", "name": "A-P-T Research Inc"}, "pk": 47}, {"model": "vendor.vendor", "fields": {"sam_address": "2509 WALMER AVE", "pm_phone": "703-867-1364", "annual_revenue": "4350156", "pm_name": "Jim Biskaduros", "number_of_employees": 40, "pm_email": "oasis@act-corp.com", "setasides": [3], "duns_4": "0488707240000", "cm_phone": "757-858-5303 x 204", "sam_expiration_date": "2015-07-11T11:58:16Z", "cage": "1J0V2", "sam_status": "ACTIVE", "cm_name": "Tina Ridgeway", "sam_activation_date": "2014-07-11T12:15:12Z", "sam_url": "http://www.act-corp.com", "cm_email": "tridgeway@act-corp.com", "sam_exclusion": false, "sam_citystate": "NORFOLK, VA 23513", "duns": "048870724", "name": "Atlantic CommTech Corporation"}, "pk": 48}, {"model": "vendor.vendor", "fields": {"sam_address": "5416 A Rivers Ave Ste 105", "pm_phone": "843-725-2285", "annual_revenue": "8266020", "pm_name": "Gary Jaffe", "number_of_employees": 72, "pm_email": "Atlas-contracts@atlas-tech.com", "setasides": [1], "duns_4": "7999808590000", "cm_phone": "843-725-2270", "sam_expiration_date": "2015-04-16T14:20:07Z", "cage": "1B7M7", "sam_status": "ACTIVE", "cm_name": "Richard Hayes", "sam_activation_date": "2014-04-16T14:45:24Z", "sam_url": "https://www.atlas-tech.com", "cm_email": "Atlas-contracts@atlas-tech.com", "sam_exclusion": false, "sam_citystate": "North Charleston, SC 29406", "duns": "799980859", "name": "ATLAS TECHNOLOGIES, INC."}, "pk": 49}, {"model": "vendor.vendor", "fields": {"sam_address": "4905 RESEARCH DR", "pm_phone": "256-327-7152", "annual_revenue": "6000000", "pm_name": "Jeff Blackmon", "number_of_employees": 83, "pm_email": "jeff.blackmon@avioninc.com", "setasides": [], "duns_4": "8048598410000", "cm_phone": "256-327-7133", "sam_expiration_date": "2015-07-16T08:53:27Z", "cage": "1BFU7", "sam_status": "ACTIVE", "cm_name": "Kim Taylor", "sam_activation_date": "2014-07-16T09:00:12Z", "sam_url": "http://www.avionsolutions.com", "cm_email": "kim.taylor@avioninc.com", "sam_exclusion": false, "sam_citystate": "HUNTSVILLE, AL 35805", "duns": "804859841", "name": "Avion"}, "pk": 50}, {"model": "vendor.vendor", "fields": {"sam_address": "30 W Gude Dr Ste 200 ", "pm_phone": "301-424-8025 x 315", "annual_revenue": "23478704", "pm_name": "James Bauer", "number_of_employees": 146, "pm_email": "OASIS-SB@caelum.com", "setasides": [3, 5, 10, 11, 4], "duns_4": "1960043940000", "cm_phone": "301-424-8205 x 311", "sam_expiration_date": "2015-03-11T13:57:39Z", "cage": "0DLL1", "sam_status": "ACTIVE", "cm_name": "Daniel Nielsen", "sam_activation_date": "2014-03-11T14:30:07Z", "sam_url": "http://www.caelum.com", "cm_email": "OASIS-SB@caelum.com", "sam_exclusion": false, "sam_citystate": "Rockville, MD 20850", "duns": "196004394", "name": "Caelum Research Corp"}, "pk": 51}, {"model": "vendor.vendor", "fields": {"sam_address": "112 Chiltern Way ", "pm_phone": "703-582-5074", "annual_revenue": "28028080", "pm_name": "David Hickey", "number_of_employees": 118, "pm_email": "CSA-GSA-OASIS@csaassociates.com", "setasides": [1, 2, 11, 8, 4, 16], "duns_4": "1301968140000", "cm_phone": "717-756-3598", "sam_expiration_date": "2015-04-21T15:05:16Z", "cage": "3ESN1", "sam_status": "ACTIVE", "cm_name": "Kim Knudson", "sam_activation_date": "2014-04-21T15:16:31Z", "sam_url": "http://www.csaassociates.com", "cm_email": "CSA-GSA-OASIS@csaassociates.com", "sam_exclusion": false, "sam_citystate": "Mechanicsburg, PA 17055", "duns": "130196814", "name": "Client Solution Architects (CSA)"}, "pk": 52}, {"model": "vendor.vendor", "fields": {"sam_address": "4640 FORBES BLVD STE 201", "pm_phone": "410-231-6023", "annual_revenue": "1500000", "pm_name": "Christopher (Chris) Stone", "number_of_employees": 11, "pm_email": "chris.stone@cse-corp.com", "setasides": [3, 12, 10, 11, 16], "duns_4": "1020610120000", "cm_phone": "301-459-8880 x 1011", "sam_expiration_date": "2015-01-15T11:31:58Z", "cage": "1XJD6", "sam_status": "ACTIVE", "cm_name": "Christopher Holtery", "sam_activation_date": "2014-01-15T12:00:26Z", "sam_url": "http://www.cse-corp.com", "cm_email": "chris.holtery@cse-corp.com", "sam_exclusion": false, "sam_citystate": "LANHAM, MD 20706", "duns": "102061012", "name": "Constellation Software Engineering Corporation"}, "pk": 53}, {"model": "vendor.vendor", "fields": {"sam_address": "8260 GREENSBORO DR STE 600", "pm_phone": "703 918-4323", "annual_revenue": "33346248", "pm_name": "Robert (Bob) W. Fritz", "number_of_employees": 227, "pm_email": "Bob.Fritz@ddlomni.com", "setasides": [], "duns_4": "0810937750000", "cm_phone": "703 918-4336", "sam_expiration_date": "2014-12-05T13:42:22Z", "cage": "078S2", "sam_status": "ACTIVE", "cm_name": "Theodore (Ted) J. Thanos", "sam_activation_date": "2013-12-05T14:01:45Z", "sam_url": "http://www.ddlomni.com", "cm_email": "Ted.thanos@ddlomni.com", "sam_exclusion": false, "sam_citystate": "MC LEAN, VA 22102", "duns": "081093775", "name": "DDL Omni Engineering"}, "pk": 54}, {"model": "vendor.vendor", "fields": {"sam_address": "2020 Camino Del Rio N Ste 400", "pm_phone": "619-780-0171", "annual_revenue": "2000000", "pm_name": "Richard Haas", "number_of_employees": 20, "pm_email": "rhaas@forwardslope.com", "setasides": [], "duns_4": "0383449530000", "cm_phone": "619-780-0157", "sam_expiration_date": "2015-03-05T17:35:50Z", "cage": "1KU93", "sam_status": "ACTIVE", "cm_name": "Waddy Stephenson", "sam_activation_date": "2014-03-05T18:30:01Z", "sam_url": "http://www.forwardslope.com", "cm_email": "wstephenson@forwardslope.com", "sam_exclusion": false, "sam_citystate": "San Diego, CA 92108", "duns": "038344953", "name": "Forward Slope Inc"}, "pk": 55}, {"model": "vendor.vendor", "fields": {"sam_address": "14073 CROWN CT", "pm_phone": "571-402-3202", "annual_revenue": "11643225", "pm_name": "Shakil Qureshi", "number_of_employees": 37, "pm_email": "oasis@futroninc.com", "setasides": [4, 6], "duns_4": "8788966870000", "cm_phone": "571-402-3211", "sam_expiration_date": "2015-03-07T10:49:35Z", "cage": "062H2", "sam_status": "ACTIVE", "cm_name": "June Adams", "sam_activation_date": "2014-03-07T11:00:30Z", "sam_url": "http://www.futroninc.com", "cm_email": "oasis@futroninc.com", "sam_exclusion": false, "sam_citystate": "WOODBRIDGE, VA 22193", "duns": "878896687", "name": "Futron"}, "pk": 56}, {"model": "vendor.vendor", "fields": {"sam_address": "3168 Collins Ferry Rd ", "pm_phone": "703-429-4831", "annual_revenue": "0", "pm_name": "Jim Dieterle", "number_of_employees": 0, "pm_email": "jdieterle@keylogic.com", "setasides": [], "duns_4": "0543031800000", "cm_phone": "443-539-9062", "sam_expiration_date": "2015-06-30T09:31:14Z", "cage": "1KWG7", "sam_status": "ACTIVE", "cm_name": "Michele Smith", "sam_activation_date": "2014-06-30T09:45:24Z", "sam_url": "http://www.keylogic.com", "cm_email": "msmith@keylogic.com", "sam_exclusion": false, "sam_citystate": "Morgantown, WV 26505", "duns": "054303180", "name": "Key Logic Systems"}, "pk": 57}, {"model": "vendor.vendor", "fields": {"sam_address": "5501 Backlick Rd, Ste. 200 ", "pm_phone": "801-593-5400 x 121", "annual_revenue": "4400000", "pm_name": "Scot Merrihew", "number_of_employees": 51, "pm_email": "scot.merrihew@kihomac.com", "setasides": [1, 5, 11, 4, 16], "duns_4": "1377684820000", "cm_phone": "937-429-7744 x 111", "sam_expiration_date": "2015-05-22T08:58:36Z", "cage": "3L2L3", "sam_status": "ACTIVE", "cm_name": "Rebecca (Becky) D. Ridenour", "sam_activation_date": "2014-05-22T09:15:05Z", "sam_url": "http://www.kihomac.com", "cm_email": "becky.ridenour@kihomac.com", "sam_exclusion": false, "sam_citystate": "Springfield, VA 22151", "duns": "137768482", "name": "Kihomac"}, "pk": 58}, {"model": "vendor.vendor", "fields": {"sam_address": "6421 S Air Depot Blvd Ste A ", "pm_phone": "405-622-2200 x 106", "annual_revenue": "15806200", "pm_name": "Diana Petross", "number_of_employees": 254, "pm_email": "OASISPMO@lcibest.com", "setasides": [1, 7, 2, 4], "duns_4": "0466574120000", "cm_phone": "405-622-2200", "sam_expiration_date": "2015-01-13T15:54:22Z", "cage": "1J7E8", "sam_status": "ACTIVE", "cm_name": "Vicky Hilton", "sam_activation_date": "2014-01-13T16:15:49Z", "sam_url": "http://lcibest.com", "cm_email": "contract.administration@lcibest.com", "sam_exclusion": false, "sam_citystate": "Oklahoma City, OK 73135", "duns": "046657412", "name": "Leader Commumincations, Inc."}, "pk": 59}, {"model": "vendor.vendor", "fields": {"sam_address": "8600 BOEING DR", "pm_phone": "937-256-9464", "annual_revenue": "45000000", "pm_name": "Ernest Osborn", "number_of_employees": 100, "pm_email": "bd@meticorp.com", "setasides": [4, 7, 11], "duns_4": "0743342640000", "cm_phone": "915-772-4975", "sam_expiration_date": "2015-04-16T11:31:55Z", "cage": "1LX23", "sam_status": "ACTIVE", "cm_name": "Michelle Rosalez", "sam_activation_date": "2014-04-16T11:45:17Z", "sam_url": "HTTP://WWW.METICORP.COM", "cm_email": "contracts@meticorp.com", "sam_exclusion": false, "sam_citystate": "EL PASO, TX 79925", "duns": "074334264", "name": "Managment and Engineering Technologies (METI)"}, "pk": 60}, {"model": "vendor.vendor", "fields": {"sam_address": "268 W Coleman Blvd Ste 2A", "pm_phone": "202-548-3110 x 346", "annual_revenue": "16850000", "pm_name": "Charles Grabenstein", "number_of_employees": 105, "pm_email": "charliegrabenstein@orbisinc.net", "setasides": [1], "duns_4": "8729427060000", "cm_phone": "843-971-9390 x 226", "sam_expiration_date": "2015-05-20T14:39:36Z", "cage": "1SEL4", "sam_status": "ACTIVE", "cm_name": "Karl P. Farber", "sam_activation_date": "2014-05-20T15:01:59Z", "sam_url": "http://www.orbisinc.net", "cm_email": "kfarber1@orbisinc.net", "sam_exclusion": false, "sam_citystate": "Mount Pleasant, SC 29464", "duns": "872942706", "name": "Orbis Sibro"}, "pk": 61}, {"model": "vendor.vendor", "fields": {"sam_address": "300 N LEE ST STE 201", "pm_phone": "703-229-1110", "annual_revenue": "17500000", "pm_name": "Thomas Hudon", "number_of_employees": 42, "pm_email": "thudon@pccii.com", "setasides": [], "duns_4": "0166580800000", "cm_phone": "703-229-1102", "sam_expiration_date": "2015-07-30T15:13:10Z", "cage": "3Y970", "sam_status": "ACTIVE", "cm_name": "Bob Urban", "sam_activation_date": "2014-07-30T15:45:41Z", "sam_url": "http://www.pccii.com", "cm_email": "burban@pccii.com", "sam_exclusion": false, "sam_citystate": "ALEXANDRIA, VA 22314", "duns": "016658080", "name": "PCCI"}, "pk": 62}, {"model": "vendor.vendor", "fields": {"sam_address": "2300 NATIONAL RD", "pm_phone": "937-490-5012", "annual_revenue": "12500000", "pm_name": "Julie Jones", "number_of_employees": 80, "pm_email": "OASIS-Contracts@epeerless.com", "setasides": [4, 5, 11, 16], "duns_4": "1327298770000", "cm_phone": "937-490-5006", "sam_expiration_date": "2015-06-27T11:56:37Z", "cage": "1PST8", "sam_status": "ACTIVE", "cm_name": "Chrissy Hardin", "sam_activation_date": "2014-06-27T12:15:59Z", "sam_url": "http://www.epeerless.com", "cm_email": "OASIS-Contracts@epeerless.com", "sam_exclusion": false, "sam_citystate": "FAIRBORN, OH 45324", "duns": "132729877", "name": "Peerless Technologies"}, "pk": 63}, {"model": "vendor.vendor", "fields": {"sam_address": "7027 OLD MADISON PIKE NW STE 106", "pm_phone": "256-714-1111", "annual_revenue": "3032000", "pm_name": "James (Jim) A. Roy", "number_of_employees": 25, "pm_email": "OASISSB@quantitech.com", "setasides": [3, 5, 10, 4], "duns_4": "6185641160000", "cm_phone": "256-799-0669", "sam_expiration_date": "2015-04-16T16:36:23Z", "cage": "0S9B5", "sam_status": "ACTIVE", "cm_name": "Elaine D. Jones", "sam_activation_date": "2014-04-16T17:00:27Z", "sam_url": "HTTP://WWW.QUANTITECH.COM", "cm_email": "OASISSB@quantitech.com", "sam_exclusion": false, "sam_citystate": "HUNTSVILLE, AL 35806", "duns": "618564116", "name": "Quantitech"}, "pk": 64}, {"model": "vendor.vendor", "fields": {"sam_address": "316 E MAIN ST STE H", "pm_phone": "832-474-0026", "annual_revenue": "7558000", "pm_name": "Charles (Chuck) Muizers", "number_of_employees": 145, "pm_email": "muizersc@skyllaeng.com", "setasides": [1, 2, 8, 11, 4, 16], "duns_4": "1694018950000", "cm_phone": "281-787-7643", "sam_expiration_date": "2015-05-13T14:46:05Z", "cage": "32ZH5", "sam_status": "ACTIVE", "cm_name": "Eduardo (Ed) Cardenas", "sam_activation_date": "2014-05-13T15:32:16Z", "sam_url": "http://www.skyllaeng.com", "cm_email": "cardenase@skyllaeng.com", "sam_exclusion": false, "sam_citystate": "HUMBLE, TX 77338", "duns": "169401895", "name": "Skylla Engineering Ltd."}, "pk": 65}, {"model": "vendor.vendor", "fields": {"sam_address": null, "pm_phone": "512-600-9437", "annual_revenue": "0", "pm_name": "Kent Ek", "number_of_employees": 0, "pm_email": "kek@teamscci.com", "setasides": [], "duns_4": "0744188720000", "cm_phone": "301-695-5311", "sam_expiration_date": null, "cage": null, "sam_status": null, "cm_name": "Shellie Bowles", "sam_activation_date": null, "sam_url": null, "cm_email": "sbowles@teamscci.com", "sam_exclusion": null, "sam_citystate": null, "duns": "074418872", "name": "Southeastern Computer Consultants (SCCI)"}, "pk": 66}, {"model": "vendor.vendor", "fields": {"sam_address": "2121 CRYSTAL DR STE 680", "pm_phone": "703-504-9817", "annual_revenue": "25000000", "pm_name": "MaryAnn Hoadley", "number_of_employees": 160, "pm_email": "\u00a0oasis@subsystem.com", "setasides": [4, 6], "duns_4": "1850574600000", "cm_phone": "703-504-9794", "sam_expiration_date": "2015-06-02T10:36:32Z", "cage": "0DP19", "sam_status": "ACTIVE", "cm_name": "Steven H. Willenbucher", "sam_activation_date": "2014-06-02T12:30:22Z", "sam_url": "HTTP://WWW.SUBSYSTEM.COM", "cm_email": "\u00a0oasis@subsystem.com", "sam_exclusion": false, "sam_citystate": "ARLINGTON, VA 22202", "duns": "185057460", "name": "Subsystem Technologies"}, "pk": 67}, {"model": "vendor.vendor", "fields": {"sam_address": "99 ROSEWOOD DR STE 140", "pm_phone": "937-429-6070 x 106", "annual_revenue": "36000000", "pm_name": "Donald Kurtz", "number_of_employees": 200, "pm_email": "OASIS-SB@sumaria.com", "setasides": [4, 6], "duns_4": "1463896220000", "cm_phone": "978-739-4200 x 1117", "sam_expiration_date": "2015-04-15T13:07:20Z", "cage": "1DV75", "sam_status": "ACTIVE", "cm_name": "Franklin (Frank) H. Inman", "sam_activation_date": "2014-04-15T13:30:42Z", "sam_url": "http://www.sumaria.com", "cm_email": "OASIS-SB@sumaria.com", "sam_exclusion": false, "sam_citystate": "DANVERS, MA 01923", "duns": "146389622", "name": "Sumaria Systems"}, "pk": 68}, {"model": "vendor.vendor", "fields": {"sam_address": "709 S HARBOR CITY BLVD STE 350", "pm_phone": "478-922-9987", "annual_revenue": "0", "pm_name": "Mike Reynolds", "number_of_employees": 0, "pm_email": "mreynolds@ssai.org", "setasides": [], "duns_4": "0680137960000", "cm_phone": "321-724-5566 x 1297", "sam_expiration_date": "2015-04-01T14:00:48Z", "cage": "60877", "sam_status": "ACTIVE", "cm_name": "John B. Hamilton", "sam_activation_date": "2014-04-01T14:15:16Z", "sam_url": null, "cm_email": "jhamilton@ssai.org", "sam_exclusion": false, "sam_citystate": "MELBOURNE, FL 32901", "duns": "068013796", "name": "Support Systems Associates"}, "pk": 69}, {"model": "vendor.vendor", "fields": {"sam_address": "11325 RANDOM HILLS RD STE 340", "pm_phone": "703-563-4401", "annual_revenue": "6009484", "pm_name": "R. Lee Plumb", "number_of_employees": 52, "pm_email": "Lee.Plumb@Triumph-Enterprises.com", "setasides": [1, 2, 8, 11, 4, 16], "duns_4": "1672510110000", "cm_phone": "703-563-4402", "sam_expiration_date": "2015-08-05T10:10:48Z", "cage": "357V4", "sam_status": "ACTIVE", "cm_name": "Lucy R. Aguinaldo", "sam_activation_date": "2014-08-05T10:45:49Z", "sam_url": "http://www.triumph-enterprises.com", "cm_email": "Lucy.aguinaldo@triumph-enterprises.com", "sam_exclusion": false, "sam_citystate": "FAIRFAX, VA 22030", "duns": "167251011", "name": "Triumph Enterprises"}, "pk": 70}, {"model": "vendor.vendor", "fields": {"sam_address": "405 E MAIN ST", "pm_phone": "410-768-5494", "annual_revenue": "6000000", "pm_name": "Bob Burnett", "number_of_employees": 50, "pm_email": "Bob.burnett@vectorcsp.com", "setasides": [], "duns_4": "1109943030000", "cm_phone": "252-338-2264", "sam_expiration_date": "2015-08-29T11:59:36Z", "cage": "3CWE7", "sam_status": "ACTIVE", "cm_name": "Jane Ann Hejmanowski", "sam_activation_date": "2014-08-29T13:10:55Z", "sam_url": "http://www.vectorcsp.com", "cm_email": "jahejmanowski@vectorcsp.com", "sam_exclusion": false, "sam_citystate": "ELIZABETH CITY, NC 27909", "duns": "110994303", "name": "Vector CSP LLC"}, "pk": 71}, {"model": "vendor.vendor", "fields": {"sam_address": "100 Sandau Ste 300", "pm_phone": "210-822-8712 x 6028", "annual_revenue": "6729644", "pm_name": "Robert Trevino", "number_of_employees": 67, "pm_email": "oasissb-xti@x-technologies.com\u00a0\u00a0", "setasides": [4, 8, 11], "duns_4": "0442715470000", "cm_phone": "210-822-8712 x 6013", "sam_expiration_date": "2015-06-26T11:09:23Z", "cage": "1JDN2", "sam_status": "ACTIVE", "cm_name": "Kay Zdon", "sam_activation_date": "2014-06-26T11:45:22Z", "sam_url": "http://www.x-technologies.com", "cm_email": "oasissb-xti@x-technologies.com\u00a0\u00a0", "sam_exclusion": false, "sam_citystate": "San Antonio, TX 78216", "duns": "044271547", "name": "X Technologies Inc"}, "pk": 72}, {"model": "vendor.vendor", "fields": {"sam_address": "54 OLD HAMPTON LN", "pm_phone": "757-325-1270", "annual_revenue": "0", "pm_name": "Chuck Mitchell", "number_of_employees": 0, "pm_email": "\u00a0oasis@zeltech.com", "setasides": [1, 4, 7], "duns_4": "8257329930000", "cm_phone": "757-325-1331", "sam_expiration_date": "2015-03-27T09:30:48Z", "cage": "0NPX4", "sam_status": "ACTIVE", "cm_name": "Susan Hughes", "sam_activation_date": "2014-03-27T10:00:01Z", "sam_url": "http://www.zeltech.com", "cm_email": "susan.hughes@zeltech.com", "sam_exclusion": false, "sam_citystate": "HAMPTON, VA 23669", "duns": "825732993", "name": "Zel Technologies"}, "pk": 73}, {"model": "vendor.vendor", "fields": {"sam_address": "410 JAN DAVIS DR NW", "pm_phone": "256-922-0802", "annual_revenue": "27", "pm_name": "Jay Vaughan", "number_of_employees": 160, "pm_email": "jvaughan@aegistg.com", "setasides": [], "duns_4": "6256945000000", "cm_phone": "256-922-0802", "sam_expiration_date": "2015-07-23T09:12:25Z", "cage": "0EXA1", "sam_status": "ACTIVE", "cm_name": "Yvonne Brennan", "sam_activation_date": "2014-07-23T09:30:05Z", "sam_url": "http://www.aegistg.com", "cm_email": "ybrennan@aegistg.com", "sam_exclusion": false, "sam_citystate": "HUNTSVILLE, AL 35806", "duns": "625694500", "name": "AEgis Technologies Group"}, "pk": 74}, {"model": "vendor.vendor", "fields": {"sam_address": "7000 Muirkirk Meadows Dr ", "pm_phone": null, "annual_revenue": "84000", "pm_name": null, "number_of_employees": 1, "pm_email": null, "setasides": [4, 11], "duns_4": "9687061060000", "cm_phone": null, "sam_expiration_date": "2015-06-11T17:24:31Z", "cage": "6HBK6", "sam_status": "ACTIVE", "cm_name": null, "sam_activation_date": "2014-06-11T17:45:21Z", "sam_url": "http://www.ascs-corp.com", "cm_email": null, "sam_exclusion": false, "sam_citystate": "Beltsville, MD 20705", "duns": "968706106", "name": "Arctic Slope Technical Services, Inc."}, "pk": 75}, {"model": "vendor.vendor", "fields": {"sam_address": "84 S St ", "pm_phone": "703-765-6623", "annual_revenue": "80160474", "pm_name": "Frank Magnuson", "number_of_employees": 218, "pm_email": "magnuson@assurtech.com", "setasides": [], "duns_4": "0693388200000", "cm_phone": "703-765-6623", "sam_expiration_date": "2015-01-16T11:15:37Z", "cage": "8L918", "sam_status": "ACTIVE", "cm_name": "Maurice (Mo) Turcotte", "sam_activation_date": "2014-01-16T11:30:14Z", "sam_url": "http://www.assurtech.com/", "cm_email": "turcotte@assurtech.com", "sam_exclusion": false, "sam_citystate": "Carlisle, MA 01741", "duns": "069338820", "name": "Assurance Technolgy Corporation"}, "pk": 76}, {"model": "vendor.vendor", "fields": {"sam_address": "4900 Seminary Rd Ste 1200 ", "pm_phone": null, "annual_revenue": "246221", "pm_name": null, "number_of_employees": 1, "pm_email": null, "setasides": [9, 11], "duns_4": "6269792280000", "cm_phone": null, "sam_expiration_date": "2015-06-09T11:51:31Z", "cage": "4NFX9", "sam_status": "ACTIVE", "cm_name": null, "sam_activation_date": "2014-06-09T12:02:50Z", "sam_url": null, "cm_email": null, "sam_exclusion": false, "sam_citystate": "Alexandria, VA 22311", "duns": "626979228", "name": "Bowhead Logistics Solutions, LLC"}, "pk": 77}, {"model": "vendor.vendor", "fields": {"sam_address": "3572 DAYTON XENIA RD STE 210", "pm_phone": "937-431-9431 x 13", "annual_revenue": "13608980", "pm_name": "George S. Vlahos", "number_of_employees": 165, "pm_email": "BTASGSAOASIS@btas.com", "setasides": [3, 10, 8, 4], "duns_4": "8835048540000", "cm_phone": "937-431-9431 x 23", "sam_expiration_date": "2015-04-28T15:28:26Z", "cage": "07GB6", "sam_status": "ACTIVE", "cm_name": "Jerry T. Copes", "sam_activation_date": "2014-04-28T15:45:41Z", "sam_url": "http://www.btas.com", "cm_email": "BTASGSAOASIS@btas.com", "sam_exclusion": false, "sam_citystate": "BEAVERCREEK, OH 45432", "duns": "883504854", "name": "BTAS"}, "pk": 78}, {"model": "vendor.vendor", "fields": {"sam_address": "400 VIRGINIA AVE SW STE 710", "pm_phone": "202-747-2430", "annual_revenue": "0", "pm_name": "Jim Powell", "number_of_employees": 0, "pm_email": "OASIS@cssiinc.com", "setasides": [3, 4, 8], "duns_4": "6214209910000", "cm_phone": "202-863-3695", "sam_expiration_date": "2015-07-28T22:37:00Z", "cage": "0YUD7", "sam_status": "ACTIVE", "cm_name": "Roberta (Robbie) Comer", "sam_activation_date": "2014-07-28T22:45:12Z", "sam_url": null, "cm_email": "contracts@cssiinc.com", "sam_exclusion": false, "sam_citystate": "WASHINGTON, DC 20024", "duns": "621420991", "name": "CSSI"}, "pk": 79}, {"model": "vendor.vendor", "fields": {"sam_address": "1400 Crystal Dr Suite 1400 ", "pm_phone": "703-682-0751", "annual_revenue": "33000000", "pm_name": "Shawn Shanley", "number_of_employees": 153, "pm_email": "shawn.shanley@dac.us", "setasides": [1], "duns_4": "0365934570000", "cm_phone": "703-414-5004", "sam_expiration_date": "2015-04-16T11:50:35Z", "cage": "06CT8", "sam_status": "ACTIVE", "cm_name": "April Lesho", "sam_activation_date": "2014-04-16T12:15:17Z", "sam_url": "http://www.dac.us", "cm_email": "april.lesho@dac.us", "sam_exclusion": false, "sam_citystate": "Arlington, VA 22202", "duns": "036593457", "name": "Decisive Analytics"}, "pk": 80}, {"model": "vendor.vendor", "fields": {"sam_address": "8 NESHAMINY INTERPLEX DR STE 209", "pm_phone": "703-261-6062", "annual_revenue": "0", "pm_name": "Chris Lawrence", "number_of_employees": 0, "pm_email": "Chris.lawrence@dsainc.com", "setasides": [], "duns_4": "0486205120000", "cm_phone": "703-261-6032", "sam_expiration_date": "2014-10-04T13:16:07Z", "cage": "4D266", "sam_status": "ACTIVE", "cm_name": "Barbara J. Golder", "sam_activation_date": "2013-10-04T13:30:12Z", "sam_url": "http://www.dsainc.com", "cm_email": "Barbara.golder@dsainc.com", "sam_exclusion": false, "sam_citystate": "FEASTERVILLE TREVOSE, PA 19053", "duns": "048620512", "name": "Data Systems Analyst, Inc."}, "pk": 81}, {"model": "vendor.vendor", "fields": {"sam_address": "565 SPACE CENTER DRIVE, SUITE 330", "pm_phone": "719-475-0605 x 1001", "annual_revenue": "14200000", "pm_name": "Kelly L Bain", "number_of_employees": 112, "pm_email": "Kbain@deltasands.com", "setasides": [1, 2], "duns_4": "1246519640000", "cm_phone": "719-475-0605 x 1001", "sam_expiration_date": "2015-08-20T13:21:24Z", "cage": "1RUU6", "sam_status": "ACTIVE", "cm_name": "Kelly L Bain", "sam_activation_date": "2014-08-20T13:32:15Z", "sam_url": "http://www.deltasands.com", "cm_email": "Kbain@deltasands.com", "sam_exclusion": false, "sam_citystate": "COLORADO SPRINGS, CO 80915", "duns": "124651964", "name": "Delta Solutions and Strategies, LLC"}, "pk": 82}, {"model": "vendor.vendor", "fields": {"sam_address": "14401 Sweitzer Ln Ste 300 ", "pm_phone": "314-738-9044", "annual_revenue": "0", "pm_name": "George Putman", "number_of_employees": 0, "pm_email": "George.Putnam@ertcorp.com", "setasides": [3, 5, 10, 4], "duns_4": "0907709670000", "cm_phone": "301-323-1435|", "sam_expiration_date": "2015-02-26T14:25:31Z", "cage": "1TZ41", "sam_status": "ACTIVE", "cm_name": "Benita Whitfield", "sam_activation_date": "2014-02-26T14:46:00Z", "sam_url": "http://www.ertcorp.com/", "cm_email": "Benita.Whitfield@ertcorp.com", "sam_exclusion": false, "sam_citystate": "Laurel, MD 20707", "duns": "090770967", "name": "Earth Resources Technology Inc."}, "pk": 83}, {"model": "vendor.vendor", "fields": {"sam_address": "110 HARTWELL AVE STE 1", "pm_phone": "703-633-1652", "annual_revenue": "50705424", "pm_name": "Amanda Pedersen", "number_of_employees": 380, "pm_email": "Amanda.pedersen@erg.com", "setasides": [], "duns_4": "1129473950000", "cm_phone": "703-633-1708", "sam_expiration_date": "2015-07-18T13:55:06Z", "cage": "00GP8", "sam_status": "ACTIVE", "cm_name": "Kelly Loomis", "sam_activation_date": "2014-07-18T14:15:07Z", "sam_url": "http://www.erg.com", "cm_email": "Kelly.Loomis@erg.com", "sam_exclusion": false, "sam_citystate": "LEXINGTON, MA 02421", "duns": "112947395", "name": "Eastern Research Group (ERG)"}, "pk": 84}, {"model": "vendor.vendor", "fields": {"sam_address": "5870 TRINITY PARKWAY STE 400", "pm_phone": "703-543-2930", "annual_revenue": "65", "pm_name": "Eric Vazquez", "number_of_employees": 98, "pm_email": "evazquez@fulcrumit.com", "setasides": [], "duns_4": "0483823860000", "cm_phone": "703-543-2911", "sam_expiration_date": "2015-05-14T09:27:32Z", "cage": "0E1B6", "sam_status": "ACTIVE", "cm_name": "Jim Janulis", "sam_activation_date": "2014-05-14T09:45:14Z", "sam_url": "HTTP://WWW.FULCRUMCO.COM", "cm_email": "jjanulis@fulcrumit.com", "sam_exclusion": false, "sam_citystate": "CENTREVILLE, VA 20120", "duns": "048382386", "name": "Fulcrum IT Services"}, "pk": 85}, {"model": "vendor.vendor", "fields": {"sam_address": "7855 WALKER DR STE 200", "pm_phone": "240-542-1128", "annual_revenue": "22350004", "pm_name": "Chris Moren", "number_of_employees": 160, "pm_email": "chris.moren@gst.com", "setasides": [4, 5, 11], "duns_4": "8037216790000", "cm_phone": "304-534-3128 x 118", "sam_expiration_date": "2015-01-13T16:20:32Z", "cage": "0YST4", "sam_status": "ACTIVE", "cm_name": "Sandra Stewart", "sam_activation_date": "2014-01-13T16:47:53Z", "sam_url": "http://www.gst.com", "cm_email": "sandra.stewart@gst.com", "sam_exclusion": false, "sam_citystate": "GREENBELT, MD 20770", "duns": "803721679", "name": "Global Science and Technology"}, "pk": 86}, {"model": "vendor.vendor", "fields": {"sam_address": "212 Eglin Pkwy SE ", "pm_phone": "850-362-6551", "annual_revenue": "2500000", "pm_name": "Charlie Minter", "number_of_employees": 100, "pm_email": "Charlie.Minter@hxfive.com", "setasides": [3, 1, 2, 8, 11, 4, 16], "duns_4": "7818410800000", "cm_phone": "850-362-6551", "sam_expiration_date": "2015-06-16T15:33:17Z", "cage": "4VMT5", "sam_status": "ACTIVE", "cm_name": "Todd Burkhardt", "sam_activation_date": "2014-06-16T16:00:36Z", "sam_url": "www.hxfive.com", "cm_email": "Todd.Burkhardt@hxfive.com", "sam_exclusion": false, "sam_citystate": "Fort Walton Beach, FL 32548", "duns": "781841080", "name": "HX5, LLC"}, "pk": 87}, {"model": "vendor.vendor", "fields": {"sam_address": "689 DISCOVERY DR BLDG 1 STE 500", "pm_phone": "850-496-1040", "annual_revenue": "6000000", "pm_name": "Rocky Arrants", "number_of_employees": 83, "pm_email": "rocky.arrants@i3-corps.com", "setasides": [], "duns_4": "0096993460000", "cm_phone": "256-270-4872", "sam_expiration_date": "2015-04-18T13:30:35Z", "cage": "4ZSH3", "sam_status": "ACTIVE", "cm_name": "Marsha Wells", "sam_activation_date": "2014-04-18T13:45:42Z", "sam_url": null, "cm_email": "marsha.wells@i3-corps.com", "sam_exclusion": false, "sam_citystate": "HUNTSVILLE, AL 35806", "duns": "009699346", "name": "Integration Innovation Inc"}, "pk": 88}, {"model": "vendor.vendor", "fields": {"sam_address": "360 B Quality Cir Nw", "pm_phone": "256-705-6826", "annual_revenue": "225541664", "pm_name": "Matthew Schmitz", "number_of_employees": 977, "pm_email": "matthew.schmitz@intrepidinc.com", "setasides": [], "duns_4": "1365782620000", "cm_phone": "256-705-6848", "sam_expiration_date": "2015-04-23T09:44:43Z", "cage": "1VDA4", "sam_status": "ACTIVE", "cm_name": "Jane Northrop", "sam_activation_date": "2014-04-23T10:01:11Z", "sam_url": null, "cm_email": "jane.northrop@intrepidinc.com", "sam_exclusion": false, "sam_citystate": "Huntsville, AL 35806", "duns": "136578262", "name": "Intrepid"}, "pk": 89}, {"model": "vendor.vendor", "fields": {"sam_address": "5140 W GOLDLEAF CIR STE 400", "pm_phone": "719-358-5810", "annual_revenue": "47711000", "pm_name": "Bruce Smith", "number_of_employees": 284, "pm_email": "bruce.smith@linquest.com", "setasides": [], "duns_4": "1403897630000", "cm_phone": "323-924-1515", "sam_expiration_date": "2015-05-07T10:58:54Z", "cage": "3MZU6", "sam_status": "ACTIVE", "cm_name": "Ellen Tunkelrott", "sam_activation_date": "2014-05-07T11:15:12Z", "sam_url": "http://www.linquest.com/", "cm_email": "ellen.tunkelrott@linquest.com", "sam_exclusion": false, "sam_citystate": "LOS ANGELES, CA 90056", "duns": "140389763", "name": "LinQuest Corporation"}, "pk": 90}, {"model": "vendor.vendor", "fields": {"sam_address": "18050 Saturn Lane Ste 300", "pm_phone": "281-823-6223", "annual_revenue": "0", "pm_name": "Ed Emig", "number_of_employees": 0, "pm_email": "oasis@meitechinc.com", "setasides": [1, 2, 8, 4], "duns_4": "8591456580000", "cm_phone": "281-823-6238", "sam_expiration_date": "2015-07-03T13:35:51Z", "cage": "0XBY6", "sam_status": "ACTIVE", "cm_name": "Suzanne Carter", "sam_activation_date": "2014-07-03T15:01:05Z", "sam_url": "http://www.meitechinc.com", "cm_email": "oasis@meitechinc.com", "sam_exclusion": false, "sam_citystate": "Houston, TX 77058", "duns": "859145658", "name": "MEI Technologies"}, "pk": 91}, {"model": "vendor.vendor", "fields": {"sam_address": "100 NE Loop 410 Ste 520 ", "pm_phone": "609-638-7000", "annual_revenue": "18000000", "pm_name": "Brice Stone", "number_of_employees": 85, "pm_email": "Oasis@metricanet.com", "setasides": [3, 4, 7], "duns_4": "1567534020000", "cm_phone": "210-248-8209", "sam_expiration_date": "2015-03-03T15:51:48Z", "cage": "0UTY8", "sam_status": "ACTIVE", "cm_name": "Laura Padilla", "sam_activation_date": "2014-03-03T16:15:04Z", "sam_url": "http://www.metricanet.com", "cm_email": "lpadilla@metricanet.com", "sam_exclusion": false, "sam_citystate": "San Antonio, TX 78216", "duns": "156753402", "name": "Metrica Inc"}, "pk": 92}, {"model": "vendor.vendor", "fields": {"sam_address": "8330 BOONE BLVD STE 600", "pm_phone": "571-327-2903", "annual_revenue": "40352252", "pm_name": "Bill Edgar", "number_of_employees": 384, "pm_email": "bedgar@microtech.net", "setasides": [1, 2, 8, 4], "duns_4": "1454541820000", "cm_phone": "571-327-2913", "sam_expiration_date": "2015-05-30T14:46:56Z", "cage": "3TSJ0", "sam_status": "ACTIVE", "cm_name": "Sandy Scott", "sam_activation_date": "2014-05-30T15:00:10Z", "sam_url": "http://www.microtech.net", "cm_email": "sscott@microtech.net", "sam_exclusion": false, "sam_citystate": "VIENNA, VA 22182", "duns": "145454182", "name": "MicroTech"}, "pk": 93}, {"model": "vendor.vendor", "fields": {"sam_address": "2231 Crystal Dr Ste 711 ", "pm_phone": "703-413-7798", "annual_revenue": "39155684", "pm_name": "Ken Baird", "number_of_employees": 300, "pm_email": "kbaird@meicompany.com", "setasides": [1], "duns_4": "0119719390000", "cm_phone": "703-413-7765", "sam_expiration_date": "2015-07-22T09:59:32Z", "cage": "1B5V4", "sam_status": "ACTIVE", "cm_name": "Dianne Thomas", "sam_activation_date": "2014-07-22T10:15:05Z", "sam_url": "http://www.meicompany.com/", "cm_email": "dthomas@meicompany.com", "sam_exclusion": false, "sam_citystate": "Arlington, VA 22202", "duns": "011971939", "name": "Millennium Engineering and Integration"}, "pk": 94}, {"model": "vendor.vendor", "fields": {"sam_address": "24 HARTWELL AVE", "pm_phone": "781-676-7361", "annual_revenue": "35118992", "pm_name": "Michael McElwain", "number_of_employees": 270, "pm_email": "MMcElwain@OasisSystems.com", "setasides": [], "duns_4": "1760188100000", "cm_phone": "781-879-1445", "sam_expiration_date": "2015-05-09T11:40:11Z", "cage": "1EDN2", "sam_status": "ACTIVE", "cm_name": "Mike Lubrano", "sam_activation_date": "2014-05-09T12:00:46Z", "sam_url": "http://www.oasissystems.com/", "cm_email": "mlubrano@OasisSystems.com", "sam_exclusion": false, "sam_citystate": "LEXINGTON, MA 02421", "duns": "176018810", "name": "OASIS Systems"}, "pk": 95}, {"model": "vendor.vendor", "fields": {"sam_address": "201 Edgewater Dr Ste 270 ", "pm_phone": "781-245-0111 x 114", "annual_revenue": "69200000", "pm_name": "Thomas Portlock", "number_of_employees": 324, "pm_email": "thomasportlock@odysseyconsult.com", "setasides": [], "duns_4": "0907398300000", "cm_phone": "781-245-0111 x 112", "sam_expiration_date": "2015-06-27T09:31:07Z", "cage": "09DF6", "sam_status": "ACTIVE", "cm_name": "Kathleen Munroe", "sam_activation_date": "2014-06-27T10:01:09Z", "sam_url": "www.odysseyconsult.com", "cm_email": "kathleenmunroe@odysseyconsult.com", "sam_exclusion": false, "sam_citystate": "Wakefield, MA 01880", "duns": "090739830", "name": "Odyssey Systems"}, "pk": 96}, {"model": "vendor.vendor", "fields": {"sam_address": "10201 FAIRFAX BLVD STE 400", "pm_phone": "703-246-9664", "annual_revenue": "73059232", "pm_name": "David M. Zivich", "number_of_employees": 348, "pm_email": "OASIS@pesystems.com", "setasides": [1, 7, 2, 4], "duns_4": "8677969890000", "cm_phone": "703-246-9663", "sam_expiration_date": "2015-09-02T17:34:28Z", "cage": "5H249", "sam_status": "ACTIVE", "cm_name": "Kevin Dyson", "sam_activation_date": "2014-09-02T17:45:10Z", "sam_url": "http://www.pesystems.com", "cm_email": "OASIS@pesystems.com", "sam_exclusion": false, "sam_citystate": "FAIRFAX, VA 22030", "duns": "867796989", "name": "PE Systems"}, "pk": 97}, {"model": "vendor.vendor", "fields": {"sam_address": "5845 Richmond Hwy 7th Fl ", "pm_phone": "703-682-2046", "annual_revenue": "23400000", "pm_name": "Jane Schaub", "number_of_employees": 100, "pm_email": "Jane.schaub@pxi.com", "setasides": [], "duns_4": "9399441460000", "cm_phone": "703-682-2053", "sam_expiration_date": "2015-08-12T15:21:43Z", "cage": "0RK23", "sam_status": "ACTIVE", "cm_name": "Kelly Davis", "sam_activation_date": "2014-08-12T15:30:24Z", "sam_url": "http://www.pxi.com", "cm_email": "Kelly.davis@pxi.com", "sam_exclusion": false, "sam_citystate": "Alexandria, VA 22303", "duns": "939944146", "name": "Praxis Inc"}, "pk": 98}, {"model": "vendor.vendor", "fields": {"sam_address": "350 WYNN DR NW", "pm_phone": "256-325-7859", "annual_revenue": "131089440", "pm_name": "David Diaddario", "number_of_employees": 455, "pm_email": "ddiaddario@radiancetech.com", "setasides": [], "duns_4": "0319942180000", "cm_phone": "256-489-8966", "sam_expiration_date": "2015-04-18T10:47:50Z", "cage": "1H1J5", "sam_status": "ACTIVE", "cm_name": "Victor D. Balch", "sam_activation_date": "2014-04-18T11:00:27Z", "sam_url": "http://www.radiancetech.com", "cm_email": "vbalch@radiancetech.com", "sam_exclusion": false, "sam_citystate": "HUNTSVILLE, AL 35805", "duns": "031994218", "name": "Radiance Technologies"}, "pk": 99}, {"model": "vendor.vendor", "fields": {"sam_address": "2950 E HARMONY RD STE 390", "pm_phone": "970-484-7573", "annual_revenue": "4466880", "pm_name": "Brian Ashe", "number_of_employees": 40, "pm_email": "Brian.Ashe@Riverside.com", "setasides": [], "duns_4": "1397258650000", "cm_phone": "970-484-7573", "sam_expiration_date": "2015-04-21T12:42:15Z", "cage": "1FJF9", "sam_status": "ACTIVE", "cm_name": "Douglas Greer", "sam_activation_date": "2014-04-21T13:15:15Z", "sam_url": "http://www.riverside.com", "cm_email": "Doug.greer@riverside.com", "sam_exclusion": false, "sam_citystate": "FORT COLLINS, CO 80528", "duns": "139725865", "name": "Riverside Technologies, Inc."}, "pk": 100}, {"model": "vendor.vendor", "fields": {"sam_address": "4901 CORPORATE DR NW STE C", "pm_phone": "256-319-9283", "annual_revenue": "0", "pm_name": "Mark Arn", "number_of_employees": 0, "pm_email": "oasismanagement@sigmatech.com", "setasides": [], "duns_4": "1934608390000", "cm_phone": "256-319-9212", "sam_expiration_date": "2015-08-05T11:35:57Z", "cage": "69572", "sam_status": "ACTIVE", "cm_name": "Debbie Gerrity", "sam_activation_date": "2014-08-05T11:45:27Z", "sam_url": "http://www.sigmatech.com", "cm_email": "Debbie.gerrity@sigmatech.com", "sam_exclusion": false, "sam_citystate": "HUNTSVILLE, AL 35805", "duns": "193460839", "name": "Sigmatech, Inc."}, "pk": 101}, {"model": "vendor.vendor", "fields": {"sam_address": "1 COMPASS WAY STE 300", "pm_phone": "757-224-7500 x 5553", "annual_revenue": "6335620", "pm_name": "Serdar Gokcen", "number_of_employees": 71, "pm_email": "oasis@sptrm.com", "setasides": [1], "duns_4": "7992645310000", "cm_phone": "757-224-7500 x 5537", "sam_expiration_date": "2015-05-08T10:56:11Z", "cage": "1LXY1", "sam_status": "ACTIVE", "cm_name": "Crystal Clark", "sam_activation_date": "2014-05-08T11:15:59Z", "sam_url": "http://www.sptrm.com", "cm_email": "oasis@sptrm.com", "sam_exclusion": false, "sam_citystate": "NEWPORT NEWS, VA 23606", "duns": "799264531", "name": "Spectrum Comm, Inc"}, "pk": 102}, {"model": "vendor.vendor", "fields": {"sam_address": "4075 WILSON BLVD STE 200", "pm_phone": "703-276-2207", "annual_revenue": "17477768", "pm_name": "Alice Burgess", "number_of_employees": 110, "pm_email": "burgea@sainc.com", "setasides": [], "duns_4": "1538789960000", "cm_phone": "703-797-2288", "sam_expiration_date": "2015-01-28T19:38:31Z", "cage": "44609", "sam_status": "ACTIVE", "cm_name": "Judit Gates", "sam_activation_date": "2014-01-28T20:00:11Z", "sam_url": "http://www.sainc.com", "cm_email": "jgates@sainc.com", "sam_exclusion": false, "sam_citystate": "ARLINGTON, VA 22203", "duns": "153878996", "name": "Strategic Analysis Inc"}, "pk": 103}, {"model": "vendor.vendor", "fields": {"sam_address": "4695 MILLENNIUM DR", "pm_phone": "410-273-7722 x 226", "annual_revenue": "50000000", "pm_name": "Jordan Matthews", "number_of_employees": 400, "pm_email": "jordan.matthews@survice.com", "setasides": [], "duns_4": "0354146970000", "cm_phone": "410-273-7722 x 207", "sam_expiration_date": "2015-07-16T00:08:16Z", "cage": "7T988", "sam_status": "ACTIVE", "cm_name": "Liz Seaburn", "sam_activation_date": "2014-07-16T00:17:21Z", "sam_url": null, "cm_email": "liz.seaburn@survice.com", "sam_exclusion": false, "sam_citystate": "BELCAMP, MD 21017", "duns": "035414697", "name": "Survice Engineering Company, LLC"}, "pk": 104}, {"model": "vendor.vendor", "fields": {"sam_address": "4035 CHRIS DR SW STE C", "pm_phone": "256-319-6045", "annual_revenue": "24281278", "pm_name": "Clay Hagan", "number_of_employees": 150, "pm_email": "clay.hagan@torchtechnologies.com", "setasides": [], "duns_4": "1225157080000", "cm_phone": "256-319-6019", "sam_expiration_date": "2015-03-31T09:44:55Z", "cage": "3CBV3", "sam_status": "ACTIVE", "cm_name": "Kenneth W. Lones", "sam_activation_date": "2014-03-31T10:00:35Z", "sam_url": "http://www.torchtechnologies.com", "cm_email": "kenneth.lones@torchtechnologies.com", "sam_exclusion": false, "sam_citystate": "HUNTSVILLE, AL 35802", "duns": "122515708", "name": "Torch Technologies"}, "pk": 105}, {"model": "vendor.vendor", "fields": {"sam_address": "1270 N FAIRFIELD RD", "pm_phone": "937-426-2808", "annual_revenue": "36", "pm_name": "William D. Hack", "number_of_employees": 208, "pm_email": "bhack@utcdayton.com", "setasides": [], "duns_4": "0044752160000", "cm_phone": "937-426-2808", "sam_expiration_date": "2015-04-07T09:44:27Z", "cage": "1B731", "sam_status": "ACTIVE", "cm_name": "Donna L. Varner", "sam_activation_date": "2014-04-07T10:01:08Z", "sam_url": null, "cm_email": "dvarner@utcdayton.com", "sam_exclusion": false, "sam_citystate": "DAYTON, OH 45432", "duns": "004475216", "name": "Universal Technology Corp."}, "pk": 106}, {"model": "vendor.vendor", "fields": {"sam_address": "6728 Odyssey Dr", "pm_phone": "719-638-7921 x 102", "annual_revenue": "13000000", "pm_name": "Scott Gilson", "number_of_employees": 786, "pm_email": "sgilson@colsa.com", "setasides": [1, 2, 8], "duns_4": "1020673780000", "cm_phone": "256-964-5237", "sam_expiration_date": "2015-07-21T19:19:31Z", "cage": "4U825", "sam_status": "ACTIVE", "cm_name": "Charlotte Curry", "sam_activation_date": "2014-07-21T19:30:05Z", "sam_url": "http://www.colsa.com", "cm_email": "ccurry@colsa.com", "sam_exclusion": false, "sam_citystate": "Huntsville, AL 35806", "duns": "102067378", "name": "Colsa"}, "pk": 107}, {"model": "vendor.vendor", "fields": {"sam_address": "5030 BRADFORD DR NW STE 205", "pm_phone": "256-922-9300 x 120", "annual_revenue": "13283818", "pm_name": "Donna Meadows", "number_of_employees": 108, "pm_email": "donna.meadows@irtc-hq.com", "setasides": [], "duns_4": "0349649450000", "cm_phone": "256-922-9300 x 133", "sam_expiration_date": "2015-05-30T17:48:32Z", "cage": "1MQC1", "sam_status": "ACTIVE", "cm_name": "Carrie Lewis", "sam_activation_date": "2014-05-30T18:00:06Z", "sam_url": "http://www.irtc-hq.com", "cm_email": "oasis@irtc-hq.com", "sam_exclusion": false, "sam_citystate": "HUNTSVILLE, AL 35805", "duns": "034964945", "name": "Intuitive Research and Technology"}, "pk": 108}, {"model": "vendor.vendor", "fields": {"sam_address": "2010 CORPORATE RDG STE 350", "pm_phone": "703-740-2238", "annual_revenue": "40000000", "pm_name": "Debra Lehman", "number_of_employees": 280, "pm_email": "OASIS.COPM@mcri.com", "setasides": [], "duns_4": "0285096560000", "cm_phone": "703-740-2236", "sam_expiration_date": "2015-08-11T08:59:50Z", "cage": "0GYV7", "sam_status": "ACTIVE", "cm_name": "Debra Ferguson", "sam_activation_date": "2014-08-11T09:15:12Z", "sam_url": null, "cm_email": "OASIS.COCM@mcri.com", "sam_exclusion": false, "sam_citystate": "MCLEAN, VA 22102", "duns": "028509656", "name": "MCR Federal"}, "pk": 109}, {"model": "vendor.vendor", "fields": {"sam_address": "5285 SHAWNEE RD STE 400", "pm_phone": "719-445-2590", "annual_revenue": "46831848", "pm_name": "Mark Lester", "number_of_employees": 371, "pm_email": "oasis@mtsi-va.com.", "setasides": [], "duns_4": "8074546400000", "cm_phone": "937-426-9025 x 116", "sam_expiration_date": "2015-04-21T19:34:24Z", "cage": "0X988", "sam_status": "ACTIVE", "cm_name": "Carol A. Maus", "sam_activation_date": "2014-04-21T19:45:20Z", "sam_url": "http://www.mtsi-va.com", "cm_email": "oasis@mtsi-va.com.", "sam_exclusion": false, "sam_citystate": "ALEXANDRIA, VA 22312", "duns": "807454640", "name": "MTSI"}, "pk": 110}, {"model": "vendor.vendor", "fields": {"sam_address": "102 Pinnacle Dr ", "pm_phone": "408-807-4397", "annual_revenue": "8237350", "pm_name": "Steve Kihara", "number_of_employees": 250, "pm_email": "skihara@sierralobo.com", "setasides": [4, 8, 11], "duns_4": "9282989830000", "cm_phone": "419-499-9653 x 104", "sam_expiration_date": "2015-06-02T10:05:25Z", "cage": "01HY9", "sam_status": "ACTIVE", "cm_name": "Jeffrey (Jeff) Sultzbaugh", "sam_activation_date": "2014-06-02T10:30:30Z", "sam_url": null, "cm_email": "jsultzbaugh@sierralobo.com", "sam_exclusion": false, "sam_citystate": "Fremont, OH 43420", "duns": "928298983", "name": "Sierra Lobo Inc"}, "pk": 111}, {"model": "vendor.vendor", "fields": {"sam_address": "420 S FAIRVIEW AVE STE 201", "pm_phone": "310-640-4700 x 2651", "annual_revenue": "49930048", "pm_name": "Blaine Webber", "number_of_employees": 427, "pm_email": "bwebber@tecolote.com", "setasides": [], "duns_4": "0741081760000", "cm_phone": "805-571-6366 x 126", "sam_expiration_date": "2014-10-09T19:22:10Z", "cage": "0BMB0", "sam_status": "ACTIVE", "cm_name": "Elizabeth Hawes", "sam_activation_date": "2013-10-10T07:00:03Z", "sam_url": "http://www.tecolote.com", "cm_email": "ehawes@tecolote.com", "sam_exclusion": false, "sam_citystate": "GOLETA, CA 93117", "duns": "074108176", "name": "Tecolote Research Inc"}, "pk": 112}, {"model": "vendor.vendor", "fields": {"sam_address": null, "pm_phone": "757-865-7093 x 306", "annual_revenue": null, "pm_name": "Dr. Jalaiah Unnam", "number_of_employees": null, "pm_email": "junnam@asm-usa.com", "setasides": [], "duns_4": "1190695020000", "cm_phone": "757-865-7093 x 311", "sam_expiration_date": null, "cage": null, "sam_status": null, "cm_name": "Dr. G. Balasubramanian", "sam_activation_date": null, "sam_url": null, "cm_email": "bala@asm-usa.com", "sam_exclusion": null, "sam_citystate": null, "duns": "119069502", "name": "Analytical Services and Materials Inc."}, "pk": 113}, {"model": "vendor.vendor", "fields": {"sam_address": "10210 Greenbelt Rd Ste 400", "pm_phone": "757-951-1932", "annual_revenue": "89000000", "pm_name": "Robert Valli", "number_of_employees": 646, "pm_email": "Robert.Valli@ssaihq.com", "setasides": [3, 4, 6], "duns_4": "0876948080000", "cm_phone": "301-867-6281", "sam_expiration_date": "2014-11-05T10:42:10Z", "cage": "5S009", "sam_status": "ACTIVE", "cm_name": "Hannah Froe", "sam_activation_date": "2013-11-05T11:00:21Z", "sam_url": "http://www.ssaihq.com", "cm_email": "gwac_pmo@ssaihq.com", "sam_exclusion": false, "sam_citystate": "Lanham, MD 20706", "duns": "087694808", "name": "Science Systems and Applications, Inc."}, "pk": 114}, {"model": "vendor.vendor", "fields": {"sam_address": "156 William St 9th Fl ", "pm_phone": "937-239-0024", "annual_revenue": null, "pm_name": "Gary Wittlinger", "number_of_employees": null, "pm_email": "gwittlinger@appliedres.com", "setasides": [], "duns_4": "8079903820000", "cm_phone": "937-239-0024", "sam_expiration_date": "2015-06-23T10:39:29Z", "cage": "4YHD4", "sam_status": "ACTIVE", "cm_name": "Gary Wittlinger", "sam_activation_date": "2014-06-23T11:31:58Z", "sam_url": null, "cm_email": "gwittlinger@appliedres.com", "sam_exclusion": false, "sam_citystate": "New York, NY 10038", "duns": "807990382", "name": "Applied Research Solutions"}, "pk": 115}, {"model": "vendor.vendor", "fields": {"sam_address": "4300 San Mateo Blvd Ne Ste A220 ", "pm_phone": "505-883-3636", "annual_revenue": "188055264", "pm_name": "Bryan Milligan", "number_of_employees": 1183, "pm_email": "ARA_OASIS_SB@ara.com", "setasides": [], "duns_4": "0979676080000", "cm_phone": "505-881-8074", "sam_expiration_date": "2015-07-28T15:51:11Z", "cage": "9R446", "sam_status": "ACTIVE", "cm_name": "Marissa Otero", "sam_activation_date": "2014-07-28T16:00:58Z", "sam_url": "http://www.ara.com", "cm_email": "ARA_OASIS_SB@ara.com", "sam_exclusion": false, "sam_citystate": "Albuquerque, NM 87110", "duns": "097967608", "name": "Applied Research Associates, Inc."}, "pk": 116}, {"model": "vendor.vendor", "fields": {"sam_address": "21471 GREAT MILLS RD", "pm_phone": "\u00a0301-737-4640", "annual_revenue": "25949613", "pm_name": "Ray Rose", "number_of_employees": 155, "pm_email": "\u00a0ray.rose@compass-sys-inc.com", "setasides": [], "duns_4": "1779855610000", "cm_phone": "301-737-4640 x 335", "sam_expiration_date": "2015-08-25T08:58:56Z", "cage": "08AL5", "sam_status": "ACTIVE", "cm_name": "Jack Duchesne", "sam_activation_date": "2014-08-25T09:15:12Z", "sam_url": "http://www.compass-sys-inc.com/", "cm_email": "jack.duchesne@compass-sys-inc.com", "sam_exclusion": false, "sam_citystate": "LEXINGTON PARK, MD 20653", "duns": "177985561", "name": "Compass Systems Inc"}, "pk": 117}, {"model": "vendor.vendor", "fields": {"sam_address": "6909 METRO PARK DR STE 500", "pm_phone": "240-237-4824", "annual_revenue": "55000000", "pm_name": "Lance Alsheimer", "number_of_employees": 725, "pm_email": "DCS_OASIS_SB@dcscorp.com", "setasides": [], "duns_4": "0836629160000", "cm_phone": "571-227-6138", "sam_expiration_date": "2015-08-06T13:02:11Z", "cage": "1P418", "sam_status": "ACTIVE", "cm_name": "Thomas Sgroi", "sam_activation_date": "2014-08-06T13:15:24Z", "sam_url": "http://www.dcscorp.com", "cm_email": "DCS_OASIS_SB@dcscorp.com", "sam_exclusion": false, "sam_citystate": "ALEXANDRIA, VA 22310", "duns": "083662916", "name": "DCS Corp"}, "pk": 118}, {"model": "vendor.vendor", "fields": {"sam_address": "1002 EXPLORER BLVD", "pm_phone": "256-964-4259", "annual_revenue": "96392576", "pm_name": "Cindy Griner", "number_of_employees": 658, "pm_email": "cindy.griner@dynetics.com", "setasides": [], "duns_4": "0754584550000", "cm_phone": "256-964-4567", "sam_expiration_date": "2015-07-17T14:14:44Z", "cage": "7L855", "sam_status": "ACTIVE", "cm_name": "Rosie Maul", "sam_activation_date": "2014-07-17T14:30:50Z", "sam_url": "www.dynetics.com", "cm_email": "rosie.maul@dynetics.com", "sam_exclusion": false, "sam_citystate": "HUNTSVILLE, AL 35806", "duns": "075458455", "name": "Dynetics"}, "pk": 119}, {"model": "vendor.vendor", "fields": {"sam_address": "308 Voyager Way, Suite 200 ", "pm_phone": "256-327-9168", "annual_revenue": "83141576", "pm_name": "Randy Stevens", "number_of_employees": 857, "pm_email": "rstevens@erc-incorporated.com", "setasides": [4, 5], "duns_4": "0956735210000", "cm_phone": "256-327-9170", "sam_expiration_date": "2015-04-15T15:35:11Z", "cage": "0VYZ2", "sam_status": "ACTIVE", "cm_name": "Kenneth Lyles", "sam_activation_date": "2014-04-15T15:46:27Z", "sam_url": null, "cm_email": "klyles@erc-incorporated.com", "sam_exclusion": false, "sam_citystate": "Huntsville, AL 35806", "duns": "095673521", "name": "Engineering Research and Consulting"}, "pk": 120}, {"model": "vendor.vendor", "fields": {"sam_address": "1020 WOODMAN DR STE 100", "pm_phone": "937-252-2145 x 142", "annual_revenue": "0", "pm_name": "Carl Canter", "number_of_employees": 0, "pm_email": "canterc@itc-1.com", "setasides": [3, 10], "duns_4": "3613179020000", "cm_phone": "937-252-2145 x 115", "sam_expiration_date": "2015-08-21T08:51:01Z", "cage": "0EBK0", "sam_status": "ACTIVE", "cm_name": "Shawn Irish", "sam_activation_date": "2014-08-21T09:00:11Z", "sam_url": "http://www.itc-1.com/", "cm_email": "irishs@itc-1.com", "sam_exclusion": false, "sam_citystate": "DAYTON, OH 45432", "duns": "361317902", "name": "Innovative Technologies Corp"}, "pk": 121}, {"model": "vendor.vendor", "fields": {"sam_address": "15020 CONFERENCE CENTER DRIVE, SUITE 100", "pm_phone": "703-378-8672 x 3535", "annual_revenue": "25", "pm_name": "Peter Kimes", "number_of_employees": 161, "pm_email": "pkimes@integrity-apps.com", "setasides": [1], "duns_4": "0479395040000", "cm_phone": "703-674-3162", "sam_expiration_date": "2015-07-02T14:55:54Z", "cage": "1JSR9", "sam_status": "ACTIVE", "cm_name": "Mike Cave", "sam_activation_date": "2014-07-02T15:15:17Z", "sam_url": "http://www.integrity-apps.com", "cm_email": "mcave@integrity-apps.com", "sam_exclusion": false, "sam_citystate": "CHANTILLY, VA 20151", "duns": "047939504", "name": "Integrity Applications"}, "pk": 122}, {"model": "vendor.vendor", "fields": {"sam_address": "2300 Windy Rge Pwy Ste 400S", "pm_phone": "801-821-7466", "annual_revenue": "274644384", "pm_name": "Jeffry M. Bringslid", "number_of_employees": 1340, "pm_email": "oasis@scires.com", "setasides": [], "duns_4": "1971382740000", "cm_phone": "770-989-9408", "sam_expiration_date": "2015-04-02T13:11:10Z", "cage": "0D5A6", "sam_status": "ACTIVE", "cm_name": "Jerry Godbaugh", "sam_activation_date": "2014-04-02T13:30:40Z", "sam_url": "http://www.scires.com", "cm_email": "jgoldbau@scires.com", "sam_exclusion": false, "sam_citystate": "Atlanta, GA 30339", "duns": "197138274", "name": "Scientific Research Corp (SRC)"}, "pk": 123}, {"model": "vendor.vendor", "fields": {"sam_address": "1 COPLEY PKWY STE 200", "pm_phone": "407-873-1456", "annual_revenue": "77996928", "pm_name": "Tom Wilson", "number_of_employees": 113, "pm_email": "thomas.wilson@usfalcon.com", "setasides": [1, 2, 4, 8, 11], "duns_4": "8292888560000", "cm_phone": "732-241-6026", "sam_expiration_date": "2015-05-29T10:43:09Z", "cage": "4CWP6", "sam_status": "ACTIVE", "cm_name": "Mickey Fisher", "sam_activation_date": "2014-05-29T11:15:31Z", "sam_url": "http://www.usfalcon.com", "cm_email": "mickey.fisher@usfalcon.com", "sam_exclusion": false, "sam_citystate": "MORRISVILLE, NC 27560", "duns": "829288856", "name": "US Falcon"}, "pk": 124}, {"model": "vendor.vendor", "fields": {"sam_address": "11790 Sunrise Valley Dr ", "pm_phone": "850-792-1143 x 183", "annual_revenue": "74000000", "pm_name": "Richard Justice", "number_of_employees": 350, "pm_email": "rjustice@wbbinc.com", "setasides": [], "duns_4": "1318734570000", "cm_phone": "703-448-6081 x 148", "sam_expiration_date": "2015-06-30T09:11:02Z", "cage": "8Z634", "sam_status": "ACTIVE", "cm_name": "Jerome Martin", "sam_activation_date": "2014-06-30T09:49:00Z", "sam_url": null, "cm_email": "jmartin@wbbinc.com", "sam_exclusion": false, "sam_citystate": "Reston, VA 20191", "duns": "131873457", "name": "WB&B"}, "pk": 125}, {"model": "vendor.pool", "fields": {"number": "1", "threshold": "$14 million", "vehicle": "OASISSB", "naics": [15, 20, 6, 13, 8, 4, 7, 1, 9, 10, 19, 17, 2, 11, 12, 5, 14, 21, 16, 3, 18]}, "pk": "1_SB"}, {"model": "vendor.pool", "fields": {"number": "2", "threshold": "$19 million", "vehicle": "OASISSB", "naics": [22, 23, 24, 25, 26]}, "pk": "2_SB"}, {"model": "vendor.pool", "fields": {"number": "3", "threshold": "$35.5 million", "vehicle": "OASISSB", "naics": [27, 28, 29]}, "pk": "3_SB"}, {"model": "vendor.pool", "fields": {"number": "4", "threshold": "500 Employee", "vehicle": "OASISSB", "naics": [30, 31]}, "pk": "4_SB"}, {"model": "vendor.pool", "fields": {"number": "5A", "threshold": "1000 Employee", "vehicle": "OASISSB", "naics": [32]}, "pk": "5A_SB"}, {"model": "vendor.pool", "fields": {"number": "5B", "threshold": "1000 Employee", "vehicle": "OASISSB", "naics": [33]}, "pk": "5B_SB"}, {"model": "vendor.pool", "fields": {"number": "6", "threshold": "1500 Employee ", "vehicle": "OASISSB", "naics": [34]}, "pk": "6_SB"}, {"model": "vendor.poolpiid", "fields": {"vendor": 1, "pool": "1_SB", "piid": "GS00Q14OADS101"}, "pk": 1}, {"model": "vendor.poolpiid", "fields": {"vendor": 2, "pool": "1_SB", "piid": "GS00Q14OADS102"}, "pk": 2}, {"model": "vendor.poolpiid", "fields": {"vendor": 3, "pool": "1_SB", "piid": "GS00Q14OADS103"}, "pk": 3}, {"model": "vendor.poolpiid", "fields": {"vendor": 4, "pool": "1_SB", "piid": "GS00Q14OADS104"}, "pk": 4}, {"model": "vendor.poolpiid", "fields": {"vendor": 5, "pool": "1_SB", "piid": "GS00Q14OADS144"}, "pk": 5}, {"model": "vendor.poolpiid", "fields": {"vendor": 6, "pool": "1_SB", "piid": "GS00Q14OADS106"}, "pk": 6}, {"model": "vendor.poolpiid", "fields": {"vendor": 7, "pool": "1_SB", "piid": "GS00Q14OADS107"}, "pk": 7}, {"model": "vendor.poolpiid", "fields": {"vendor": 8, "pool": "1_SB", "piid": "GS00Q14OADS108"}, "pk": 8}, {"model": "vendor.poolpiid", "fields": {"vendor": 9, "pool": "1_SB", "piid": "GS00Q14OADS110"}, "pk": 9}, {"model": "vendor.poolpiid", "fields": {"vendor": 10, "pool": "1_SB", "piid": "GS00Q14OADS111"}, "pk": 10}, {"model": "vendor.poolpiid", "fields": {"vendor": 11, "pool": "1_SB", "piid": "GS00Q14OADS112"}, "pk": 11}, {"model": "vendor.poolpiid", "fields": {"vendor": 12, "pool": "1_SB", "piid": "GS00Q14OADS113"}, "pk": 12}, {"model": "vendor.poolpiid", "fields": {"vendor": 13, "pool": "1_SB", "piid": "GS00Q14OADS114"}, "pk": 13}, {"model": "vendor.poolpiid", "fields": {"vendor": 14, "pool": "1_SB", "piid": "GS00Q14OADS115"}, "pk": 14}, {"model": "vendor.poolpiid", "fields": {"vendor": 15, "pool": "1_SB", "piid": "GS00Q14OADS116"}, "pk": 15}, {"model": "vendor.poolpiid", "fields": {"vendor": 16, "pool": "1_SB", "piid": "GS00Q14OADS117"}, "pk": 16}, {"model": "vendor.poolpiid", "fields": {"vendor": 17, "pool": "1_SB", "piid": "GS00Q14OADS118"}, "pk": 17}, {"model": "vendor.poolpiid", "fields": {"vendor": 18, "pool": "1_SB", "piid": "GS00Q14OADS119"}, "pk": 18}, {"model": "vendor.poolpiid", "fields": {"vendor": 19, "pool": "1_SB", "piid": "GS00Q14OADS120"}, "pk": 19}, {"model": "vendor.poolpiid", "fields": {"vendor": 20, "pool": "1_SB", "piid": "GS00Q14OADS121"}, "pk": 20}, {"model": "vendor.poolpiid", "fields": {"vendor": 21, "pool": "1_SB", "piid": "GS00Q14OADS122"}, "pk": 21}, {"model": "vendor.poolpiid", "fields": {"vendor": 22, "pool": "1_SB", "piid": "GS00Q14OADS123"}, "pk": 22}, {"model": "vendor.poolpiid", "fields": {"vendor": 23, "pool": "1_SB", "piid": "GS00Q14OADS124"}, "pk": 23}, {"model": "vendor.poolpiid", "fields": {"vendor": 24, "pool": "1_SB", "piid": "GS00Q14OADS125"}, "pk": 24}, {"model": "vendor.poolpiid", "fields": {"vendor": 25, "pool": "1_SB", "piid": "GS00Q14OADS126"}, "pk": 25}, {"model": "vendor.poolpiid", "fields": {"vendor": 26, "pool": "1_SB", "piid": "GS00Q14OADS127"}, "pk": 26}, {"model": "vendor.poolpiid", "fields": {"vendor": 27, "pool": "1_SB", "piid": "GS00Q14OADS128"}, "pk": 27}, {"model": "vendor.poolpiid", "fields": {"vendor": 28, "pool": "1_SB", "piid": "GS00Q14OADS129"}, "pk": 28}, {"model": "vendor.poolpiid", "fields": {"vendor": 29, "pool": "1_SB", "piid": "GS00Q14OADS130"}, "pk": 29}, {"model": "vendor.poolpiid", "fields": {"vendor": 30, "pool": "1_SB", "piid": "GS00Q14OADS131"}, "pk": 30}, {"model": "vendor.poolpiid", "fields": {"vendor": 31, "pool": "1_SB", "piid": "GS00Q14OADS132"}, "pk": 31}, {"model": "vendor.poolpiid", "fields": {"vendor": 32, "pool": "1_SB", "piid": "GS00Q14OADS133"}, "pk": 32}, {"model": "vendor.poolpiid", "fields": {"vendor": 33, "pool": "1_SB", "piid": "GS00Q14OADS134"}, "pk": 33}, {"model": "vendor.poolpiid", "fields": {"vendor": 34, "pool": "1_SB", "piid": "GS00Q14OADS135"}, "pk": 34}, {"model": "vendor.poolpiid", "fields": {"vendor": 35, "pool": "1_SB", "piid": "GS00Q14OADS137"}, "pk": 35}, {"model": "vendor.poolpiid", "fields": {"vendor": 36, "pool": "1_SB", "piid": "GS00Q14OADS138"}, "pk": 36}, {"model": "vendor.poolpiid", "fields": {"vendor": 37, "pool": "1_SB", "piid": "GS00Q14OADS139"}, "pk": 37}, {"model": "vendor.poolpiid", "fields": {"vendor": 38, "pool": "1_SB", "piid": "GS00Q14OADS141"}, "pk": 38}, {"model": "vendor.poolpiid", "fields": {"vendor": 39, "pool": "1_SB", "piid": "GS00Q14OADS142"}, "pk": 39}, {"model": "vendor.poolpiid", "fields": {"vendor": 40, "pool": "1_SB", "piid": "GS00Q14OADS143"}, "pk": 40}, {"model": "vendor.poolpiid", "fields": {"vendor": 41, "pool": "2_SB", "piid": "GS00Q14OADS201"}, "pk": 41}, {"model": "vendor.poolpiid", "fields": {"vendor": 42, "pool": "2_SB", "piid": "GS00Q14OADS203"}, "pk": 42}, {"model": "vendor.poolpiid", "fields": {"vendor": 43, "pool": "2_SB", "piid": "GS00Q14OADS204"}, "pk": 43}, {"model": "vendor.poolpiid", "fields": {"vendor": 16, "pool": "2_SB", "piid": "GS00Q14OADS205"}, "pk": 44}, {"model": "vendor.poolpiid", "fields": {"vendor": 44, "pool": "2_SB", "piid": "GS00Q14OADS206"}, "pk": 45}, {"model": "vendor.poolpiid", "fields": {"vendor": 27, "pool": "2_SB", "piid": "GS00Q14OADS207"}, "pk": 46}, {"model": "vendor.poolpiid", "fields": {"vendor": 35, "pool": "2_SB", "piid": "GS00Q14OADS209"}, "pk": 47}, {"model": "vendor.poolpiid", "fields": {"vendor": 41, "pool": "3_SB", "piid": "GS00Q14OADS301"}, "pk": 48}, {"model": "vendor.poolpiid", "fields": {"vendor": 45, "pool": "3_SB", "piid": "GS00Q14OADS302"}, "pk": 49}, {"model": "vendor.poolpiid", "fields": {"vendor": 2, "pool": "3_SB", "piid": "GS00Q14OADS303"}, "pk": 50}, {"model": "vendor.poolpiid", "fields": {"vendor": 46, "pool": "3_SB", "piid": "GS00Q14OADS304"}, "pk": 51}, {"model": "vendor.poolpiid", "fields": {"vendor": 47, "pool": "3_SB", "piid": "GS00Q14OADS305"}, "pk": 52}, {"model": "vendor.poolpiid", "fields": {"vendor": 48, "pool": "3_SB", "piid": "GS00Q14OADS307"}, "pk": 53}, {"model": "vendor.poolpiid", "fields": {"vendor": 49, "pool": "3_SB", "piid": "GS00Q14OADS308"}, "pk": 54}, {"model": "vendor.poolpiid", "fields": {"vendor": 50, "pool": "3_SB", "piid": "GS00Q14OADS309"}, "pk": 55}, {"model": "vendor.poolpiid", "fields": {"vendor": 7, "pool": "3_SB", "piid": "GS00Q14OADS310"}, "pk": 56}, {"model": "vendor.poolpiid", "fields": {"vendor": 51, "pool": "3_SB", "piid": "GS00Q14OADS312"}, "pk": 57}, {"model": "vendor.poolpiid", "fields": {"vendor": 52, "pool": "3_SB", "piid": "GS00Q14OADS313"}, "pk": 58}, {"model": "vendor.poolpiid", "fields": {"vendor": 53, "pool": "3_SB", "piid": "GS00Q14OADS314"}, "pk": 59}, {"model": "vendor.poolpiid", "fields": {"vendor": 11, "pool": "3_SB", "piid": "GS00Q14OADS315"}, "pk": 60}, {"model": "vendor.poolpiid", "fields": {"vendor": 54, "pool": "3_SB", "piid": "GS00Q14OADS316"}, "pk": 61}, {"model": "vendor.poolpiid", "fields": {"vendor": 42, "pool": "3_SB", "piid": "GS00Q14OADS317"}, "pk": 62}, {"model": "vendor.poolpiid", "fields": {"vendor": 55, "pool": "3_SB", "piid": "GS00Q14OADS318"}, "pk": 63}, {"model": "vendor.poolpiid", "fields": {"vendor": 56, "pool": "3_SB", "piid": "GS00Q14OADS344"}, "pk": 64}, {"model": "vendor.poolpiid", "fields": {"vendor": 17, "pool": "3_SB", "piid": "GS00Q14OADS319"}, "pk": 65}, {"model": "vendor.poolpiid", "fields": {"vendor": 57, "pool": "3_SB", "piid": "GS00Q14OADS320"}, "pk": 66}, {"model": "vendor.poolpiid", "fields": {"vendor": 58, "pool": "3_SB", "piid": "GS00Q14OADS321"}, "pk": 67}, {"model": "vendor.poolpiid", "fields": {"vendor": 22, "pool": "3_SB", "piid": "GS00Q14OADS322"}, "pk": 68}, {"model": "vendor.poolpiid", "fields": {"vendor": 59, "pool": "3_SB", "piid": "GS00Q14OADS323"}, "pk": 69}, {"model": "vendor.poolpiid", "fields": {"vendor": 60, "pool": "3_SB", "piid": "GS00Q14OADS324"}, "pk": 70}, {"model": "vendor.poolpiid", "fields": {"vendor": 29, "pool": "3_SB", "piid": "GS00Q14OADS326"}, "pk": 71}, {"model": "vendor.poolpiid", "fields": {"vendor": 61, "pool": "3_SB", "piid": "GS00Q14OADS343"}, "pk": 72}, {"model": "vendor.poolpiid", "fields": {"vendor": 62, "pool": "3_SB", "piid": "GS00Q14OADS327"}, "pk": 73}, {"model": "vendor.poolpiid", "fields": {"vendor": 63, "pool": "3_SB", "piid": "GS00Q14OADS328"}, "pk": 74}, {"model": "vendor.poolpiid", "fields": {"vendor": 64, "pool": "3_SB", "piid": "GS00Q14OADS329"}, "pk": 75}, {"model": "vendor.poolpiid", "fields": {"vendor": 36, "pool": "3_SB", "piid": "GS00Q14OADS331"}, "pk": 76}, {"model": "vendor.poolpiid", "fields": {"vendor": 65, "pool": "3_SB", "piid": "GS00Q14OADS332"}, "pk": 77}, {"model": "vendor.poolpiid", "fields": {"vendor": 66, "pool": "3_SB", "piid": "GS00Q14OADS333"}, "pk": 78}, {"model": "vendor.poolpiid", "fields": {"vendor": 67, "pool": "3_SB", "piid": "GS00Q14OADS334"}, "pk": 79}, {"model": "vendor.poolpiid", "fields": {"vendor": 68, "pool": "3_SB", "piid": "GS00Q14OADS335"}, "pk": 80}, {"model": "vendor.poolpiid", "fields": {"vendor": 69, "pool": "3_SB", "piid": "GS00Q14OADS336"}, "pk": 81}, {"model": "vendor.poolpiid", "fields": {"vendor": 38, "pool": "3_SB", "piid": "GS00Q14OADS337"}, "pk": 82}, {"model": "vendor.poolpiid", "fields": {"vendor": 70, "pool": "3_SB", "piid": "GS00Q14OADS339"}, "pk": 83}, {"model": "vendor.poolpiid", "fields": {"vendor": 71, "pool": "3_SB", "piid": "GS00Q14OADS340"}, "pk": 84}, {"model": "vendor.poolpiid", "fields": {"vendor": 72, "pool": "3_SB", "piid": "GS00Q14OADS341"}, "pk": 85}, {"model": "vendor.poolpiid", "fields": {"vendor": 73, "pool": "3_SB", "piid": "GS00Q14OADS342"}, "pk": 86}, {"model": "vendor.poolpiid", "fields": {"vendor": 74, "pool": "4_SB", "piid": "GS00Q14OADS438"}, "pk": 87}, {"model": "vendor.poolpiid", "fields": {"vendor": 75, "pool": "4_SB", "piid": "GS00Q14OADS401"}, "pk": 88}, {"model": "vendor.poolpiid", "fields": {"vendor": 76, "pool": "4_SB", "piid": "GS00Q14OADS402"}, "pk": 89}, {"model": "vendor.poolpiid", "fields": {"vendor": 50, "pool": "4_SB", "piid": "GS00Q14OADS403"}, "pk": 90}, {"model": "vendor.poolpiid", "fields": {"vendor": 77, "pool": "4_SB", "piid": "GS00Q14OADS404"}, "pk": 91}, {"model": "vendor.poolpiid", "fields": {"vendor": 78, "pool": "4_SB", "piid": "GS00Q14OADS405"}, "pk": 92}, {"model": "vendor.poolpiid", "fields": {"vendor": 79, "pool": "4_SB", "piid": "GS00Q14OADS406"}, "pk": 93}, {"model": "vendor.poolpiid", "fields": {"vendor": 80, "pool": "4_SB", "piid": "GS00Q14OADS407"}, "pk": 94}, {"model": "vendor.poolpiid", "fields": {"vendor": 81, "pool": "4_SB", "piid": "GS00Q14OADS409"}, "pk": 95}, {"model": "vendor.poolpiid", "fields": {"vendor": 82, "pool": "4_SB", "piid": "GS00Q14OADS408"}, "pk": 96}, {"model": "vendor.poolpiid", "fields": {"vendor": 83, "pool": "4_SB", "piid": "GS00Q14OADS410"}, "pk": 97}, {"model": "vendor.poolpiid", "fields": {"vendor": 84, "pool": "4_SB", "piid": "GS00Q14OADS411"}, "pk": 98}, {"model": "vendor.poolpiid", "fields": {"vendor": 85, "pool": "4_SB", "piid": "GS00Q14OADS412"}, "pk": 99}, {"model": "vendor.poolpiid", "fields": {"vendor": 86, "pool": "4_SB", "piid": "GS00Q14OADS413"}, "pk": 100}, {"model": "vendor.poolpiid", "fields": {"vendor": 87, "pool": "4_SB", "piid": "GS00Q14OADS414"}, "pk": 101}, {"model": "vendor.poolpiid", "fields": {"vendor": 18, "pool": "4_SB", "piid": "GS00Q14OADS415"}, "pk": 102}, {"model": "vendor.poolpiid", "fields": {"vendor": 88, "pool": "4_SB", "piid": "GS00Q14OADS416"}, "pk": 103}, {"model": "vendor.poolpiid", "fields": {"vendor": 89, "pool": "4_SB", "piid": "GS00Q14OADS417"}, "pk": 104}, {"model": "vendor.poolpiid", "fields": {"vendor": 22, "pool": "4_SB", "piid": "GS00Q14OADS418"}, "pk": 105}, {"model": "vendor.poolpiid", "fields": {"vendor": 90, "pool": "4_SB", "piid": "GS00Q14OADS419"}, "pk": 106}, {"model": "vendor.poolpiid", "fields": {"vendor": 60, "pool": "4_SB", "piid": "GS00Q14OADS420"}, "pk": 107}, {"model": "vendor.poolpiid", "fields": {"vendor": 91, "pool": "4_SB", "piid": "GS00Q14OADS421"}, "pk": 108}, {"model": "vendor.poolpiid", "fields": {"vendor": 92, "pool": "4_SB", "piid": "GS00Q14OADS422"}, "pk": 109}, {"model": "vendor.poolpiid", "fields": {"vendor": 93, "pool": "4_SB", "piid": "GS00Q14OADS423"}, "pk": 110}, {"model": "vendor.poolpiid", "fields": {"vendor": 94, "pool": "4_SB", "piid": "GS00Q14OADS424"}, "pk": 111}, {"model": "vendor.poolpiid", "fields": {"vendor": 95, "pool": "4_SB", "piid": "GS00Q14OADS425"}, "pk": 112}, {"model": "vendor.poolpiid", "fields": {"vendor": 96, "pool": "4_SB", "piid": "GS00Q14OADS426"}, "pk": 113}, {"model": "vendor.poolpiid", "fields": {"vendor": 97, "pool": "4_SB", "piid": "GS00Q14OADS427"}, "pk": 114}, {"model": "vendor.poolpiid", "fields": {"vendor": 98, "pool": "4_SB", "piid": "GS00Q14OADS428"}, "pk": 115}, {"model": "vendor.poolpiid", "fields": {"vendor": 34, "pool": "4_SB", "piid": "GS00Q14OADS429"}, "pk": 116}, {"model": "vendor.poolpiid", "fields": {"vendor": 99, "pool": "4_SB", "piid": "GS00Q14OADS430"}, "pk": 117}, {"model": "vendor.poolpiid", "fields": {"vendor": 100, "pool": "4_SB", "piid": "GS00Q14OADS431"}, "pk": 118}, {"model": "vendor.poolpiid", "fields": {"vendor": 101, "pool": "4_SB", "piid": "GS00Q14OADS432"}, "pk": 119}, {"model": "vendor.poolpiid", "fields": {"vendor": 102, "pool": "4_SB", "piid": "GS00Q14OADS433"}, "pk": 120}, {"model": "vendor.poolpiid", "fields": {"vendor": 103, "pool": "4_SB", "piid": "GS00Q14OADS434"}, "pk": 121}, {"model": "vendor.poolpiid", "fields": {"vendor": 67, "pool": "4_SB", "piid": "GS00Q14OADS435"}, "pk": 122}, {"model": "vendor.poolpiid", "fields": {"vendor": 68, "pool": "4_SB", "piid": "GS00Q14OADS436"}, "pk": 123}, {"model": "vendor.poolpiid", "fields": {"vendor": 104, "pool": "4_SB", "piid": "GS00Q14OADS437"}, "pk": 124}, {"model": "vendor.poolpiid", "fields": {"vendor": 105, "pool": "4_SB", "piid": "GS00Q14OADS439"}, "pk": 125}, {"model": "vendor.poolpiid", "fields": {"vendor": 106, "pool": "4_SB", "piid": "GS00Q14OADS440"}, "pk": 126}, {"model": "vendor.poolpiid", "fields": {"vendor": 73, "pool": "4_SB", "piid": "GS00Q14OADS441"}, "pk": 127}, {"model": "vendor.poolpiid", "fields": {"vendor": 46, "pool": "5A_SB", "piid": "GS00Q14OADS501"}, "pk": 128}, {"model": "vendor.poolpiid", "fields": {"vendor": 107, "pool": "5A_SB", "piid": "GS00Q14OADS503"}, "pk": 129}, {"model": "vendor.poolpiid", "fields": {"vendor": 80, "pool": "5A_SB", "piid": "GS00Q14OADS504"}, "pk": 130}, {"model": "vendor.poolpiid", "fields": {"vendor": 85, "pool": "5A_SB", "piid": "GS00Q14OADS505"}, "pk": 131}, {"model": "vendor.poolpiid", "fields": {"vendor": 87, "pool": "5A_SB", "piid": "GS00Q14OADS506"}, "pk": 132}, {"model": "vendor.poolpiid", "fields": {"vendor": 89, "pool": "5A_SB", "piid": "GS00Q14OADS507"}, "pk": 133}, {"model": "vendor.poolpiid", "fields": {"vendor": 108, "pool": "5A_SB", "piid": "GS00Q14OADS508"}, "pk": 134}, {"model": "vendor.poolpiid", "fields": {"vendor": 109, "pool": "5A_SB", "piid": "GS00Q14OADS509"}, "pk": 135}, {"model": "vendor.poolpiid", "fields": {"vendor": 91, "pool": "5A_SB", "piid": "GS00Q14OADS510"}, "pk": 136}, {"model": "vendor.poolpiid", "fields": {"vendor": 110, "pool": "5A_SB", "piid": "GS00Q14OADS511"}, "pk": 137}, {"model": "vendor.poolpiid", "fields": {"vendor": 97, "pool": "5A_SB", "piid": "GS00Q14OADS512"}, "pk": 138}, {"model": "vendor.poolpiid", "fields": {"vendor": 34, "pool": "5A_SB", "piid": "GS00Q14OADS513"}, "pk": 139}, {"model": "vendor.poolpiid", "fields": {"vendor": 64, "pool": "5A_SB", "piid": "GS00Q14OADS514"}, "pk": 140}, {"model": "vendor.poolpiid", "fields": {"vendor": 99, "pool": "5A_SB", "piid": "GS00Q14OADS515"}, "pk": 141}, {"model": "vendor.poolpiid", "fields": {"vendor": 111, "pool": "5A_SB", "piid": "GS00Q14OADS516"}, "pk": 142}, {"model": "vendor.poolpiid", "fields": {"vendor": 101, "pool": "5A_SB", "piid": "GS00Q14OADS517"}, "pk": 143}, {"model": "vendor.poolpiid", "fields": {"vendor": 102, "pool": "5A_SB", "piid": "GS00Q14OADS518"}, "pk": 144}, {"model": "vendor.poolpiid", "fields": {"vendor": 104, "pool": "5A_SB", "piid": "GS00Q14OADS519"}, "pk": 145}, {"model": "vendor.poolpiid", "fields": {"vendor": 112, "pool": "5A_SB", "piid": "GS00Q14OADS520"}, "pk": 146}, {"model": "vendor.poolpiid", "fields": {"vendor": 105, "pool": "5A_SB", "piid": "GS00Q14OADS521"}, "pk": 147}, {"model": "vendor.poolpiid", "fields": {"vendor": 106, "pool": "5A_SB", "piid": "GS00Q14OADS522"}, "pk": 148}, {"model": "vendor.poolpiid", "fields": {"vendor": 113, "pool": "5B_SB", "piid": "GS00Q14OADS601"}, "pk": 149}, {"model": "vendor.poolpiid", "fields": {"vendor": 78, "pool": "5B_SB", "piid": "GS00Q14OADS603"}, "pk": 150}, {"model": "vendor.poolpiid", "fields": {"vendor": 107, "pool": "5B_SB", "piid": "GS00Q14OADS604"}, "pk": 151}, {"model": "vendor.poolpiid", "fields": {"vendor": 87, "pool": "5B_SB", "piid": "GS00Q14OADS605"}, "pk": 152}, {"model": "vendor.poolpiid", "fields": {"vendor": 108, "pool": "5B_SB", "piid": "GS00Q14OADS606"}, "pk": 153}, {"model": "vendor.poolpiid", "fields": {"vendor": 90, "pool": "5B_SB", "piid": "GS00Q14OADS607"}, "pk": 154}, {"model": "vendor.poolpiid", "fields": {"vendor": 109, "pool": "5B_SB", "piid": "GS00Q14OADS608"}, "pk": 155}, {"model": "vendor.poolpiid", "fields": {"vendor": 94, "pool": "5B_SB", "piid": "GS00Q14OADS609"}, "pk": 156}, {"model": "vendor.poolpiid", "fields": {"vendor": 110, "pool": "5B_SB", "piid": "GS00Q14OADS610"}, "pk": 157}, {"model": "vendor.poolpiid", "fields": {"vendor": 96, "pool": "5B_SB", "piid": "GS00Q14OADS611"}, "pk": 158}, {"model": "vendor.poolpiid", "fields": {"vendor": 97, "pool": "5B_SB", "piid": "GS00Q14OADS612"}, "pk": 159}, {"model": "vendor.poolpiid", "fields": {"vendor": 34, "pool": "5B_SB", "piid": "GS00Q14OADS613"}, "pk": 160}, {"model": "vendor.poolpiid", "fields": {"vendor": 99, "pool": "5B_SB", "piid": "GS00Q14OADS614"}, "pk": 161}, {"model": "vendor.poolpiid", "fields": {"vendor": 114, "pool": "5B_SB", "piid": "GS00Q14OADS615"}, "pk": 162}, {"model": "vendor.poolpiid", "fields": {"vendor": 111, "pool": "5B_SB", "piid": "GS00Q14OADS616"}, "pk": 163}, {"model": "vendor.poolpiid", "fields": {"vendor": 101, "pool": "5B_SB", "piid": "GS00Q14OADS617"}, "pk": 164}, {"model": "vendor.poolpiid", "fields": {"vendor": 102, "pool": "5B_SB", "piid": "GS00Q14OADS618"}, "pk": 165}, {"model": "vendor.poolpiid", "fields": {"vendor": 112, "pool": "5B_SB", "piid": "GS00Q14OADS619"}, "pk": 166}, {"model": "vendor.poolpiid", "fields": {"vendor": 74, "pool": "5B_SB", "piid": "GS00Q14OADS620"}, "pk": 167}, {"model": "vendor.poolpiid", "fields": {"vendor": 105, "pool": "5B_SB", "piid": "GS00Q14OADS621"}, "pk": 168}, {"model": "vendor.poolpiid", "fields": {"vendor": 106, "pool": "5B_SB", "piid": "GS00Q14OADS622"}, "pk": 169}, {"model": "vendor.poolpiid", "fields": {"vendor": 115, "pool": "5B_SB", "piid": "GS00Q14OADS623"}, "pk": 170}, {"model": "vendor.poolpiid", "fields": {"vendor": 74, "pool": "6_SB", "piid": "GS00Q14OADS736"}, "pk": 171}, {"model": "vendor.poolpiid", "fields": {"vendor": 113, "pool": "6_SB", "piid": "GS00Q14OADS701"}, "pk": 172}, {"model": "vendor.poolpiid", "fields": {"vendor": 116, "pool": "6_SB", "piid": "GS00Q14OADS702"}, "pk": 173}, {"model": "vendor.poolpiid", "fields": {"vendor": 50, "pool": "6_SB", "piid": "GS00Q14OADS703"}, "pk": 174}, {"model": "vendor.poolpiid", "fields": {"vendor": 78, "pool": "6_SB", "piid": "GS00Q14OADS704"}, "pk": 175}, {"model": "vendor.poolpiid", "fields": {"vendor": 107, "pool": "6_SB", "piid": "GS00Q14OADS705"}, "pk": 176}, {"model": "vendor.poolpiid", "fields": {"vendor": 117, "pool": "6_SB", "piid": "GS00Q14OADS706"}, "pk": 177}, {"model": "vendor.poolpiid", "fields": {"vendor": 79, "pool": "6_SB", "piid": "GS00Q14OADS707"}, "pk": 178}, {"model": "vendor.poolpiid", "fields": {"vendor": 118, "pool": "6_SB", "piid": "GS00Q14OADS708"}, "pk": 179}, {"model": "vendor.poolpiid", "fields": {"vendor": 80, "pool": "6_SB", "piid": "GS00Q14OADS709"}, "pk": 180}, {"model": "vendor.poolpiid", "fields": {"vendor": 119, "pool": "6_SB", "piid": "GS00Q14OADS710"}, "pk": 181}, {"model": "vendor.poolpiid", "fields": {"vendor": 120, "pool": "6_SB", "piid": "GS00Q14OADS741"}, "pk": 182}, {"model": "vendor.poolpiid", "fields": {"vendor": 85, "pool": "6_SB", "piid": "GS00Q14OADS711"}, "pk": 183}, {"model": "vendor.poolpiid", "fields": {"vendor": 87, "pool": "6_SB", "piid": "GS00Q14OADS712"}, "pk": 184}, {"model": "vendor.poolpiid", "fields": {"vendor": 121, "pool": "6_SB", "piid": "GS00Q14OADS713"}, "pk": 185}, {"model": "vendor.poolpiid", "fields": {"vendor": 122, "pool": "6_SB", "piid": "GS00Q14OADS714"}, "pk": 186}, {"model": "vendor.poolpiid", "fields": {"vendor": 89, "pool": "6_SB", "piid": "GS00Q14OADS715"}, "pk": 187}, {"model": "vendor.poolpiid", "fields": {"vendor": 108, "pool": "6_SB", "piid": "GS00Q14OADS716"}, "pk": 188}, {"model": "vendor.poolpiid", "fields": {"vendor": 90, "pool": "6_SB", "piid": "GS00Q14OADS717"}, "pk": 189}, {"model": "vendor.poolpiid", "fields": {"vendor": 109, "pool": "6_SB", "piid": "GS00Q14OADS718"}, "pk": 190}, {"model": "vendor.poolpiid", "fields": {"vendor": 91, "pool": "6_SB", "piid": "GS00Q14OADS719"}, "pk": 191}, {"model": "vendor.poolpiid", "fields": {"vendor": 94, "pool": "6_SB", "piid": "GS00Q14OADS720"}, "pk": 192}, {"model": "vendor.poolpiid", "fields": {"vendor": 110, "pool": "6_SB", "piid": "GS00Q14OADS721"}, "pk": 193}, {"model": "vendor.poolpiid", "fields": {"vendor": 95, "pool": "6_SB", "piid": "GS00Q14OADS722"}, "pk": 194}, {"model": "vendor.poolpiid", "fields": {"vendor": 96, "pool": "6_SB", "piid": "GS00Q14OADS723"}, "pk": 195}, {"model": "vendor.poolpiid", "fields": {"vendor": 97, "pool": "6_SB", "piid": "GS00Q14OADS724"}, "pk": 196}, {"model": "vendor.poolpiid", "fields": {"vendor": 63, "pool": "6_SB", "piid": "GS00Q14OADS725"}, "pk": 197}, {"model": "vendor.poolpiid", "fields": {"vendor": 34, "pool": "6_SB", "piid": "GS00Q14OADS726"}, "pk": 198}, {"model": "vendor.poolpiid", "fields": {"vendor": 99, "pool": "6_SB", "piid": "GS00Q14OADS727"}, "pk": 199}, {"model": "vendor.poolpiid", "fields": {"vendor": 123, "pool": "6_SB", "piid": "GS00Q14OADS728"}, "pk": 200}, {"model": "vendor.poolpiid", "fields": {"vendor": 111, "pool": "6_SB", "piid": "GS00Q14OADS729"}, "pk": 201}, {"model": "vendor.poolpiid", "fields": {"vendor": 101, "pool": "6_SB", "piid": "GS00Q14OADS730"}, "pk": 202}, {"model": "vendor.poolpiid", "fields": {"vendor": 102, "pool": "6_SB", "piid": "GS00Q14OADS731"}, "pk": 203}, {"model": "vendor.poolpiid", "fields": {"vendor": 68, "pool": "6_SB", "piid": "GS00Q14OADS732"}, "pk": 204}, {"model": "vendor.poolpiid", "fields": {"vendor": 69, "pool": "6_SB", "piid": "GS00Q14OADS733"}, "pk": 205}, {"model": "vendor.poolpiid", "fields": {"vendor": 104, "pool": "6_SB", "piid": "GS00Q14OADS734"}, "pk": 206}, {"model": "vendor.poolpiid", "fields": {"vendor": 112, "pool": "6_SB", "piid": "GS00Q14OADS735"}, "pk": 207}, {"model": "vendor.poolpiid", "fields": {"vendor": 105, "pool": "6_SB", "piid": "GS00Q14OADS737"}, "pk": 208}, {"model": "vendor.poolpiid", "fields": {"vendor": 106, "pool": "6_SB", "piid": "GS00Q14OADS738"}, "pk": 209}, {"model": "vendor.poolpiid", "fields": {"vendor": 124, "pool": "6_SB", "piid": "GS00Q14OADS739"}, "pk": 210}, {"model": "vendor.poolpiid", "fields": {"vendor": 125, "pool": "6_SB", "piid": "GS00Q14OADS740"}, "pk": 211}, {"model": "vendor.setaside", "fields": {"code": "A5", "description": "Veteran Owned Business", "short_name": "Vet"}, "pk": 1}, {"model": "vendor.setaside", "fields": {"code": "QF", "description": "Service Disabled Veteran Owned Business", "short_name": "Disabled Vet Owned"}, "pk": 2}, {"model": "vendor.setaside", "fields": {"code": "A2", "description": "Woman Owned Business", "short_name": "Woman Owned"}, "pk": 3}, {"model": "vendor.setaside", "fields": {"code": "23", "description": "Minority Owned Business", "short_name": "Minority"}, "pk": 4}, {"model": "vendor.setaside", "fields": {"code": "FR", "description": "Asian-Pacific American Owned", "short_name": "Asian"}, "pk": 5}, {"model": "vendor.setaside", "fields": {"code": "QZ", "description": "Subcontinent Asian (Asian-Indian) American Owned", "short_name": "AsiaAmerican"}, "pk": 6}, {"model": "vendor.setaside", "fields": {"code": "OY", "description": "Black American Owned", "short_name": "Black"}, "pk": 7}, {"model": "vendor.setaside", "fields": {"code": "PI", "description": "Hispanic American Owned", "short_name": "Hispanic"}, "pk": 8}, {"model": "vendor.setaside", "fields": {"code": "NB", "description": "Native American Owned", "short_name": "NativeAmerican"}, "pk": 9}, {"model": "vendor.setaside", "fields": {"code": "8W", "description": "Woman Owned Small Business", "short_name": "WomanSmall"}, "pk": 10}, {"model": "vendor.setaside", "fields": {"code": "27", "description": "Self Certified Small Disadvantaged Business", "short_name": "Small Disadvantaged Business"}, "pk": 11}, {"model": "vendor.setaside", "fields": {"code": "8E", "description": "Economically Disadvantaged Woman Owned Small Business", "short_name": "WomanSmallDisadvantaged"}, "pk": 12}, {"model": "vendor.setaside", "fields": {"code": "8C", "description": "Joint Venture Woman Owned Small Business", "short_name": "JointWoman"}, "pk": 13}, {"model": "vendor.setaside", "fields": {"code": "8D", "description": "Joint Venture Economically Disadvantaged Woman Owned Small Business", "short_name": "WomanSmallDisadvantagedJoint"}, "pk": 14}, {"model": "vendor.setaside", "fields": {"code": "A4", "description": "SBA Certified Small Disadvantaged Business", "short_name": "Small Disadvantaged Business"}, "pk": 15}, {"model": "vendor.setaside", "fields": {"code": "A6", "description": "SBA Certified 8A Program Participant ", "short_name": "8A"}, "pk": 16}, {"model": "vendor.setaside", "fields": {"code": "JT", "description": "SBA Certified 8A Joint Venture", "short_name": "8A Joint"}, "pk": 17}, {"model": "vendor.setaside", "fields": {"code": "XX", "description": "SBA Certified Hub Zone Firm", "short_name": "HUBZone"}, "pk": 18}, {"model": "vendor.setaside", "fields": {"code": "21", "description": "Small Business", "short_name": "Small Business"}, "pk": 19}, {"model": "vendor.naics", "fields": {"code": "541330", "short_code": "541330", "description": "Engineering Services"}, "pk": 1}, {"model": "vendor.naics", "fields": {"code": "541360", "short_code": "541360", "description": "Geophysical Surveying and Mapping Services"}, "pk": 2}, {"model": "vendor.naics", "fields": {"code": "541370", "short_code": "541370", "description": "Surveying and Mapping (except Geophysical) Services"}, "pk": 3}, {"model": "vendor.naics", "fields": {"code": "541380", "short_code": "541380", "description": "Testing Laboratories"}, "pk": 4}, {"model": "vendor.naics", "fields": {"code": "541611", "short_code": "541611", "description": "Administrative Management and General Management Consulting Services"}, "pk": 5}, {"model": "vendor.naics", "fields": {"code": "541612", "short_code": "541612", "description": "Human Resources Consulting Services"}, "pk": 6}, {"model": "vendor.naics", "fields": {"code": "541613", "short_code": "541613", "description": "Marketing Consulting Services"}, "pk": 7}, {"model": "vendor.naics", "fields": {"code": "541614", "short_code": "541614", "description": "Process, Physical Distribution, and Logistics Consulting Services"}, "pk": 8}, {"model": "vendor.naics", "fields": {"code": "541618", "short_code": "541618", "description": "Other Management Consulting Services"}, "pk": 9}, {"model": "vendor.naics", "fields": {"code": "541620", "short_code": "541620", "description": "Environmental Consulting Services"}, "pk": 10}, {"model": "vendor.naics", "fields": {"code": "541690", "short_code": "541690", "description": "Other Scientific and Technical Consulting Services"}, "pk": 11}, {"model": "vendor.naics", "fields": {"code": "541810", "short_code": "541810", "description": "Advertising Agencies"}, "pk": 12}, {"model": "vendor.naics", "fields": {"code": "541820", "short_code": "541820", "description": "Public Relations Agencies"}, "pk": 13}, {"model": "vendor.naics", "fields": {"code": "541830", "short_code": "541830", "description": "Media Buying Agencies"}, "pk": 14}, {"model": "vendor.naics", "fields": {"code": "541840", "short_code": "541840", "description": "Media Representatives"}, "pk": 15}, {"model": "vendor.naics", "fields": {"code": "541850", "short_code": "541850", "description": "Outdoor Advertising"}, "pk": 16}, {"model": "vendor.naics", "fields": {"code": "541860", "short_code": "541860", "description": "Direct Mail Advertising"}, "pk": 17}, {"model": "vendor.naics", "fields": {"code": "541870", "short_code": "541870", "description": "Advertising Material Distribution Services"}, "pk": 18}, {"model": "vendor.naics", "fields": {"code": "541890", "short_code": "541890", "description": "Other Services Related to Advertising"}, "pk": 19}, {"model": "vendor.naics", "fields": {"code": "541910", "short_code": "541910", "description": "Marketing Research and Public Opinion Polling"}, "pk": 20}, {"model": "vendor.naics", "fields": {"code": "541990", "short_code": "541990", "description": "All Other Professional, Scientific, and Technical Services"}, "pk": 21}, {"model": "vendor.naics", "fields": {"code": "541211", "short_code": "541211", "description": "Offices of Certified Public Accountants"}, "pk": 22}, {"model": "vendor.naics", "fields": {"code": "541213", "short_code": "541213", "description": "Tax Preparation Services"}, "pk": 23}, {"model": "vendor.naics", "fields": {"code": "541214", "short_code": "541214", "description": "Payroll Services"}, "pk": 24}, {"model": "vendor.naics", "fields": {"code": "541219", "short_code": "541219", "description": "Other Accounting Services"}, "pk": 25}, {"model": "vendor.naics", "fields": {"code": "541720", "short_code": "541720", "description": "Research and Development in the Social Sciences and Humanities"}, "pk": 26}, {"model": "vendor.naics", "fields": {"code": "541330", "short_code": "541330A", "description": "Engineering for Military and Aerospace Equipment and Military Weapons"}, "pk": 27}, {"model": "vendor.naics", "fields": {"code": "541330", "short_code": "541330B", "description": "Engineering for Contracts and Subcontracts for Engineering Services Awarded Under the National Energy Policy Act of 1992"}, "pk": 28}, {"model": "vendor.naics", "fields": {"code": "541330", "short_code": "541330C", "description": "Engineering for Marine Engineering and Naval Architecture"}, "pk": 29}, {"model": "vendor.naics", "fields": {"code": "541711", "short_code": "541711", "description": "Research and Development in Biotechnology\r\n"}, "pk": 30}, {"model": "vendor.naics", "fields": {"code": "541712", "short_code": "541712", "description": "Research and Development in the Physical, Engineering, and Life Sciences (except Biotechnology)"}, "pk": 31}, {"model": "vendor.naics", "fields": {"code": "541712", "short_code": "541712B", "description": "Research and Development in Aircraft Parts, and Auxiliary Equipment, and Aircraft Engine Parts"}, "pk": 32}, {"model": "vendor.naics", "fields": {"code": "541712", "short_code": "541712C", "description": "Research and Development in Space Vehicles and Guided Missiles, their Propulsion Units, and their Auxiliary Equipment Parts"}, "pk": 33}, {"model": "vendor.naics", "fields": {"code": "541712", "short_code": "541712A", "description": "Research and Development in Aircraft"}, "pk": 34}, {"model": "vendor.samload", "fields": {"sam_load": "2014-08-27T20:40:30.304Z"}, "pk": 1}, {"model": "vendor.samload", "fields": {"sam_load": "2014-09-02T21:10:28.764Z"}, "pk": 2}, {"model": "vendor.samload", "fields": {"sam_load": "2014-09-03T14:29:28.921Z"}, "pk": 3}, {"model": "vendor.samload", "fields": {"sam_load": "2014-09-03T14:42:06.279Z"}, "pk": 4}, {"model": "vendor.samload", "fields": {"sam_load": "2014-09-03T15:14:44.585Z"}, "pk": 5}, {"model": "vendor.samload", "fields": {"sam_load": "2014-09-03T15:22:58.385Z"}, "pk": 6}, {"model": "vendor.samload", "fields": {"sam_load": "2014-09-03T16:14:51.760Z"}, "pk": 7}, {"model": "vendor.samload", "fields": {"sam_load": "2014-09-03T16:57:14.674Z"}, "pk": 8}]